year,start_date,end_date,grid_x,grid_y,sample_step_minutes,x_index,y_index,x_ft,y_ft,summer_sun_hours,avg_summer_day_sun_hours
2026,2026-05-25,2026-09-07,60,108,15,0,0,-7.375,-13.375,0.00,0.000
2026,2026-05-25,2026-09-07,60,108,15,1,0,-7.125,-13.375,0.00,0.000
2026,2026-05-25,2026-09-07,60,108,15,2,0,-6.875,-13.375,0.00,0.000
2026,2026-05-25,2026-09-07,60,108,15,3,0,-6.625,-13.375,0.00,0.000
2026,2026-05-25,2026-09-07,60,108,15,4,0,-6.375,-13.375,0.00,0.000
2026,2026-05-25,2026-09-07,60,108,15,5,0,-6.125,-13.375,0.00,0.000
2026,2026-05-25,2026-09-07,60,108,15,6,0,-5.875,-13.375,0.00,0.000
2026,2026-05-25,2026-09-07,60,108,15,7,0,-5.625,-13.375,0.00,0.000
2026,2026-05-25,2026-09-07,60,108,15,8,0,-5.375,-13.375,0.00,0.000
2026,2026-05-25,2026-09-07,60,108,15,9,0,-5.125,-13.375,0.00,0.000
2026,2026-05-25,2026-09-07,60,108,15,10,0,-4.875,-13.375,0.00,0.000
2026,2026-05-25,2026-09-07,60,108,15,11,0,-4.625,-13.375,0.00,0.000
2026,2026-05-25,2026-09-07,60,108,15,12,0,-4.375,-13.375,0.00,0.000
2026,2026-05-25,2026-09-07,60,108,15,13,0,-4.125,-13.375,0.00,0.000
2026,2026-05-25,2026-09-07,60,108,15,14,0,-3.875,-13.375,0.00,0.000
2026,2026-05-25,2026-09-07,60,108,15,15,0,-3.625,-13.375,0.00,0.000
2026,2026-05-25,2026-09-07,60,108,15,16,0,-3.375,-13.375,0.00,0.000
2026,2026-05-25,2026-09-07,60,108,15,17,0,-3.125,-13.375,0.00,0.000
2026,2026-05-25,2026-09-07,60,108,15,18,0,-2.875,-13.375,0.00,0.000
2026,2026-05-25,2026-09-07,60,108,15,19,0,-2.625,-13.375,0.00,0.000
2026,2026-05-25,2026-09-07,60,108,15,20,0,-2.375,-13.375,0.00,0.000
2026,2026-05-25,2026-09-07,60,108,15,21,0,-2.125,-13.375,0.00,0.000
2026,2026-05-25,2026-09-07,60,108,15,22,0,-1.875,-13.375,0.00,0.000
2026,2026-05-25,2026-09-07,60,108,15,23,0,-1.625,-13.375,0.00,0.000
2026,2026-05-25,2026-09-07,60,108,15,24,0,-1.375,-13.375,0.00,0.000
2026,2026-05-25,2026-09-07,60,108,15,25,0,-1.125,-13.375,0.00,0.000
2026,2026-05-25,2026-09-07,60,108,15,26,0,-0.875,-13.375,0.00,0.000
2026,2026-05-25,2026-09-07,60,108,15,27,0,-0.625,-13.375,0.00,0.000
2026,2026-05-25,2026-09-07,60,108,15,28,0,-0.375,-13.375,0.00,0.000
2026,2026-05-25,2026-09-07,60,108,15,29,0,-0.125,-13.375,0.00,0.000
2026,2026-05-25,2026-09-07,60,108,15,30,0,0.125,-13.375,0.00,0.000
2026,2026-05-25,2026-09-07,60,108,15,31,0,0.375,-13.375,0.00,0.000
2026,2026-05-25,2026-09-07,60,108,15,32,0,0.625,-13.375,0.00,0.000
2026,2026-05-25,2026-09-07,60,108,15,33,0,0.875,-13.375,0.00,0.000
2026,2026-05-25,2026-09-07,60,108,15,34,0,1.125,-13.375,0.00,0.000
2026,2026-05-25,2026-09-07,60,108,15,35,0,1.375,-13.375,0.00,0.000
2026,2026-05-25,2026-09-07,60,108,15,36,0,1.625,-13.375,0.00,0.000
2026,2026-05-25,2026-09-07,60,108,15,37,0,1.875,-13.375,0.00,0.000
2026,2026-05-25,2026-09-07,60,108,15,38,0,2.125,-13.375,0.00,0.000
2026,2026-05-25,2026-09-07,60,108,15,39,0,2.375,-13.375,0.00,0.000
2026,2026-05-25,2026-09-07,60,108,15,40,0,2.625,-13.375,0.00,0.000
2026,2026-05-25,2026-09-07,60,108,15,41,0,2.875,-13.375,0.00,0.000
2026,2026-05-25,2026-09-07,60,108,15,42,0,3.125,-13.375,0.00,0.000
2026,2026-05-25,2026-09-07,60,108,15,43,0,3.375,-13.375,0.00,0.000
2026,2026-05-25,2026-09-07,60,108,15,44,0,3.625,-13.375,0.00,0.000
2026,2026-05-25,2026-09-07,60,108,15,45,0,3.875,-13.375,0.00,0.000
2026,2026-05-25,2026-09-07,60,108,15,46,0,4.125,-13.375,0.00,0.000
2026,2026-05-25,2026-09-07,60,108,15,47,0,4.375,-13.375,0.00,0.000
2026,2026-05-25,2026-09-07,60,108,15,48,0,4.625,-13.375,0.00,0.000
2026,2026-05-25,2026-09-07,60,108,15,49,0,4.875,-13.375,0.00,0.000
2026,2026-05-25,2026-09-07,60,108,15,50,0,5.125,-13.375,0.00,0.000
2026,2026-05-25,2026-09-07,60,108,15,51,0,5.375,-13.375,0.00,0.000
2026,2026-05-25,2026-09-07,60,108,15,52,0,5.625,-13.375,0.00,0.000
2026,2026-05-25,2026-09-07,60,108,15,53,0,5.875,-13.375,0.00,0.000
2026,2026-05-25,2026-09-07,60,108,15,54,0,6.125,-13.375,0.00,0.000
2026,2026-05-25,2026-09-07,60,108,15,55,0,6.375,-13.375,0.00,0.000
2026,2026-05-25,2026-09-07,60,108,15,56,0,6.625,-13.375,0.00,0.000
2026,2026-05-25,2026-09-07,60,108,15,57,0,6.875,-13.375,0.00,0.000
2026,2026-05-25,2026-09-07,60,108,15,58,0,7.125,-13.375,0.00,0.000
2026,2026-05-25,2026-09-07,60,108,15,59,0,7.375,-13.375,0.00,0.000
2026,2026-05-25,2026-09-07,60,108,15,0,1,-7.375,-13.125,0.00,0.000
2026,2026-05-25,2026-09-07,60,108,15,1,1,-7.125,-13.125,0.00,0.000
2026,2026-05-25,2026-09-07,60,108,15,2,1,-6.875,-13.125,0.00,0.000
2026,2026-05-25,2026-09-07,60,108,15,3,1,-6.625,-13.125,0.00,0.000
2026,2026-05-25,2026-09-07,60,108,15,4,1,-6.375,-13.125,0.00,0.000
2026,2026-05-25,2026-09-07,60,108,15,5,1,-6.125,-13.125,0.00,0.000
2026,2026-05-25,2026-09-07,60,108,15,6,1,-5.875,-13.125,0.00,0.000
2026,2026-05-25,2026-09-07,60,108,15,7,1,-5.625,-13.125,0.00,0.000
2026,2026-05-25,2026-09-07,60,108,15,8,1,-5.375,-13.125,0.00,0.000
2026,2026-05-25,2026-09-07,60,108,15,9,1,-5.125,-13.125,0.00,0.000
2026,2026-05-25,2026-09-07,60,108,15,10,1,-4.875,-13.125,0.00,0.000
2026,2026-05-25,2026-09-07,60,108,15,11,1,-4.625,-13.125,0.00,0.000
2026,2026-05-25,2026-09-07,60,108,15,12,1,-4.375,-13.125,0.00,0.000
2026,2026-05-25,2026-09-07,60,108,15,13,1,-4.125,-13.125,0.00,0.000
2026,2026-05-25,2026-09-07,60,108,15,14,1,-3.875,-13.125,0.00,0.000
2026,2026-05-25,2026-09-07,60,108,15,15,1,-3.625,-13.125,0.00,0.000
2026,2026-05-25,2026-09-07,60,108,15,16,1,-3.375,-13.125,0.00,0.000
2026,2026-05-25,2026-09-07,60,108,15,17,1,-3.125,-13.125,0.00,0.000
2026,2026-05-25,2026-09-07,60,108,15,18,1,-2.875,-13.125,0.00,0.000
2026,2026-05-25,2026-09-07,60,108,15,19,1,-2.625,-13.125,0.00,0.000
2026,2026-05-25,2026-09-07,60,108,15,20,1,-2.375,-13.125,0.00,0.000
2026,2026-05-25,2026-09-07,60,108,15,21,1,-2.125,-13.125,0.00,0.000
2026,2026-05-25,2026-09-07,60,108,15,22,1,-1.875,-13.125,0.00,0.000
2026,2026-05-25,2026-09-07,60,108,15,23,1,-1.625,-13.125,0.00,0.000
2026,2026-05-25,2026-09-07,60,108,15,24,1,-1.375,-13.125,0.00,0.000
2026,2026-05-25,2026-09-07,60,108,15,25,1,-1.125,-13.125,0.00,0.000
2026,2026-05-25,2026-09-07,60,108,15,26,1,-0.875,-13.125,0.00,0.000
2026,2026-05-25,2026-09-07,60,108,15,27,1,-0.625,-13.125,0.00,0.000
2026,2026-05-25,2026-09-07,60,108,15,28,1,-0.375,-13.125,0.00,0.000
2026,2026-05-25,2026-09-07,60,108,15,29,1,-0.125,-13.125,0.00,0.000
2026,2026-05-25,2026-09-07,60,108,15,30,1,0.125,-13.125,0.00,0.000
2026,2026-05-25,2026-09-07,60,108,15,31,1,0.375,-13.125,0.00,0.000
2026,2026-05-25,2026-09-07,60,108,15,32,1,0.625,-13.125,0.00,0.000
2026,2026-05-25,2026-09-07,60,108,15,33,1,0.875,-13.125,0.00,0.000
2026,2026-05-25,2026-09-07,60,108,15,34,1,1.125,-13.125,0.00,0.000
2026,2026-05-25,2026-09-07,60,108,15,35,1,1.375,-13.125,0.00,0.000
2026,2026-05-25,2026-09-07,60,108,15,36,1,1.625,-13.125,0.00,0.000
2026,2026-05-25,2026-09-07,60,108,15,37,1,1.875,-13.125,0.00,0.000
2026,2026-05-25,2026-09-07,60,108,15,38,1,2.125,-13.125,0.00,0.000
2026,2026-05-25,2026-09-07,60,108,15,39,1,2.375,-13.125,0.00,0.000
2026,2026-05-25,2026-09-07,60,108,15,40,1,2.625,-13.125,0.00,0.000
2026,2026-05-25,2026-09-07,60,108,15,41,1,2.875,-13.125,0.00,0.000
2026,2026-05-25,2026-09-07,60,108,15,42,1,3.125,-13.125,0.00,0.000
2026,2026-05-25,2026-09-07,60,108,15,43,1,3.375,-13.125,0.00,0.000
2026,2026-05-25,2026-09-07,60,108,15,44,1,3.625,-13.125,0.00,0.000
2026,2026-05-25,2026-09-07,60,108,15,45,1,3.875,-13.125,0.00,0.000
2026,2026-05-25,2026-09-07,60,108,15,46,1,4.125,-13.125,0.00,0.000
2026,2026-05-25,2026-09-07,60,108,15,47,1,4.375,-13.125,0.00,0.000
2026,2026-05-25,2026-09-07,60,108,15,48,1,4.625,-13.125,0.00,0.000
2026,2026-05-25,2026-09-07,60,108,15,49,1,4.875,-13.125,0.00,0.000
2026,2026-05-25,2026-09-07,60,108,15,50,1,5.125,-13.125,0.00,0.000
2026,2026-05-25,2026-09-07,60,108,15,51,1,5.375,-13.125,0.00,0.000
2026,2026-05-25,2026-09-07,60,108,15,52,1,5.625,-13.125,0.00,0.000
2026,2026-05-25,2026-09-07,60,108,15,53,1,5.875,-13.125,0.00,0.000
2026,2026-05-25,2026-09-07,60,108,15,54,1,6.125,-13.125,0.00,0.000
2026,2026-05-25,2026-09-07,60,108,15,55,1,6.375,-13.125,0.00,0.000
2026,2026-05-25,2026-09-07,60,108,15,56,1,6.625,-13.125,0.00,0.000
2026,2026-05-25,2026-09-07,60,108,15,57,1,6.875,-13.125,0.00,0.000
2026,2026-05-25,2026-09-07,60,108,15,58,1,7.125,-13.125,0.00,0.000
2026,2026-05-25,2026-09-07,60,108,15,59,1,7.375,-13.125,0.00,0.000
2026,2026-05-25,2026-09-07,60,108,15,0,2,-7.375,-12.875,0.00,0.000
2026,2026-05-25,2026-09-07,60,108,15,1,2,-7.125,-12.875,0.00,0.000
2026,2026-05-25,2026-09-07,60,108,15,2,2,-6.875,-12.875,0.00,0.000
2026,2026-05-25,2026-09-07,60,108,15,3,2,-6.625,-12.875,0.00,0.000
2026,2026-05-25,2026-09-07,60,108,15,4,2,-6.375,-12.875,0.00,0.000
2026,2026-05-25,2026-09-07,60,108,15,5,2,-6.125,-12.875,0.00,0.000
2026,2026-05-25,2026-09-07,60,108,15,6,2,-5.875,-12.875,0.00,0.000
2026,2026-05-25,2026-09-07,60,108,15,7,2,-5.625,-12.875,0.00,0.000
2026,2026-05-25,2026-09-07,60,108,15,8,2,-5.375,-12.875,0.00,0.000
2026,2026-05-25,2026-09-07,60,108,15,9,2,-5.125,-12.875,0.00,0.000
2026,2026-05-25,2026-09-07,60,108,15,10,2,-4.875,-12.875,0.00,0.000
2026,2026-05-25,2026-09-07,60,108,15,11,2,-4.625,-12.875,0.00,0.000
2026,2026-05-25,2026-09-07,60,108,15,12,2,-4.375,-12.875,0.00,0.000
2026,2026-05-25,2026-09-07,60,108,15,13,2,-4.125,-12.875,0.00,0.000
2026,2026-05-25,2026-09-07,60,108,15,14,2,-3.875,-12.875,0.00,0.000
2026,2026-05-25,2026-09-07,60,108,15,15,2,-3.625,-12.875,0.00,0.000
2026,2026-05-25,2026-09-07,60,108,15,16,2,-3.375,-12.875,0.00,0.000
2026,2026-05-25,2026-09-07,60,108,15,17,2,-3.125,-12.875,0.00,0.000
2026,2026-05-25,2026-09-07,60,108,15,18,2,-2.875,-12.875,0.00,0.000
2026,2026-05-25,2026-09-07,60,108,15,19,2,-2.625,-12.875,0.00,0.000
2026,2026-05-25,2026-09-07,60,108,15,20,2,-2.375,-12.875,0.00,0.000
2026,2026-05-25,2026-09-07,60,108,15,21,2,-2.125,-12.875,0.00,0.000
2026,2026-05-25,2026-09-07,60,108,15,22,2,-1.875,-12.875,0.00,0.000
2026,2026-05-25,2026-09-07,60,108,15,23,2,-1.625,-12.875,0.00,0.000
2026,2026-05-25,2026-09-07,60,108,15,24,2,-1.375,-12.875,0.00,0.000
2026,2026-05-25,2026-09-07,60,108,15,25,2,-1.125,-12.875,0.00,0.000
2026,2026-05-25,2026-09-07,60,108,15,26,2,-0.875,-12.875,0.00,0.000
2026,2026-05-25,2026-09-07,60,108,15,27,2,-0.625,-12.875,0.00,0.000
2026,2026-05-25,2026-09-07,60,108,15,28,2,-0.375,-12.875,0.00,0.000
2026,2026-05-25,2026-09-07,60,108,15,29,2,-0.125,-12.875,0.00,0.000
2026,2026-05-25,2026-09-07,60,108,15,30,2,0.125,-12.875,0.00,0.000
2026,2026-05-25,2026-09-07,60,108,15,31,2,0.375,-12.875,0.00,0.000
2026,2026-05-25,2026-09-07,60,108,15,32,2,0.625,-12.875,0.00,0.000
2026,2026-05-25,2026-09-07,60,108,15,33,2,0.875,-12.875,0.00,0.000
2026,2026-05-25,2026-09-07,60,108,15,34,2,1.125,-12.875,0.00,0.000
2026,2026-05-25,2026-09-07,60,108,15,35,2,1.375,-12.875,0.00,0.000
2026,2026-05-25,2026-09-07,60,108,15,36,2,1.625,-12.875,0.00,0.000
2026,2026-05-25,2026-09-07,60,108,15,37,2,1.875,-12.875,0.00,0.000
2026,2026-05-25,2026-09-07,60,108,15,38,2,2.125,-12.875,0.00,0.000
2026,2026-05-25,2026-09-07,60,108,15,39,2,2.375,-12.875,0.00,0.000
2026,2026-05-25,2026-09-07,60,108,15,40,2,2.625,-12.875,0.00,0.000
2026,2026-05-25,2026-09-07,60,108,15,41,2,2.875,-12.875,0.00,0.000
2026,2026-05-25,2026-09-07,60,108,15,42,2,3.125,-12.875,0.00,0.000
2026,2026-05-25,2026-09-07,60,108,15,43,2,3.375,-12.875,0.00,0.000
2026,2026-05-25,2026-09-07,60,108,15,44,2,3.625,-12.875,0.00,0.000
2026,2026-05-25,2026-09-07,60,108,15,45,2,3.875,-12.875,0.00,0.000
2026,2026-05-25,2026-09-07,60,108,15,46,2,4.125,-12.875,0.00,0.000
2026,2026-05-25,2026-09-07,60,108,15,47,2,4.375,-12.875,0.00,0.000
2026,2026-05-25,2026-09-07,60,108,15,48,2,4.625,-12.875,0.00,0.000
2026,2026-05-25,2026-09-07,60,108,15,49,2,4.875,-12.875,0.00,0.000
2026,2026-05-25,2026-09-07,60,108,15,50,2,5.125,-12.875,0.00,0.000
2026,2026-05-25,2026-09-07,60,108,15,51,2,5.375,-12.875,0.00,0.000
2026,2026-05-25,2026-09-07,60,108,15,52,2,5.625,-12.875,0.00,0.000
2026,2026-05-25,2026-09-07,60,108,15,53,2,5.875,-12.875,0.00,0.000
2026,2026-05-25,2026-09-07,60,108,15,54,2,6.125,-12.875,0.00,0.000
2026,2026-05-25,2026-09-07,60,108,15,55,2,6.375,-12.875,0.00,0.000
2026,2026-05-25,2026-09-07,60,108,15,56,2,6.625,-12.875,0.00,0.000
2026,2026-05-25,2026-09-07,60,108,15,57,2,6.875,-12.875,0.00,0.000
2026,2026-05-25,2026-09-07,60,108,15,58,2,7.125,-12.875,0.00,0.000
2026,2026-05-25,2026-09-07,60,108,15,59,2,7.375,-12.875,0.00,0.000
2026,2026-05-25,2026-09-07,60,108,15,0,3,-7.375,-12.625,0.00,0.000
2026,2026-05-25,2026-09-07,60,108,15,1,3,-7.125,-12.625,0.00,0.000
2026,2026-05-25,2026-09-07,60,108,15,2,3,-6.875,-12.625,0.00,0.000
2026,2026-05-25,2026-09-07,60,108,15,3,3,-6.625,-12.625,0.00,0.000
2026,2026-05-25,2026-09-07,60,108,15,4,3,-6.375,-12.625,0.00,0.000
2026,2026-05-25,2026-09-07,60,108,15,5,3,-6.125,-12.625,0.00,0.000
2026,2026-05-25,2026-09-07,60,108,15,6,3,-5.875,-12.625,0.00,0.000
2026,2026-05-25,2026-09-07,60,108,15,7,3,-5.625,-12.625,0.00,0.000
2026,2026-05-25,2026-09-07,60,108,15,8,3,-5.375,-12.625,0.00,0.000
2026,2026-05-25,2026-09-07,60,108,15,9,3,-5.125,-12.625,0.00,0.000
2026,2026-05-25,2026-09-07,60,108,15,10,3,-4.875,-12.625,0.00,0.000
2026,2026-05-25,2026-09-07,60,108,15,11,3,-4.625,-12.625,0.00,0.000
2026,2026-05-25,2026-09-07,60,108,15,12,3,-4.375,-12.625,0.00,0.000
2026,2026-05-25,2026-09-07,60,108,15,13,3,-4.125,-12.625,0.00,0.000
2026,2026-05-25,2026-09-07,60,108,15,14,3,-3.875,-12.625,0.00,0.000
2026,2026-05-25,2026-09-07,60,108,15,15,3,-3.625,-12.625,0.00,0.000
2026,2026-05-25,2026-09-07,60,108,15,16,3,-3.375,-12.625,0.00,0.000
2026,2026-05-25,2026-09-07,60,108,15,17,3,-3.125,-12.625,0.00,0.000
2026,2026-05-25,2026-09-07,60,108,15,18,3,-2.875,-12.625,0.00,0.000
2026,2026-05-25,2026-09-07,60,108,15,19,3,-2.625,-12.625,0.00,0.000
2026,2026-05-25,2026-09-07,60,108,15,20,3,-2.375,-12.625,0.00,0.000
2026,2026-05-25,2026-09-07,60,108,15,21,3,-2.125,-12.625,0.00,0.000
2026,2026-05-25,2026-09-07,60,108,15,22,3,-1.875,-12.625,0.00,0.000
2026,2026-05-25,2026-09-07,60,108,15,23,3,-1.625,-12.625,0.00,0.000
2026,2026-05-25,2026-09-07,60,108,15,24,3,-1.375,-12.625,0.00,0.000
2026,2026-05-25,2026-09-07,60,108,15,25,3,-1.125,-12.625,0.00,0.000
2026,2026-05-25,2026-09-07,60,108,15,26,3,-0.875,-12.625,0.00,0.000
2026,2026-05-25,2026-09-07,60,108,15,27,3,-0.625,-12.625,0.00,0.000
2026,2026-05-25,2026-09-07,60,108,15,28,3,-0.375,-12.625,0.00,0.000
2026,2026-05-25,2026-09-07,60,108,15,29,3,-0.125,-12.625,0.00,0.000
2026,2026-05-25,2026-09-07,60,108,15,30,3,0.125,-12.625,0.00,0.000
2026,2026-05-25,2026-09-07,60,108,15,31,3,0.375,-12.625,0.00,0.000
2026,2026-05-25,2026-09-07,60,108,15,32,3,0.625,-12.625,0.00,0.000
2026,2026-05-25,2026-09-07,60,108,15,33,3,0.875,-12.625,0.00,0.000
2026,2026-05-25,2026-09-07,60,108,15,34,3,1.125,-12.625,0.00,0.000
2026,2026-05-25,2026-09-07,60,108,15,35,3,1.375,-12.625,0.00,0.000
2026,2026-05-25,2026-09-07,60,108,15,36,3,1.625,-12.625,0.00,0.000
2026,2026-05-25,2026-09-07,60,108,15,37,3,1.875,-12.625,0.00,0.000
2026,2026-05-25,2026-09-07,60,108,15,38,3,2.125,-12.625,0.00,0.000
2026,2026-05-25,2026-09-07,60,108,15,39,3,2.375,-12.625,0.00,0.000
2026,2026-05-25,2026-09-07,60,108,15,40,3,2.625,-12.625,0.00,0.000
2026,2026-05-25,2026-09-07,60,108,15,41,3,2.875,-12.625,0.00,0.000
2026,2026-05-25,2026-09-07,60,108,15,42,3,3.125,-12.625,0.00,0.000
2026,2026-05-25,2026-09-07,60,108,15,43,3,3.375,-12.625,0.00,0.000
2026,2026-05-25,2026-09-07,60,108,15,44,3,3.625,-12.625,0.00,0.000
2026,2026-05-25,2026-09-07,60,108,15,45,3,3.875,-12.625,0.00,0.000
2026,2026-05-25,2026-09-07,60,108,15,46,3,4.125,-12.625,0.00,0.000
2026,2026-05-25,2026-09-07,60,108,15,47,3,4.375,-12.625,0.00,0.000
2026,2026-05-25,2026-09-07,60,108,15,48,3,4.625,-12.625,0.00,0.000
2026,2026-05-25,2026-09-07,60,108,15,49,3,4.875,-12.625,0.00,0.000
2026,2026-05-25,2026-09-07,60,108,15,50,3,5.125,-12.625,0.00,0.000
2026,2026-05-25,2026-09-07,60,108,15,51,3,5.375,-12.625,0.00,0.000
2026,2026-05-25,2026-09-07,60,108,15,52,3,5.625,-12.625,0.00,0.000
2026,2026-05-25,2026-09-07,60,108,15,53,3,5.875,-12.625,0.00,0.000
2026,2026-05-25,2026-09-07,60,108,15,54,3,6.125,-12.625,0.00,0.000
2026,2026-05-25,2026-09-07,60,108,15,55,3,6.375,-12.625,0.00,0.000
2026,2026-05-25,2026-09-07,60,108,15,56,3,6.625,-12.625,0.00,0.000
2026,2026-05-25,2026-09-07,60,108,15,57,3,6.875,-12.625,0.00,0.000
2026,2026-05-25,2026-09-07,60,108,15,58,3,7.125,-12.625,0.00,0.000
2026,2026-05-25,2026-09-07,60,108,15,59,3,7.375,-12.625,0.00,0.000
2026,2026-05-25,2026-09-07,60,108,15,0,4,-7.375,-12.375,0.00,0.000
2026,2026-05-25,2026-09-07,60,108,15,1,4,-7.125,-12.375,0.00,0.000
2026,2026-05-25,2026-09-07,60,108,15,2,4,-6.875,-12.375,0.00,0.000
2026,2026-05-25,2026-09-07,60,108,15,3,4,-6.625,-12.375,0.00,0.000
2026,2026-05-25,2026-09-07,60,108,15,4,4,-6.375,-12.375,0.00,0.000
2026,2026-05-25,2026-09-07,60,108,15,5,4,-6.125,-12.375,0.00,0.000
2026,2026-05-25,2026-09-07,60,108,15,6,4,-5.875,-12.375,0.00,0.000
2026,2026-05-25,2026-09-07,60,108,15,7,4,-5.625,-12.375,0.00,0.000
2026,2026-05-25,2026-09-07,60,108,15,8,4,-5.375,-12.375,0.00,0.000
2026,2026-05-25,2026-09-07,60,108,15,9,4,-5.125,-12.375,0.00,0.000
2026,2026-05-25,2026-09-07,60,108,15,10,4,-4.875,-12.375,0.00,0.000
2026,2026-05-25,2026-09-07,60,108,15,11,4,-4.625,-12.375,0.00,0.000
2026,2026-05-25,2026-09-07,60,108,15,12,4,-4.375,-12.375,0.00,0.000
2026,2026-05-25,2026-09-07,60,108,15,13,4,-4.125,-12.375,0.00,0.000
2026,2026-05-25,2026-09-07,60,108,15,14,4,-3.875,-12.375,0.00,0.000
2026,2026-05-25,2026-09-07,60,108,15,15,4,-3.625,-12.375,0.00,0.000
2026,2026-05-25,2026-09-07,60,108,15,16,4,-3.375,-12.375,0.00,0.000
2026,2026-05-25,2026-09-07,60,108,15,17,4,-3.125,-12.375,0.00,0.000
2026,2026-05-25,2026-09-07,60,108,15,18,4,-2.875,-12.375,0.00,0.000
2026,2026-05-25,2026-09-07,60,108,15,19,4,-2.625,-12.375,0.00,0.000
2026,2026-05-25,2026-09-07,60,108,15,20,4,-2.375,-12.375,0.00,0.000
2026,2026-05-25,2026-09-07,60,108,15,21,4,-2.125,-12.375,0.00,0.000
2026,2026-05-25,2026-09-07,60,108,15,22,4,-1.875,-12.375,0.00,0.000
2026,2026-05-25,2026-09-07,60,108,15,23,4,-1.625,-12.375,0.00,0.000
2026,2026-05-25,2026-09-07,60,108,15,24,4,-1.375,-12.375,0.00,0.000
2026,2026-05-25,2026-09-07,60,108,15,25,4,-1.125,-12.375,0.00,0.000
2026,2026-05-25,2026-09-07,60,108,15,26,4,-0.875,-12.375,0.00,0.000
2026,2026-05-25,2026-09-07,60,108,15,27,4,-0.625,-12.375,0.00,0.000
2026,2026-05-25,2026-09-07,60,108,15,28,4,-0.375,-12.375,0.00,0.000
2026,2026-05-25,2026-09-07,60,108,15,29,4,-0.125,-12.375,0.00,0.000
2026,2026-05-25,2026-09-07,60,108,15,30,4,0.125,-12.375,0.00,0.000
2026,2026-05-25,2026-09-07,60,108,15,31,4,0.375,-12.375,0.00,0.000
2026,2026-05-25,2026-09-07,60,108,15,32,4,0.625,-12.375,0.00,0.000
2026,2026-05-25,2026-09-07,60,108,15,33,4,0.875,-12.375,0.00,0.000
2026,2026-05-25,2026-09-07,60,108,15,34,4,1.125,-12.375,0.00,0.000
2026,2026-05-25,2026-09-07,60,108,15,35,4,1.375,-12.375,0.00,0.000
2026,2026-05-25,2026-09-07,60,108,15,36,4,1.625,-12.375,0.00,0.000
2026,2026-05-25,2026-09-07,60,108,15,37,4,1.875,-12.375,0.00,0.000
2026,2026-05-25,2026-09-07,60,108,15,38,4,2.125,-12.375,0.00,0.000
2026,2026-05-25,2026-09-07,60,108,15,39,4,2.375,-12.375,0.00,0.000
2026,2026-05-25,2026-09-07,60,108,15,40,4,2.625,-12.375,0.00,0.000
2026,2026-05-25,2026-09-07,60,108,15,41,4,2.875,-12.375,0.00,0.000
2026,2026-05-25,2026-09-07,60,108,15,42,4,3.125,-12.375,0.00,0.000
2026,2026-05-25,2026-09-07,60,108,15,43,4,3.375,-12.375,0.00,0.000
2026,2026-05-25,2026-09-07,60,108,15,44,4,3.625,-12.375,0.00,0.000
2026,2026-05-25,2026-09-07,60,108,15,45,4,3.875,-12.375,0.00,0.000
2026,2026-05-25,2026-09-07,60,108,15,46,4,4.125,-12.375,0.00,0.000
2026,2026-05-25,2026-09-07,60,108,15,47,4,4.375,-12.375,0.00,0.000
2026,2026-05-25,2026-09-07,60,108,15,48,4,4.625,-12.375,0.00,0.000
2026,2026-05-25,2026-09-07,60,108,15,49,4,4.875,-12.375,0.00,0.000
2026,2026-05-25,2026-09-07,60,108,15,50,4,5.125,-12.375,0.00,0.000
2026,2026-05-25,2026-09-07,60,108,15,51,4,5.375,-12.375,0.00,0.000
2026,2026-05-25,2026-09-07,60,108,15,52,4,5.625,-12.375,0.00,0.000
2026,2026-05-25,2026-09-07,60,108,15,53,4,5.875,-12.375,0.00,0.000
2026,2026-05-25,2026-09-07,60,108,15,54,4,6.125,-12.375,0.00,0.000
2026,2026-05-25,2026-09-07,60,108,15,55,4,6.375,-12.375,0.00,0.000
2026,2026-05-25,2026-09-07,60,108,15,56,4,6.625,-12.375,0.00,0.000
2026,2026-05-25,2026-09-07,60,108,15,57,4,6.875,-12.375,0.00,0.000
2026,2026-05-25,2026-09-07,60,108,15,58,4,7.125,-12.375,0.00,0.000
2026,2026-05-25,2026-09-07,60,108,15,59,4,7.375,-12.375,0.00,0.000
2026,2026-05-25,2026-09-07,60,108,15,0,5,-7.375,-12.125,0.00,0.000
2026,2026-05-25,2026-09-07,60,108,15,1,5,-7.125,-12.125,0.00,0.000
2026,2026-05-25,2026-09-07,60,108,15,2,5,-6.875,-12.125,0.00,0.000
2026,2026-05-25,2026-09-07,60,108,15,3,5,-6.625,-12.125,0.00,0.000
2026,2026-05-25,2026-09-07,60,108,15,4,5,-6.375,-12.125,0.00,0.000
2026,2026-05-25,2026-09-07,60,108,15,5,5,-6.125,-12.125,0.00,0.000
2026,2026-05-25,2026-09-07,60,108,15,6,5,-5.875,-12.125,0.00,0.000
2026,2026-05-25,2026-09-07,60,108,15,7,5,-5.625,-12.125,0.00,0.000
2026,2026-05-25,2026-09-07,60,108,15,8,5,-5.375,-12.125,0.00,0.000
2026,2026-05-25,2026-09-07,60,108,15,9,5,-5.125,-12.125,0.00,0.000
2026,2026-05-25,2026-09-07,60,108,15,10,5,-4.875,-12.125,0.00,0.000
2026,2026-05-25,2026-09-07,60,108,15,11,5,-4.625,-12.125,0.00,0.000
2026,2026-05-25,2026-09-07,60,108,15,12,5,-4.375,-12.125,0.00,0.000
2026,2026-05-25,2026-09-07,60,108,15,13,5,-4.125,-12.125,0.00,0.000
2026,2026-05-25,2026-09-07,60,108,15,14,5,-3.875,-12.125,0.00,0.000
2026,2026-05-25,2026-09-07,60,108,15,15,5,-3.625,-12.125,0.00,0.000
2026,2026-05-25,2026-09-07,60,108,15,16,5,-3.375,-12.125,0.00,0.000
2026,2026-05-25,2026-09-07,60,108,15,17,5,-3.125,-12.125,0.00,0.000
2026,2026-05-25,2026-09-07,60,108,15,18,5,-2.875,-12.125,0.00,0.000
2026,2026-05-25,2026-09-07,60,108,15,19,5,-2.625,-12.125,0.00,0.000
2026,2026-05-25,2026-09-07,60,108,15,20,5,-2.375,-12.125,0.00,0.000
2026,2026-05-25,2026-09-07,60,108,15,21,5,-2.125,-12.125,0.00,0.000
2026,2026-05-25,2026-09-07,60,108,15,22,5,-1.875,-12.125,0.00,0.000
2026,2026-05-25,2026-09-07,60,108,15,23,5,-1.625,-12.125,0.00,0.000
2026,2026-05-25,2026-09-07,60,108,15,24,5,-1.375,-12.125,0.00,0.000
2026,2026-05-25,2026-09-07,60,108,15,25,5,-1.125,-12.125,0.00,0.000
2026,2026-05-25,2026-09-07,60,108,15,26,5,-0.875,-12.125,0.00,0.000
2026,2026-05-25,2026-09-07,60,108,15,27,5,-0.625,-12.125,0.00,0.000
2026,2026-05-25,2026-09-07,60,108,15,28,5,-0.375,-12.125,0.00,0.000
2026,2026-05-25,2026-09-07,60,108,15,29,5,-0.125,-12.125,0.00,0.000
2026,2026-05-25,2026-09-07,60,108,15,30,5,0.125,-12.125,0.00,0.000
2026,2026-05-25,2026-09-07,60,108,15,31,5,0.375,-12.125,0.00,0.000
2026,2026-05-25,2026-09-07,60,108,15,32,5,0.625,-12.125,0.00,0.000
2026,2026-05-25,2026-09-07,60,108,15,33,5,0.875,-12.125,0.00,0.000
2026,2026-05-25,2026-09-07,60,108,15,34,5,1.125,-12.125,0.00,0.000
2026,2026-05-25,2026-09-07,60,108,15,35,5,1.375,-12.125,0.00,0.000
2026,2026-05-25,2026-09-07,60,108,15,36,5,1.625,-12.125,0.00,0.000
2026,2026-05-25,2026-09-07,60,108,15,37,5,1.875,-12.125,0.00,0.000
2026,2026-05-25,2026-09-07,60,108,15,38,5,2.125,-12.125,0.00,0.000
2026,2026-05-25,2026-09-07,60,108,15,39,5,2.375,-12.125,0.00,0.000
2026,2026-05-25,2026-09-07,60,108,15,40,5,2.625,-12.125,0.00,0.000
2026,2026-05-25,2026-09-07,60,108,15,41,5,2.875,-12.125,0.00,0.000
2026,2026-05-25,2026-09-07,60,108,15,42,5,3.125,-12.125,0.00,0.000
2026,2026-05-25,2026-09-07,60,108,15,43,5,3.375,-12.125,0.00,0.000
2026,2026-05-25,2026-09-07,60,108,15,44,5,3.625,-12.125,0.00,0.000
2026,2026-05-25,2026-09-07,60,108,15,45,5,3.875,-12.125,0.00,0.000
2026,2026-05-25,2026-09-07,60,108,15,46,5,4.125,-12.125,0.00,0.000
2026,2026-05-25,2026-09-07,60,108,15,47,5,4.375,-12.125,0.00,0.000
2026,2026-05-25,2026-09-07,60,108,15,48,5,4.625,-12.125,0.00,0.000
2026,2026-05-25,2026-09-07,60,108,15,49,5,4.875,-12.125,0.00,0.000
2026,2026-05-25,2026-09-07,60,108,15,50,5,5.125,-12.125,0.00,0.000
2026,2026-05-25,2026-09-07,60,108,15,51,5,5.375,-12.125,0.00,0.000
2026,2026-05-25,2026-09-07,60,108,15,52,5,5.625,-12.125,0.00,0.000
2026,2026-05-25,2026-09-07,60,108,15,53,5,5.875,-12.125,0.00,0.000
2026,2026-05-25,2026-09-07,60,108,15,54,5,6.125,-12.125,0.00,0.000
2026,2026-05-25,2026-09-07,60,108,15,55,5,6.375,-12.125,0.00,0.000
2026,2026-05-25,2026-09-07,60,108,15,56,5,6.625,-12.125,0.00,0.000
2026,2026-05-25,2026-09-07,60,108,15,57,5,6.875,-12.125,0.00,0.000
2026,2026-05-25,2026-09-07,60,108,15,58,5,7.125,-12.125,0.00,0.000
2026,2026-05-25,2026-09-07,60,108,15,59,5,7.375,-12.125,0.00,0.000
2026,2026-05-25,2026-09-07,60,108,15,0,6,-7.375,-11.875,6.00,0.057
2026,2026-05-25,2026-09-07,60,108,15,1,6,-7.125,-11.875,5.50,0.052
2026,2026-05-25,2026-09-07,60,108,15,2,6,-6.875,-11.875,5.25,0.050
2026,2026-05-25,2026-09-07,60,108,15,3,6,-6.625,-11.875,5.00,0.047
2026,2026-05-25,2026-09-07,60,108,15,4,6,-6.375,-11.875,5.00,0.047
2026,2026-05-25,2026-09-07,60,108,15,5,6,-6.125,-11.875,5.00,0.047
2026,2026-05-25,2026-09-07,60,108,15,6,6,-5.875,-11.875,5.00,0.047
2026,2026-05-25,2026-09-07,60,108,15,7,6,-5.625,-11.875,1.50,0.014
2026,2026-05-25,2026-09-07,60,108,15,8,6,-5.375,-11.875,0.50,0.005
2026,2026-05-25,2026-09-07,60,108,15,9,6,-5.125,-11.875,0.00,0.000
2026,2026-05-25,2026-09-07,60,108,15,10,6,-4.875,-11.875,0.00,0.000
2026,2026-05-25,2026-09-07,60,108,15,11,6,-4.625,-11.875,0.00,0.000
2026,2026-05-25,2026-09-07,60,108,15,12,6,-4.375,-11.875,0.00,0.000
2026,2026-05-25,2026-09-07,60,108,15,13,6,-4.125,-11.875,0.00,0.000
2026,2026-05-25,2026-09-07,60,108,15,14,6,-3.875,-11.875,0.00,0.000
2026,2026-05-25,2026-09-07,60,108,15,15,6,-3.625,-11.875,0.00,0.000
2026,2026-05-25,2026-09-07,60,108,15,16,6,-3.375,-11.875,0.00,0.000
2026,2026-05-25,2026-09-07,60,108,15,17,6,-3.125,-11.875,0.00,0.000
2026,2026-05-25,2026-09-07,60,108,15,18,6,-2.875,-11.875,0.00,0.000
2026,2026-05-25,2026-09-07,60,108,15,19,6,-2.625,-11.875,0.00,0.000
2026,2026-05-25,2026-09-07,60,108,15,20,6,-2.375,-11.875,0.00,0.000
2026,2026-05-25,2026-09-07,60,108,15,21,6,-2.125,-11.875,0.00,0.000
2026,2026-05-25,2026-09-07,60,108,15,22,6,-1.875,-11.875,0.00,0.000
2026,2026-05-25,2026-09-07,60,108,15,23,6,-1.625,-11.875,0.00,0.000
2026,2026-05-25,2026-09-07,60,108,15,24,6,-1.375,-11.875,0.00,0.000
2026,2026-05-25,2026-09-07,60,108,15,25,6,-1.125,-11.875,0.00,0.000
2026,2026-05-25,2026-09-07,60,108,15,26,6,-0.875,-11.875,0.00,0.000
2026,2026-05-25,2026-09-07,60,108,15,27,6,-0.625,-11.875,0.00,0.000
2026,2026-05-25,2026-09-07,60,108,15,28,6,-0.375,-11.875,0.00,0.000
2026,2026-05-25,2026-09-07,60,108,15,29,6,-0.125,-11.875,0.00,0.000
2026,2026-05-25,2026-09-07,60,108,15,30,6,0.125,-11.875,0.00,0.000
2026,2026-05-25,2026-09-07,60,108,15,31,6,0.375,-11.875,0.00,0.000
2026,2026-05-25,2026-09-07,60,108,15,32,6,0.625,-11.875,0.00,0.000
2026,2026-05-25,2026-09-07,60,108,15,33,6,0.875,-11.875,0.00,0.000
2026,2026-05-25,2026-09-07,60,108,15,34,6,1.125,-11.875,0.00,0.000
2026,2026-05-25,2026-09-07,60,108,15,35,6,1.375,-11.875,0.00,0.000
2026,2026-05-25,2026-09-07,60,108,15,36,6,1.625,-11.875,0.00,0.000
2026,2026-05-25,2026-09-07,60,108,15,37,6,1.875,-11.875,0.00,0.000
2026,2026-05-25,2026-09-07,60,108,15,38,6,2.125,-11.875,0.00,0.000
2026,2026-05-25,2026-09-07,60,108,15,39,6,2.375,-11.875,0.00,0.000
2026,2026-05-25,2026-09-07,60,108,15,40,6,2.625,-11.875,0.00,0.000
2026,2026-05-25,2026-09-07,60,108,15,41,6,2.875,-11.875,0.00,0.000
2026,2026-05-25,2026-09-07,60,108,15,42,6,3.125,-11.875,0.00,0.000
2026,2026-05-25,2026-09-07,60,108,15,43,6,3.375,-11.875,0.00,0.000
2026,2026-05-25,2026-09-07,60,108,15,44,6,3.625,-11.875,0.00,0.000
2026,2026-05-25,2026-09-07,60,108,15,45,6,3.875,-11.875,0.00,0.000
2026,2026-05-25,2026-09-07,60,108,15,46,6,4.125,-11.875,0.00,0.000
2026,2026-05-25,2026-09-07,60,108,15,47,6,4.375,-11.875,0.00,0.000
2026,2026-05-25,2026-09-07,60,108,15,48,6,4.625,-11.875,0.00,0.000
2026,2026-05-25,2026-09-07,60,108,15,49,6,4.875,-11.875,0.00,0.000
2026,2026-05-25,2026-09-07,60,108,15,50,6,5.125,-11.875,0.00,0.000
2026,2026-05-25,2026-09-07,60,108,15,51,6,5.375,-11.875,0.00,0.000
2026,2026-05-25,2026-09-07,60,108,15,52,6,5.625,-11.875,0.00,0.000
2026,2026-05-25,2026-09-07,60,108,15,53,6,5.875,-11.875,0.00,0.000
2026,2026-05-25,2026-09-07,60,108,15,54,6,6.125,-11.875,0.25,0.002
2026,2026-05-25,2026-09-07,60,108,15,55,6,6.375,-11.875,0.75,0.007
2026,2026-05-25,2026-09-07,60,108,15,56,6,6.625,-11.875,1.50,0.014
2026,2026-05-25,2026-09-07,60,108,15,57,6,6.875,-11.875,2.00,0.019
2026,2026-05-25,2026-09-07,60,108,15,58,6,7.125,-11.875,3.50,0.033
2026,2026-05-25,2026-09-07,60,108,15,59,6,7.375,-11.875,5.00,0.047
2026,2026-05-25,2026-09-07,60,108,15,0,7,-7.375,-11.625,21.00,0.198
2026,2026-05-25,2026-09-07,60,108,15,1,7,-7.125,-11.625,20.50,0.193
2026,2026-05-25,2026-09-07,60,108,15,2,7,-6.875,-11.625,20.00,0.189
2026,2026-05-25,2026-09-07,60,108,15,3,7,-6.625,-11.625,17.00,0.160
2026,2026-05-25,2026-09-07,60,108,15,4,7,-6.375,-11.625,14.50,0.137
2026,2026-05-25,2026-09-07,60,108,15,5,7,-6.125,-11.625,13.00,0.123
2026,2026-05-25,2026-09-07,60,108,15,6,7,-5.875,-11.625,11.50,0.108
2026,2026-05-25,2026-09-07,60,108,15,7,7,-5.625,-11.625,10.25,0.097
2026,2026-05-25,2026-09-07,60,108,15,8,7,-5.375,-11.625,9.25,0.087
2026,2026-05-25,2026-09-07,60,108,15,9,7,-5.125,-11.625,8.75,0.083
2026,2026-05-25,2026-09-07,60,108,15,10,7,-4.875,-11.625,8.25,0.078
2026,2026-05-25,2026-09-07,60,108,15,11,7,-4.625,-11.625,7.75,0.073
2026,2026-05-25,2026-09-07,60,108,15,12,7,-4.375,-11.625,7.25,0.068
2026,2026-05-25,2026-09-07,60,108,15,13,7,-4.125,-11.625,7.25,0.068
2026,2026-05-25,2026-09-07,60,108,15,14,7,-3.875,-11.625,5.50,0.052
2026,2026-05-25,2026-09-07,60,108,15,15,7,-3.625,-11.625,2.00,0.019
2026,2026-05-25,2026-09-07,60,108,15,16,7,-3.375,-11.625,1.00,0.009
2026,2026-05-25,2026-09-07,60,108,15,17,7,-3.125,-11.625,0.00,0.000
2026,2026-05-25,2026-09-07,60,108,15,18,7,-2.875,-11.625,0.00,0.000
2026,2026-05-25,2026-09-07,60,108,15,19,7,-2.625,-11.625,0.00,0.000
2026,2026-05-25,2026-09-07,60,108,15,20,7,-2.375,-11.625,0.00,0.000
2026,2026-05-25,2026-09-07,60,108,15,21,7,-2.125,-11.625,0.00,0.000
2026,2026-05-25,2026-09-07,60,108,15,22,7,-1.875,-11.625,0.00,0.000
2026,2026-05-25,2026-09-07,60,108,15,23,7,-1.625,-11.625,0.00,0.000
2026,2026-05-25,2026-09-07,60,108,15,24,7,-1.375,-11.625,0.00,0.000
2026,2026-05-25,2026-09-07,60,108,15,25,7,-1.125,-11.625,0.00,0.000
2026,2026-05-25,2026-09-07,60,108,15,26,7,-0.875,-11.625,0.00,0.000
2026,2026-05-25,2026-09-07,60,108,15,27,7,-0.625,-11.625,0.00,0.000
2026,2026-05-25,2026-09-07,60,108,15,28,7,-0.375,-11.625,0.00,0.000
2026,2026-05-25,2026-09-07,60,108,15,29,7,-0.125,-11.625,0.00,0.000
2026,2026-05-25,2026-09-07,60,108,15,30,7,0.125,-11.625,0.00,0.000
2026,2026-05-25,2026-09-07,60,108,15,31,7,0.375,-11.625,0.00,0.000
2026,2026-05-25,2026-09-07,60,108,15,32,7,0.625,-11.625,0.00,0.000
2026,2026-05-25,2026-09-07,60,108,15,33,7,0.875,-11.625,0.00,0.000
2026,2026-05-25,2026-09-07,60,108,15,34,7,1.125,-11.625,0.00,0.000
2026,2026-05-25,2026-09-07,60,108,15,35,7,1.375,-11.625,0.00,0.000
2026,2026-05-25,2026-09-07,60,108,15,36,7,1.625,-11.625,0.00,0.000
2026,2026-05-25,2026-09-07,60,108,15,37,7,1.875,-11.625,0.00,0.000
2026,2026-05-25,2026-09-07,60,108,15,38,7,2.125,-11.625,0.00,0.000
2026,2026-05-25,2026-09-07,60,108,15,39,7,2.375,-11.625,0.00,0.000
2026,2026-05-25,2026-09-07,60,108,15,40,7,2.625,-11.625,0.00,0.000
2026,2026-05-25,2026-09-07,60,108,15,41,7,2.875,-11.625,3.00,0.028
2026,2026-05-25,2026-09-07,60,108,15,42,7,3.125,-11.625,3.00,0.028
2026,2026-05-25,2026-09-07,60,108,15,43,7,3.375,-11.625,3.00,0.028
2026,2026-05-25,2026-09-07,60,108,15,44,7,3.625,-11.625,3.00,0.028
2026,2026-05-25,2026-09-07,60,108,15,45,7,3.875,-11.625,3.50,0.033
2026,2026-05-25,2026-09-07,60,108,15,46,7,4.125,-11.625,4.00,0.038
2026,2026-05-25,2026-09-07,60,108,15,47,7,4.375,-11.625,4.75,0.045
2026,2026-05-25,2026-09-07,60,108,15,48,7,4.625,-11.625,5.75,0.054
2026,2026-05-25,2026-09-07,60,108,15,49,7,4.875,-11.625,7.50,0.071
2026,2026-05-25,2026-09-07,60,108,15,50,7,5.125,-11.625,10.00,0.094
2026,2026-05-25,2026-09-07,60,108,15,51,7,5.375,-11.625,13.50,0.127
2026,2026-05-25,2026-09-07,60,108,15,52,7,5.625,-11.625,13.75,0.130
2026,2026-05-25,2026-09-07,60,108,15,53,7,5.875,-11.625,14.25,0.134
2026,2026-05-25,2026-09-07,60,108,15,54,7,6.125,-11.625,14.75,0.139
2026,2026-05-25,2026-09-07,60,108,15,55,7,6.375,-11.625,15.00,0.142
2026,2026-05-25,2026-09-07,60,108,15,56,7,6.625,-11.625,15.50,0.146
2026,2026-05-25,2026-09-07,60,108,15,57,7,6.875,-11.625,16.00,0.151
2026,2026-05-25,2026-09-07,60,108,15,58,7,7.125,-11.625,16.75,0.158
2026,2026-05-25,2026-09-07,60,108,15,59,7,7.375,-11.625,18.00,0.170
2026,2026-05-25,2026-09-07,60,108,15,0,8,-7.375,-11.375,39.50,0.373
2026,2026-05-25,2026-09-07,60,108,15,1,8,-7.125,-11.375,37.50,0.354
2026,2026-05-25,2026-09-07,60,108,15,2,8,-6.875,-11.375,36.00,0.340
2026,2026-05-25,2026-09-07,60,108,15,3,8,-6.625,-11.375,34.75,0.328
2026,2026-05-25,2026-09-07,60,108,15,4,8,-6.375,-11.375,33.75,0.318
2026,2026-05-25,2026-09-07,60,108,15,5,8,-6.125,-11.375,32.50,0.307
2026,2026-05-25,2026-09-07,60,108,15,6,8,-5.875,-11.375,31.50,0.297
2026,2026-05-25,2026-09-07,60,108,15,7,8,-5.625,-11.375,30.75,0.290
2026,2026-05-25,2026-09-07,60,108,15,8,8,-5.375,-11.375,30.00,0.283
2026,2026-05-25,2026-09-07,60,108,15,9,8,-5.125,-11.375,29.00,0.274
2026,2026-05-25,2026-09-07,60,108,15,10,8,-4.875,-11.375,28.25,0.267
2026,2026-05-25,2026-09-07,60,108,15,11,8,-4.625,-11.375,26.50,0.250
2026,2026-05-25,2026-09-07,60,108,15,12,8,-4.375,-11.375,22.50,0.212
2026,2026-05-25,2026-09-07,60,108,15,13,8,-4.125,-11.375,20.50,0.193
2026,2026-05-25,2026-09-07,60,108,15,14,8,-3.875,-11.375,18.50,0.175
2026,2026-05-25,2026-09-07,60,108,15,15,8,-3.625,-11.375,17.25,0.163
2026,2026-05-25,2026-09-07,60,108,15,16,8,-3.375,-11.375,16.00,0.151
2026,2026-05-25,2026-09-07,60,108,15,17,8,-3.125,-11.375,15.50,0.146
2026,2026-05-25,2026-09-07,60,108,15,18,8,-2.875,-11.375,14.75,0.139
2026,2026-05-25,2026-09-07,60,108,15,19,8,-2.625,-11.375,14.00,0.132
2026,2026-05-25,2026-09-07,60,108,15,20,8,-2.375,-11.375,11.25,0.106
2026,2026-05-25,2026-09-07,60,108,15,21,8,-2.125,-11.375,7.50,0.071
2026,2026-05-25,2026-09-07,60,108,15,22,8,-1.875,-11.375,6.00,0.057
2026,2026-05-25,2026-09-07,60,108,15,23,8,-1.625,-11.375,4.75,0.045
2026,2026-05-25,2026-09-07,60,108,15,24,8,-1.375,-11.375,4.25,0.040
2026,2026-05-25,2026-09-07,60,108,15,25,8,-1.125,-11.375,4.25,0.040
2026,2026-05-25,2026-09-07,60,108,15,26,8,-0.875,-11.375,4.25,0.040
2026,2026-05-25,2026-09-07,60,108,15,27,8,-0.625,-11.375,1.25,0.012
2026,2026-05-25,2026-09-07,60,108,15,28,8,-0.375,-11.375,0.00,0.000
2026,2026-05-25,2026-09-07,60,108,15,29,8,-0.125,-11.375,0.00,0.000
2026,2026-05-25,2026-09-07,60,108,15,30,8,0.125,-11.375,0.00,0.000
2026,2026-05-25,2026-09-07,60,108,15,31,8,0.375,-11.375,0.00,0.000
2026,2026-05-25,2026-09-07,60,108,15,32,8,0.625,-11.375,0.00,0.000
2026,2026-05-25,2026-09-07,60,108,15,33,8,0.875,-11.375,0.00,0.000
2026,2026-05-25,2026-09-07,60,108,15,34,8,1.125,-11.375,1.00,0.009
2026,2026-05-25,2026-09-07,60,108,15,35,8,1.375,-11.375,2.50,0.024
2026,2026-05-25,2026-09-07,60,108,15,36,8,1.625,-11.375,7.50,0.071
2026,2026-05-25,2026-09-07,60,108,15,37,8,1.875,-11.375,7.50,0.071
2026,2026-05-25,2026-09-07,60,108,15,38,8,2.125,-11.375,8.00,0.075
2026,2026-05-25,2026-09-07,60,108,15,39,8,2.375,-11.375,8.75,0.083
2026,2026-05-25,2026-09-07,60,108,15,40,8,2.625,-11.375,9.50,0.090
2026,2026-05-25,2026-09-07,60,108,15,41,8,2.875,-11.375,10.75,0.101
2026,2026-05-25,2026-09-07,60,108,15,42,8,3.125,-11.375,12.75,0.120
2026,2026-05-25,2026-09-07,60,108,15,43,8,3.375,-11.375,15.75,0.149
2026,2026-05-25,2026-09-07,60,108,15,44,8,3.625,-11.375,20.00,0.189
2026,2026-05-25,2026-09-07,60,108,15,45,8,3.875,-11.375,20.75,0.196
2026,2026-05-25,2026-09-07,60,108,15,46,8,4.125,-11.375,21.25,0.200
2026,2026-05-25,2026-09-07,60,108,15,47,8,4.375,-11.375,21.75,0.205
2026,2026-05-25,2026-09-07,60,108,15,48,8,4.625,-11.375,22.50,0.212
2026,2026-05-25,2026-09-07,60,108,15,49,8,4.875,-11.375,23.25,0.219
2026,2026-05-25,2026-09-07,60,108,15,50,8,5.125,-11.375,25.00,0.236
2026,2026-05-25,2026-09-07,60,108,15,51,8,5.375,-11.375,26.50,0.250
2026,2026-05-25,2026-09-07,60,108,15,52,8,5.625,-11.375,28.75,0.271
2026,2026-05-25,2026-09-07,60,108,15,53,8,5.875,-11.375,31.00,0.292
2026,2026-05-25,2026-09-07,60,108,15,54,8,6.125,-11.375,35.50,0.335
2026,2026-05-25,2026-09-07,60,108,15,55,8,6.375,-11.375,36.00,0.340
2026,2026-05-25,2026-09-07,60,108,15,56,8,6.625,-11.375,36.50,0.344
2026,2026-05-25,2026-09-07,60,108,15,57,8,6.875,-11.375,37.25,0.351
2026,2026-05-25,2026-09-07,60,108,15,58,8,7.125,-11.375,38.00,0.358
2026,2026-05-25,2026-09-07,60,108,15,59,8,7.375,-11.375,38.50,0.363
2026,2026-05-25,2026-09-07,60,108,15,0,9,-7.375,-11.125,67.00,0.632
2026,2026-05-25,2026-09-07,60,108,15,1,9,-7.125,-11.125,66.00,0.623
2026,2026-05-25,2026-09-07,60,108,15,2,9,-6.875,-11.125,64.75,0.611
2026,2026-05-25,2026-09-07,60,108,15,3,9,-6.625,-11.125,63.50,0.599
2026,2026-05-25,2026-09-07,60,108,15,4,9,-6.375,-11.125,62.25,0.587
2026,2026-05-25,2026-09-07,60,108,15,5,9,-6.125,-11.125,61.50,0.580
2026,2026-05-25,2026-09-07,60,108,15,6,9,-5.875,-11.125,60.75,0.573
2026,2026-05-25,2026-09-07,60,108,15,7,9,-5.625,-11.125,60.00,0.566
2026,2026-05-25,2026-09-07,60,108,15,8,9,-5.375,-11.125,58.50,0.552
2026,2026-05-25,2026-09-07,60,108,15,9,9,-5.125,-11.125,53.50,0.505
2026,2026-05-25,2026-09-07,60,108,15,10,9,-4.875,-11.125,51.00,0.481
2026,2026-05-25,2026-09-07,60,108,15,11,9,-4.625,-11.125,49.25,0.465
2026,2026-05-25,2026-09-07,60,108,15,12,9,-4.375,-11.125,47.75,0.450
2026,2026-05-25,2026-09-07,60,108,15,13,9,-4.125,-11.125,46.50,0.439
2026,2026-05-25,2026-09-07,60,108,15,14,9,-3.875,-11.125,45.25,0.427
2026,2026-05-25,2026-09-07,60,108,15,15,9,-3.625,-11.125,44.00,0.415
2026,2026-05-25,2026-09-07,60,108,15,16,9,-3.375,-11.125,43.00,0.406
2026,2026-05-25,2026-09-07,60,108,15,17,9,-3.125,-11.125,42.00,0.396
2026,2026-05-25,2026-09-07,60,108,15,18,9,-2.875,-11.125,37.00,0.349
2026,2026-05-25,2026-09-07,60,108,15,19,9,-2.625,-11.125,34.50,0.325
2026,2026-05-25,2026-09-07,60,108,15,20,9,-2.375,-11.125,32.25,0.304
2026,2026-05-25,2026-09-07,60,108,15,21,9,-2.125,-11.125,30.75,0.290
2026,2026-05-25,2026-09-07,60,108,15,22,9,-1.875,-11.125,30.25,0.285
2026,2026-05-25,2026-09-07,60,108,15,23,9,-1.625,-11.125,29.50,0.278
2026,2026-05-25,2026-09-07,60,108,15,24,9,-1.375,-11.125,28.75,0.271
2026,2026-05-25,2026-09-07,60,108,15,25,9,-1.125,-11.125,25.00,0.236
2026,2026-05-25,2026-09-07,60,108,15,26,9,-0.875,-11.125,24.25,0.229
2026,2026-05-25,2026-09-07,60,108,15,27,9,-0.625,-11.125,25.75,0.243
2026,2026-05-25,2026-09-07,60,108,15,28,9,-0.375,-11.125,24.50,0.231
2026,2026-05-25,2026-09-07,60,108,15,29,9,-0.125,-11.125,24.75,0.233
2026,2026-05-25,2026-09-07,60,108,15,30,9,0.125,-11.125,26.00,0.245
2026,2026-05-25,2026-09-07,60,108,15,31,9,0.375,-11.125,23.25,0.219
2026,2026-05-25,2026-09-07,60,108,15,32,9,0.625,-11.125,26.50,0.250
2026,2026-05-25,2026-09-07,60,108,15,33,9,0.875,-11.125,26.00,0.245
2026,2026-05-25,2026-09-07,60,108,15,34,9,1.125,-11.125,26.75,0.252
2026,2026-05-25,2026-09-07,60,108,15,35,9,1.375,-11.125,28.00,0.264
2026,2026-05-25,2026-09-07,60,108,15,36,9,1.625,-11.125,25.00,0.236
2026,2026-05-25,2026-09-07,60,108,15,37,9,1.875,-11.125,27.25,0.257
2026,2026-05-25,2026-09-07,60,108,15,38,9,2.125,-11.125,34.00,0.321
2026,2026-05-25,2026-09-07,60,108,15,39,9,2.375,-11.125,34.75,0.328
2026,2026-05-25,2026-09-07,60,108,15,40,9,2.625,-11.125,35.50,0.335
2026,2026-05-25,2026-09-07,60,108,15,41,9,2.875,-11.125,36.25,0.342
2026,2026-05-25,2026-09-07,60,108,15,42,9,3.125,-11.125,37.00,0.349
2026,2026-05-25,2026-09-07,60,108,15,43,9,3.375,-11.125,38.50,0.363
2026,2026-05-25,2026-09-07,60,108,15,44,9,3.625,-11.125,41.00,0.387
2026,2026-05-25,2026-09-07,60,108,15,45,9,3.875,-11.125,43.50,0.410
2026,2026-05-25,2026-09-07,60,108,15,46,9,4.125,-11.125,47.50,0.448
2026,2026-05-25,2026-09-07,60,108,15,47,9,4.375,-11.125,50.25,0.474
2026,2026-05-25,2026-09-07,60,108,15,48,9,4.625,-11.125,50.75,0.479
2026,2026-05-25,2026-09-07,60,108,15,49,9,4.875,-11.125,51.75,0.488
2026,2026-05-25,2026-09-07,60,108,15,50,9,5.125,-11.125,52.75,0.498
2026,2026-05-25,2026-09-07,60,108,15,51,9,5.375,-11.125,53.75,0.507
2026,2026-05-25,2026-09-07,60,108,15,52,9,5.625,-11.125,54.75,0.517
2026,2026-05-25,2026-09-07,60,108,15,53,9,5.875,-11.125,56.25,0.531
2026,2026-05-25,2026-09-07,60,108,15,54,9,6.125,-11.125,57.75,0.545
2026,2026-05-25,2026-09-07,60,108,15,55,9,6.375,-11.125,59.75,0.564
2026,2026-05-25,2026-09-07,60,108,15,56,9,6.625,-11.125,62.25,0.587
2026,2026-05-25,2026-09-07,60,108,15,57,9,6.875,-11.125,66.25,0.625
2026,2026-05-25,2026-09-07,60,108,15,58,9,7.125,-11.125,68.25,0.644
2026,2026-05-25,2026-09-07,60,108,15,59,9,7.375,-11.125,69.00,0.651
2026,2026-05-25,2026-09-07,60,108,15,0,10,-7.375,-10.875,113.25,1.068
2026,2026-05-25,2026-09-07,60,108,15,1,10,-7.125,-10.875,112.00,1.057
2026,2026-05-25,2026-09-07,60,108,15,2,10,-6.875,-10.875,110.75,1.045
2026,2026-05-25,2026-09-07,60,108,15,3,10,-6.625,-10.875,109.75,1.035
2026,2026-05-25,2026-09-07,60,108,15,4,10,-6.375,-10.875,109.00,1.028
2026,2026-05-25,2026-09-07,60,108,15,5,10,-6.125,-10.875,107.75,1.017
2026,2026-05-25,2026-09-07,60,108,15,6,10,-5.875,-10.875,102.75,0.969
2026,2026-05-25,2026-09-07,60,108,15,7,10,-5.625,-10.875,100.25,0.946
2026,2026-05-25,2026-09-07,60,108,15,8,10,-5.375,-10.875,98.50,0.929
2026,2026-05-25,2026-09-07,60,108,15,9,10,-5.125,-10.875,96.50,0.910
2026,2026-05-25,2026-09-07,60,108,15,10,10,-4.875,-10.875,95.00,0.896
2026,2026-05-25,2026-09-07,60,108,15,11,10,-4.625,-10.875,93.25,0.880
2026,2026-05-25,2026-09-07,60,108,15,12,10,-4.375,-10.875,96.75,0.913
2026,2026-05-25,2026-09-07,60,108,15,13,10,-4.125,-10.875,96.00,0.906
2026,2026-05-25,2026-09-07,60,108,15,14,10,-3.875,-10.875,95.00,0.896
2026,2026-05-25,2026-09-07,60,108,15,15,10,-3.625,-10.875,95.75,0.903
2026,2026-05-25,2026-09-07,60,108,15,16,10,-3.375,-10.875,95.00,0.896
2026,2026-05-25,2026-09-07,60,108,15,17,10,-3.125,-10.875,92.25,0.870
2026,2026-05-25,2026-09-07,60,108,15,18,10,-2.875,-10.875,92.50,0.873
2026,2026-05-25,2026-09-07,60,108,15,19,10,-2.625,-10.875,98.50,0.929
2026,2026-05-25,2026-09-07,60,108,15,20,10,-2.375,-10.875,97.00,0.915
2026,2026-05-25,2026-09-07,60,108,15,21,10,-2.125,-10.875,96.75,0.913
2026,2026-05-25,2026-09-07,60,108,15,22,10,-1.875,-10.875,97.50,0.920
2026,2026-05-25,2026-09-07,60,108,15,23,10,-1.625,-10.875,99.50,0.939
2026,2026-05-25,2026-09-07,60,108,15,24,10,-1.375,-10.875,98.00,0.925
2026,2026-05-25,2026-09-07,60,108,15,25,10,-1.125,-10.875,97.00,0.915
2026,2026-05-25,2026-09-07,60,108,15,26,10,-0.875,-10.875,96.75,0.913
2026,2026-05-25,2026-09-07,60,108,15,27,10,-0.625,-10.875,98.00,0.925
2026,2026-05-25,2026-09-07,60,108,15,28,10,-0.375,-10.875,104.50,0.986
2026,2026-05-25,2026-09-07,60,108,15,29,10,-0.125,-10.875,101.25,0.955
2026,2026-05-25,2026-09-07,60,108,15,30,10,0.125,-10.875,98.00,0.925
2026,2026-05-25,2026-09-07,60,108,15,31,10,0.375,-10.875,96.00,0.906
2026,2026-05-25,2026-09-07,60,108,15,32,10,0.625,-10.875,97.50,0.920
2026,2026-05-25,2026-09-07,60,108,15,33,10,0.875,-10.875,101.25,0.955
2026,2026-05-25,2026-09-07,60,108,15,34,10,1.125,-10.875,102.00,0.962
2026,2026-05-25,2026-09-07,60,108,15,35,10,1.375,-10.875,97.50,0.920
2026,2026-05-25,2026-09-07,60,108,15,36,10,1.625,-10.875,96.50,0.910
2026,2026-05-25,2026-09-07,60,108,15,37,10,1.875,-10.875,96.50,0.910
2026,2026-05-25,2026-09-07,60,108,15,38,10,2.125,-10.875,98.50,0.929
2026,2026-05-25,2026-09-07,60,108,15,39,10,2.375,-10.875,94.00,0.887
2026,2026-05-25,2026-09-07,60,108,15,40,10,2.625,-10.875,96.50,0.910
2026,2026-05-25,2026-09-07,60,108,15,41,10,2.875,-10.875,98.75,0.932
2026,2026-05-25,2026-09-07,60,108,15,42,10,3.125,-10.875,100.00,0.943
2026,2026-05-25,2026-09-07,60,108,15,43,10,3.375,-10.875,94.00,0.887
2026,2026-05-25,2026-09-07,60,108,15,44,10,3.625,-10.875,93.75,0.884
2026,2026-05-25,2026-09-07,60,108,15,45,10,3.875,-10.875,95.00,0.896
2026,2026-05-25,2026-09-07,60,108,15,46,10,4.125,-10.875,92.75,0.875
2026,2026-05-25,2026-09-07,60,108,15,47,10,4.375,-10.875,93.50,0.882
2026,2026-05-25,2026-09-07,60,108,15,48,10,4.625,-10.875,96.50,0.910
2026,2026-05-25,2026-09-07,60,108,15,49,10,4.875,-10.875,100.00,0.943
2026,2026-05-25,2026-09-07,60,108,15,50,10,5.125,-10.875,100.00,0.943
2026,2026-05-25,2026-09-07,60,108,15,51,10,5.375,-10.875,100.75,0.950
2026,2026-05-25,2026-09-07,60,108,15,52,10,5.625,-10.875,101.75,0.960
2026,2026-05-25,2026-09-07,60,108,15,53,10,5.875,-10.875,102.75,0.969
2026,2026-05-25,2026-09-07,60,108,15,54,10,6.125,-10.875,103.50,0.976
2026,2026-05-25,2026-09-07,60,108,15,55,10,6.375,-10.875,104.50,0.986
2026,2026-05-25,2026-09-07,60,108,15,56,10,6.625,-10.875,106.25,1.002
2026,2026-05-25,2026-09-07,60,108,15,57,10,6.875,-10.875,108.25,1.021
2026,2026-05-25,2026-09-07,60,108,15,58,10,7.125,-10.875,110.25,1.040
2026,2026-05-25,2026-09-07,60,108,15,59,10,7.375,-10.875,112.75,1.064
2026,2026-05-25,2026-09-07,60,108,15,0,11,-7.375,-10.625,185.25,1.748
2026,2026-05-25,2026-09-07,60,108,15,1,11,-7.125,-10.625,191.25,1.804
2026,2026-05-25,2026-09-07,60,108,15,2,11,-6.875,-10.625,190.00,1.792
2026,2026-05-25,2026-09-07,60,108,15,3,11,-6.625,-10.625,189.25,1.785
2026,2026-05-25,2026-09-07,60,108,15,4,11,-6.375,-10.625,192.50,1.816
2026,2026-05-25,2026-09-07,60,108,15,5,11,-6.125,-10.625,190.25,1.795
2026,2026-05-25,2026-09-07,60,108,15,6,11,-5.875,-10.625,194.00,1.830
2026,2026-05-25,2026-09-07,60,108,15,7,11,-5.625,-10.625,198.00,1.868
2026,2026-05-25,2026-09-07,60,108,15,8,11,-5.375,-10.625,197.75,1.866
2026,2026-05-25,2026-09-07,60,108,15,9,11,-5.125,-10.625,200.25,1.889
2026,2026-05-25,2026-09-07,60,108,15,10,11,-4.875,-10.625,205.50,1.939
2026,2026-05-25,2026-09-07,60,108,15,11,11,-4.625,-10.625,205.25,1.936
2026,2026-05-25,2026-09-07,60,108,15,12,11,-4.375,-10.625,207.50,1.958
2026,2026-05-25,2026-09-07,60,108,15,13,11,-4.125,-10.625,210.75,1.988
2026,2026-05-25,2026-09-07,60,108,15,14,11,-3.875,-10.625,208.50,1.967
2026,2026-05-25,2026-09-07,60,108,15,15,11,-3.625,-10.625,208.75,1.969
2026,2026-05-25,2026-09-07,60,108,15,16,11,-3.375,-10.625,212.25,2.002
2026,2026-05-25,2026-09-07,60,108,15,17,11,-3.125,-10.625,215.00,2.028
2026,2026-05-25,2026-09-07,60,108,15,18,11,-2.875,-10.625,215.50,2.033
2026,2026-05-25,2026-09-07,60,108,15,19,11,-2.625,-10.625,216.25,2.040
2026,2026-05-25,2026-09-07,60,108,15,20,11,-2.375,-10.625,223.75,2.111
2026,2026-05-25,2026-09-07,60,108,15,21,11,-2.125,-10.625,220.75,2.083
2026,2026-05-25,2026-09-07,60,108,15,22,11,-1.875,-10.625,218.25,2.059
2026,2026-05-25,2026-09-07,60,108,15,23,11,-1.625,-10.625,217.75,2.054
2026,2026-05-25,2026-09-07,60,108,15,24,11,-1.375,-10.625,221.00,2.085
2026,2026-05-25,2026-09-07,60,108,15,25,11,-1.125,-10.625,225.25,2.125
2026,2026-05-25,2026-09-07,60,108,15,26,11,-0.875,-10.625,224.75,2.120
2026,2026-05-25,2026-09-07,60,108,15,27,11,-0.625,-10.625,224.75,2.120
2026,2026-05-25,2026-09-07,60,108,15,28,11,-0.375,-10.625,220.00,2.075
2026,2026-05-25,2026-09-07,60,108,15,29,11,-0.125,-10.625,223.00,2.104
2026,2026-05-25,2026-09-07,60,108,15,30,11,0.125,-10.625,225.50,2.127
2026,2026-05-25,2026-09-07,60,108,15,31,11,0.375,-10.625,224.25,2.116
2026,2026-05-25,2026-09-07,60,108,15,32,11,0.625,-10.625,224.50,2.118
2026,2026-05-25,2026-09-07,60,108,15,33,11,0.875,-10.625,220.50,2.080
2026,2026-05-25,2026-09-07,60,108,15,34,11,1.125,-10.625,219.75,2.073
2026,2026-05-25,2026-09-07,60,108,15,35,11,1.375,-10.625,222.00,2.094
2026,2026-05-25,2026-09-07,60,108,15,36,11,1.625,-10.625,224.00,2.113
2026,2026-05-25,2026-09-07,60,108,15,37,11,1.875,-10.625,224.75,2.120
2026,2026-05-25,2026-09-07,60,108,15,38,11,2.125,-10.625,217.75,2.054
2026,2026-05-25,2026-09-07,60,108,15,39,11,2.375,-10.625,215.50,2.033
2026,2026-05-25,2026-09-07,60,108,15,40,11,2.625,-10.625,215.50,2.033
2026,2026-05-25,2026-09-07,60,108,15,41,11,2.875,-10.625,218.00,2.057
2026,2026-05-25,2026-09-07,60,108,15,42,11,3.125,-10.625,212.50,2.005
2026,2026-05-25,2026-09-07,60,108,15,43,11,3.375,-10.625,214.75,2.026
2026,2026-05-25,2026-09-07,60,108,15,44,11,3.625,-10.625,214.00,2.019
2026,2026-05-25,2026-09-07,60,108,15,45,11,3.875,-10.625,209.25,1.974
2026,2026-05-25,2026-09-07,60,108,15,46,11,4.125,-10.625,205.75,1.941
2026,2026-05-25,2026-09-07,60,108,15,47,11,4.375,-10.625,204.00,1.925
2026,2026-05-25,2026-09-07,60,108,15,48,11,4.625,-10.625,205.50,1.939
2026,2026-05-25,2026-09-07,60,108,15,49,11,4.875,-10.625,199.25,1.880
2026,2026-05-25,2026-09-07,60,108,15,50,11,5.125,-10.625,198.75,1.875
2026,2026-05-25,2026-09-07,60,108,15,51,11,5.375,-10.625,202.25,1.908
2026,2026-05-25,2026-09-07,60,108,15,52,11,5.625,-10.625,198.25,1.870
2026,2026-05-25,2026-09-07,60,108,15,53,11,5.875,-10.625,196.00,1.849
2026,2026-05-25,2026-09-07,60,108,15,54,11,6.125,-10.625,195.75,1.847
2026,2026-05-25,2026-09-07,60,108,15,55,11,6.375,-10.625,189.75,1.790
2026,2026-05-25,2026-09-07,60,108,15,56,11,6.625,-10.625,188.50,1.778
2026,2026-05-25,2026-09-07,60,108,15,57,11,6.875,-10.625,187.00,1.764
2026,2026-05-25,2026-09-07,60,108,15,58,11,7.125,-10.625,182.00,1.717
2026,2026-05-25,2026-09-07,60,108,15,59,11,7.375,-10.625,182.00,1.717
2026,2026-05-25,2026-09-07,60,108,15,0,12,-7.375,-10.375,212.00,2.000
2026,2026-05-25,2026-09-07,60,108,15,1,12,-7.125,-10.375,215.75,2.035
2026,2026-05-25,2026-09-07,60,108,15,2,12,-6.875,-10.375,215.25,2.031
2026,2026-05-25,2026-09-07,60,108,15,3,12,-6.625,-10.375,219.50,2.071
2026,2026-05-25,2026-09-07,60,108,15,4,12,-6.375,-10.375,226.50,2.137
2026,2026-05-25,2026-09-07,60,108,15,5,12,-6.125,-10.375,225.75,2.130
2026,2026-05-25,2026-09-07,60,108,15,6,12,-5.875,-10.375,229.25,2.163
2026,2026-05-25,2026-09-07,60,108,15,7,12,-5.625,-10.375,236.75,2.233
2026,2026-05-25,2026-09-07,60,108,15,8,12,-5.375,-10.375,237.25,2.238
2026,2026-05-25,2026-09-07,60,108,15,9,12,-5.125,-10.375,239.75,2.262
2026,2026-05-25,2026-09-07,60,108,15,10,12,-4.875,-10.375,245.50,2.316
2026,2026-05-25,2026-09-07,60,108,15,11,12,-4.625,-10.375,243.75,2.300
2026,2026-05-25,2026-09-07,60,108,15,12,12,-4.375,-10.375,244.00,2.302
2026,2026-05-25,2026-09-07,60,108,15,13,12,-4.125,-10.375,245.25,2.314
2026,2026-05-25,2026-09-07,60,108,15,14,12,-3.875,-10.375,251.50,2.373
2026,2026-05-25,2026-09-07,60,108,15,15,12,-3.625,-10.375,252.00,2.377
2026,2026-05-25,2026-09-07,60,108,15,16,12,-3.375,-10.375,253.00,2.387
2026,2026-05-25,2026-09-07,60,108,15,17,12,-3.125,-10.375,259.75,2.450
2026,2026-05-25,2026-09-07,60,108,15,18,12,-2.875,-10.375,261.25,2.465
2026,2026-05-25,2026-09-07,60,108,15,19,12,-2.625,-10.375,258.50,2.439
2026,2026-05-25,2026-09-07,60,108,15,20,12,-2.375,-10.375,257.25,2.427
2026,2026-05-25,2026-09-07,60,108,15,21,12,-2.125,-10.375,262.75,2.479
2026,2026-05-25,2026-09-07,60,108,15,22,12,-1.875,-10.375,263.75,2.488
2026,2026-05-25,2026-09-07,60,108,15,23,12,-1.625,-10.375,263.50,2.486
2026,2026-05-25,2026-09-07,60,108,15,24,12,-1.375,-10.375,264.25,2.493
2026,2026-05-25,2026-09-07,60,108,15,25,12,-1.125,-10.375,267.50,2.524
2026,2026-05-25,2026-09-07,60,108,15,26,12,-0.875,-10.375,268.75,2.535
2026,2026-05-25,2026-09-07,60,108,15,27,12,-0.625,-10.375,265.75,2.507
2026,2026-05-25,2026-09-07,60,108,15,28,12,-0.375,-10.375,265.25,2.502
2026,2026-05-25,2026-09-07,60,108,15,29,12,-0.125,-10.375,265.25,2.502
2026,2026-05-25,2026-09-07,60,108,15,30,12,0.125,-10.375,267.75,2.526
2026,2026-05-25,2026-09-07,60,108,15,31,12,0.375,-10.375,273.50,2.580
2026,2026-05-25,2026-09-07,60,108,15,32,12,0.625,-10.375,267.25,2.521
2026,2026-05-25,2026-09-07,60,108,15,33,12,0.875,-10.375,265.25,2.502
2026,2026-05-25,2026-09-07,60,108,15,34,12,1.125,-10.375,264.75,2.498
2026,2026-05-25,2026-09-07,60,108,15,35,12,1.375,-10.375,264.00,2.491
2026,2026-05-25,2026-09-07,60,108,15,36,12,1.625,-10.375,263.75,2.488
2026,2026-05-25,2026-09-07,60,108,15,37,12,1.875,-10.375,265.00,2.500
2026,2026-05-25,2026-09-07,60,108,15,38,12,2.125,-10.375,263.25,2.483
2026,2026-05-25,2026-09-07,60,108,15,39,12,2.375,-10.375,261.75,2.469
2026,2026-05-25,2026-09-07,60,108,15,40,12,2.625,-10.375,262.75,2.479
2026,2026-05-25,2026-09-07,60,108,15,41,12,2.875,-10.375,255.25,2.408
2026,2026-05-25,2026-09-07,60,108,15,42,12,3.125,-10.375,252.75,2.384
2026,2026-05-25,2026-09-07,60,108,15,43,12,3.375,-10.375,253.75,2.394
2026,2026-05-25,2026-09-07,60,108,15,44,12,3.625,-10.375,255.00,2.406
2026,2026-05-25,2026-09-07,60,108,15,45,12,3.875,-10.375,251.75,2.375
2026,2026-05-25,2026-09-07,60,108,15,46,12,4.125,-10.375,249.50,2.354
2026,2026-05-25,2026-09-07,60,108,15,47,12,4.375,-10.375,249.50,2.354
2026,2026-05-25,2026-09-07,60,108,15,48,12,4.625,-10.375,241.75,2.281
2026,2026-05-25,2026-09-07,60,108,15,49,12,4.875,-10.375,239.25,2.257
2026,2026-05-25,2026-09-07,60,108,15,50,12,5.125,-10.375,238.75,2.252
2026,2026-05-25,2026-09-07,60,108,15,51,12,5.375,-10.375,233.25,2.200
2026,2026-05-25,2026-09-07,60,108,15,52,12,5.625,-10.375,231.00,2.179
2026,2026-05-25,2026-09-07,60,108,15,53,12,5.875,-10.375,231.25,2.182
2026,2026-05-25,2026-09-07,60,108,15,54,12,6.125,-10.375,228.00,2.151
2026,2026-05-25,2026-09-07,60,108,15,55,12,6.375,-10.375,226.00,2.132
2026,2026-05-25,2026-09-07,60,108,15,56,12,6.625,-10.375,224.50,2.118
2026,2026-05-25,2026-09-07,60,108,15,57,12,6.875,-10.375,219.25,2.068
2026,2026-05-25,2026-09-07,60,108,15,58,12,7.125,-10.375,214.50,2.024
2026,2026-05-25,2026-09-07,60,108,15,59,12,7.375,-10.375,213.25,2.012
2026,2026-05-25,2026-09-07,60,108,15,0,13,-7.375,-10.125,213.75,2.017
2026,2026-05-25,2026-09-07,60,108,15,1,13,-7.125,-10.125,218.00,2.057
2026,2026-05-25,2026-09-07,60,108,15,2,13,-6.875,-10.125,218.75,2.064
2026,2026-05-25,2026-09-07,60,108,15,3,13,-6.625,-10.125,223.25,2.106
2026,2026-05-25,2026-09-07,60,108,15,4,13,-6.375,-10.125,227.50,2.146
2026,2026-05-25,2026-09-07,60,108,15,5,13,-6.125,-10.125,229.75,2.167
2026,2026-05-25,2026-09-07,60,108,15,6,13,-5.875,-10.125,233.75,2.205
2026,2026-05-25,2026-09-07,60,108,15,7,13,-5.625,-10.125,237.25,2.238
2026,2026-05-25,2026-09-07,60,108,15,8,13,-5.375,-10.125,239.25,2.257
2026,2026-05-25,2026-09-07,60,108,15,9,13,-5.125,-10.125,239.25,2.257
2026,2026-05-25,2026-09-07,60,108,15,10,13,-4.875,-10.125,240.50,2.269
2026,2026-05-25,2026-09-07,60,108,15,11,13,-4.625,-10.125,245.75,2.318
2026,2026-05-25,2026-09-07,60,108,15,12,13,-4.375,-10.125,247.00,2.330
2026,2026-05-25,2026-09-07,60,108,15,13,13,-4.125,-10.125,248.00,2.340
2026,2026-05-25,2026-09-07,60,108,15,14,13,-3.875,-10.125,253.50,2.392
2026,2026-05-25,2026-09-07,60,108,15,15,13,-3.625,-10.125,257.25,2.427
2026,2026-05-25,2026-09-07,60,108,15,16,13,-3.375,-10.125,257.50,2.429
2026,2026-05-25,2026-09-07,60,108,15,17,13,-3.125,-10.125,255.00,2.406
2026,2026-05-25,2026-09-07,60,108,15,18,13,-2.875,-10.125,261.75,2.469
2026,2026-05-25,2026-09-07,60,108,15,19,13,-2.625,-10.125,261.00,2.462
2026,2026-05-25,2026-09-07,60,108,15,20,13,-2.375,-10.125,260.25,2.455
2026,2026-05-25,2026-09-07,60,108,15,21,13,-2.125,-10.125,260.75,2.460
2026,2026-05-25,2026-09-07,60,108,15,22,13,-1.875,-10.125,266.50,2.514
2026,2026-05-25,2026-09-07,60,108,15,23,13,-1.625,-10.125,269.25,2.540
2026,2026-05-25,2026-09-07,60,108,15,24,13,-1.375,-10.125,266.00,2.509
2026,2026-05-25,2026-09-07,60,108,15,25,13,-1.125,-10.125,264.25,2.493
2026,2026-05-25,2026-09-07,60,108,15,26,13,-0.875,-10.125,264.75,2.498
2026,2026-05-25,2026-09-07,60,108,15,27,13,-0.625,-10.125,270.50,2.552
2026,2026-05-25,2026-09-07,60,108,15,28,13,-0.375,-10.125,269.75,2.545
2026,2026-05-25,2026-09-07,60,108,15,29,13,-0.125,-10.125,270.25,2.550
2026,2026-05-25,2026-09-07,60,108,15,30,13,0.125,-10.125,267.00,2.519
2026,2026-05-25,2026-09-07,60,108,15,31,13,0.375,-10.125,265.00,2.500
2026,2026-05-25,2026-09-07,60,108,15,32,13,0.625,-10.125,267.25,2.521
2026,2026-05-25,2026-09-07,60,108,15,33,13,0.875,-10.125,269.75,2.545
2026,2026-05-25,2026-09-07,60,108,15,34,13,1.125,-10.125,269.50,2.542
2026,2026-05-25,2026-09-07,60,108,15,35,13,1.375,-10.125,266.00,2.509
2026,2026-05-25,2026-09-07,60,108,15,36,13,1.625,-10.125,262.50,2.476
2026,2026-05-25,2026-09-07,60,108,15,37,13,1.875,-10.125,261.50,2.467
2026,2026-05-25,2026-09-07,60,108,15,38,13,2.125,-10.125,262.25,2.474
2026,2026-05-25,2026-09-07,60,108,15,39,13,2.375,-10.125,268.50,2.533
2026,2026-05-25,2026-09-07,60,108,15,40,13,2.625,-10.125,261.50,2.467
2026,2026-05-25,2026-09-07,60,108,15,41,13,2.875,-10.125,258.25,2.436
2026,2026-05-25,2026-09-07,60,108,15,42,13,3.125,-10.125,256.75,2.422
2026,2026-05-25,2026-09-07,60,108,15,43,13,3.375,-10.125,257.50,2.429
2026,2026-05-25,2026-09-07,60,108,15,44,13,3.625,-10.125,250.50,2.363
2026,2026-05-25,2026-09-07,60,108,15,45,13,3.875,-10.125,248.50,2.344
2026,2026-05-25,2026-09-07,60,108,15,46,13,4.125,-10.125,250.00,2.358
2026,2026-05-25,2026-09-07,60,108,15,47,13,4.375,-10.125,251.50,2.373
2026,2026-05-25,2026-09-07,60,108,15,48,13,4.625,-10.125,245.00,2.311
2026,2026-05-25,2026-09-07,60,108,15,49,13,4.875,-10.125,242.75,2.290
2026,2026-05-25,2026-09-07,60,108,15,50,13,5.125,-10.125,243.50,2.297
2026,2026-05-25,2026-09-07,60,108,15,51,13,5.375,-10.125,234.75,2.215
2026,2026-05-25,2026-09-07,60,108,15,52,13,5.625,-10.125,232.25,2.191
2026,2026-05-25,2026-09-07,60,108,15,53,13,5.875,-10.125,232.75,2.196
2026,2026-05-25,2026-09-07,60,108,15,54,13,6.125,-10.125,225.75,2.130
2026,2026-05-25,2026-09-07,60,108,15,55,13,6.375,-10.125,223.75,2.111
2026,2026-05-25,2026-09-07,60,108,15,56,13,6.625,-10.125,225.00,2.123
2026,2026-05-25,2026-09-07,60,108,15,57,13,6.875,-10.125,222.50,2.099
2026,2026-05-25,2026-09-07,60,108,15,58,13,7.125,-10.125,217.75,2.054
2026,2026-05-25,2026-09-07,60,108,15,59,13,7.375,-10.125,217.00,2.047
2026,2026-05-25,2026-09-07,60,108,15,0,14,-7.375,-9.875,213.75,2.017
2026,2026-05-25,2026-09-07,60,108,15,1,14,-7.125,-9.875,218.00,2.057
2026,2026-05-25,2026-09-07,60,108,15,2,14,-6.875,-9.875,219.50,2.071
2026,2026-05-25,2026-09-07,60,108,15,3,14,-6.625,-9.875,224.00,2.113
2026,2026-05-25,2026-09-07,60,108,15,4,14,-6.375,-9.875,227.75,2.149
2026,2026-05-25,2026-09-07,60,108,15,5,14,-6.125,-9.875,231.75,2.186
2026,2026-05-25,2026-09-07,60,108,15,6,14,-5.875,-9.875,230.75,2.177
2026,2026-05-25,2026-09-07,60,108,15,7,14,-5.625,-9.875,232.25,2.191
2026,2026-05-25,2026-09-07,60,108,15,8,14,-5.375,-9.875,237.00,2.236
2026,2026-05-25,2026-09-07,60,108,15,9,14,-5.125,-9.875,238.00,2.245
2026,2026-05-25,2026-09-07,60,108,15,10,14,-4.875,-9.875,239.50,2.259
2026,2026-05-25,2026-09-07,60,108,15,11,14,-4.625,-9.875,244.25,2.304
2026,2026-05-25,2026-09-07,60,108,15,12,14,-4.375,-9.875,247.75,2.337
2026,2026-05-25,2026-09-07,60,108,15,13,14,-4.125,-9.875,249.00,2.349
2026,2026-05-25,2026-09-07,60,108,15,14,14,-3.875,-9.875,250.50,2.363
2026,2026-05-25,2026-09-07,60,108,15,15,14,-3.625,-9.875,182.75,1.724
2026,2026-05-25,2026-09-07,60,108,15,16,14,-3.375,-9.875,0.00,0.000
2026,2026-05-25,2026-09-07,60,108,15,17,14,-3.125,-9.875,0.00,0.000
2026,2026-05-25,2026-09-07,60,108,15,18,14,-2.875,-9.875,0.00,0.000
2026,2026-05-25,2026-09-07,60,108,15,19,14,-2.625,-9.875,0.00,0.000
2026,2026-05-25,2026-09-07,60,108,15,20,14,-2.375,-9.875,0.00,0.000
2026,2026-05-25,2026-09-07,60,108,15,21,14,-2.125,-9.875,0.00,0.000
2026,2026-05-25,2026-09-07,60,108,15,22,14,-1.875,-9.875,0.00,0.000
2026,2026-05-25,2026-09-07,60,108,15,23,14,-1.625,-9.875,0.00,0.000
2026,2026-05-25,2026-09-07,60,108,15,24,14,-1.375,-9.875,0.00,0.000
2026,2026-05-25,2026-09-07,60,108,15,25,14,-1.125,-9.875,0.00,0.000
2026,2026-05-25,2026-09-07,60,108,15,26,14,-0.875,-9.875,0.00,0.000
2026,2026-05-25,2026-09-07,60,108,15,27,14,-0.625,-9.875,0.00,0.000
2026,2026-05-25,2026-09-07,60,108,15,28,14,-0.375,-9.875,0.00,0.000
2026,2026-05-25,2026-09-07,60,108,15,29,14,-0.125,-9.875,0.00,0.000
2026,2026-05-25,2026-09-07,60,108,15,30,14,0.125,-9.875,0.00,0.000
2026,2026-05-25,2026-09-07,60,108,15,31,14,0.375,-9.875,0.00,0.000
2026,2026-05-25,2026-09-07,60,108,15,32,14,0.625,-9.875,0.00,0.000
2026,2026-05-25,2026-09-07,60,108,15,33,14,0.875,-9.875,0.00,0.000
2026,2026-05-25,2026-09-07,60,108,15,34,14,1.125,-9.875,0.00,0.000
2026,2026-05-25,2026-09-07,60,108,15,35,14,1.375,-9.875,0.00,0.000
2026,2026-05-25,2026-09-07,60,108,15,36,14,1.625,-9.875,0.00,0.000
2026,2026-05-25,2026-09-07,60,108,15,37,14,1.875,-9.875,0.00,0.000
2026,2026-05-25,2026-09-07,60,108,15,38,14,2.125,-9.875,0.00,0.000
2026,2026-05-25,2026-09-07,60,108,15,39,14,2.375,-9.875,0.00,0.000
2026,2026-05-25,2026-09-07,60,108,15,40,14,2.625,-9.875,0.00,0.000
2026,2026-05-25,2026-09-07,60,108,15,41,14,2.875,-9.875,0.00,0.000
2026,2026-05-25,2026-09-07,60,108,15,42,14,3.125,-9.875,0.00,0.000
2026,2026-05-25,2026-09-07,60,108,15,43,14,3.375,-9.875,0.00,0.000
2026,2026-05-25,2026-09-07,60,108,15,44,14,3.625,-9.875,175.50,1.656
2026,2026-05-25,2026-09-07,60,108,15,45,14,3.875,-9.875,248.25,2.342
2026,2026-05-25,2026-09-07,60,108,15,46,14,4.125,-9.875,250.25,2.361
2026,2026-05-25,2026-09-07,60,108,15,47,14,4.375,-9.875,243.00,2.292
2026,2026-05-25,2026-09-07,60,108,15,48,14,4.625,-9.875,242.00,2.283
2026,2026-05-25,2026-09-07,60,108,15,49,14,4.875,-9.875,246.50,2.325
2026,2026-05-25,2026-09-07,60,108,15,50,14,5.125,-9.875,241.75,2.281
2026,2026-05-25,2026-09-07,60,108,15,51,14,5.375,-9.875,236.00,2.226
2026,2026-05-25,2026-09-07,60,108,15,52,14,5.625,-9.875,234.00,2.208
2026,2026-05-25,2026-09-07,60,108,15,53,14,5.875,-9.875,235.50,2.222
2026,2026-05-25,2026-09-07,60,108,15,54,14,6.125,-9.875,226.00,2.132
2026,2026-05-25,2026-09-07,60,108,15,55,14,6.375,-9.875,223.25,2.106
2026,2026-05-25,2026-09-07,60,108,15,56,14,6.625,-9.875,224.25,2.116
2026,2026-05-25,2026-09-07,60,108,15,57,14,6.875,-9.875,217.75,2.054
2026,2026-05-25,2026-09-07,60,108,15,58,14,7.125,-9.875,215.00,2.028
2026,2026-05-25,2026-09-07,60,108,15,59,14,7.375,-9.875,216.50,2.042
2026,2026-05-25,2026-09-07,60,108,15,0,15,-7.375,-9.625,215.75,2.035
2026,2026-05-25,2026-09-07,60,108,15,1,15,-7.125,-9.625,219.50,2.071
2026,2026-05-25,2026-09-07,60,108,15,2,15,-6.875,-9.625,221.50,2.090
2026,2026-05-25,2026-09-07,60,108,15,3,15,-6.625,-9.625,224.25,2.116
2026,2026-05-25,2026-09-07,60,108,15,4,15,-6.375,-9.625,225.00,2.123
2026,2026-05-25,2026-09-07,60,108,15,5,15,-6.125,-9.625,228.50,2.156
2026,2026-05-25,2026-09-07,60,108,15,6,15,-5.875,-9.625,229.75,2.167
2026,2026-05-25,2026-09-07,60,108,15,7,15,-5.625,-9.625,232.25,2.191
2026,2026-05-25,2026-09-07,60,108,15,8,15,-5.375,-9.625,238.50,2.250
2026,2026-05-25,2026-09-07,60,108,15,9,15,-5.125,-9.625,239.75,2.262
2026,2026-05-25,2026-09-07,60,108,15,10,15,-4.875,-9.625,241.25,2.276
2026,2026-05-25,2026-09-07,60,108,15,11,15,-4.625,-9.625,243.50,2.297
2026,2026-05-25,2026-09-07,60,108,15,12,15,-4.375,-9.625,250.25,2.361
2026,2026-05-25,2026-09-07,60,108,15,13,15,-4.125,-9.625,231.25,2.182
2026,2026-05-25,2026-09-07,60,108,15,14,15,-3.875,-9.625,176.75,1.667
2026,2026-05-25,2026-09-07,60,108,15,15,15,-3.625,-9.625,109.50,1.033
2026,2026-05-25,2026-09-07,60,108,15,16,15,-3.375,-9.625,0.00,0.000
2026,2026-05-25,2026-09-07,60,108,15,17,15,-3.125,-9.625,0.00,0.000
2026,2026-05-25,2026-09-07,60,108,15,18,15,-2.875,-9.625,0.00,0.000
2026,2026-05-25,2026-09-07,60,108,15,19,15,-2.625,-9.625,0.00,0.000
2026,2026-05-25,2026-09-07,60,108,15,20,15,-2.375,-9.625,0.00,0.000
2026,2026-05-25,2026-09-07,60,108,15,21,15,-2.125,-9.625,0.00,0.000
2026,2026-05-25,2026-09-07,60,108,15,22,15,-1.875,-9.625,0.00,0.000
2026,2026-05-25,2026-09-07,60,108,15,23,15,-1.625,-9.625,0.00,0.000
2026,2026-05-25,2026-09-07,60,108,15,24,15,-1.375,-9.625,0.00,0.000
2026,2026-05-25,2026-09-07,60,108,15,25,15,-1.125,-9.625,0.00,0.000
2026,2026-05-25,2026-09-07,60,108,15,26,15,-0.875,-9.625,0.00,0.000
2026,2026-05-25,2026-09-07,60,108,15,27,15,-0.625,-9.625,0.00,0.000
2026,2026-05-25,2026-09-07,60,108,15,28,15,-0.375,-9.625,0.00,0.000
2026,2026-05-25,2026-09-07,60,108,15,29,15,-0.125,-9.625,0.00,0.000
2026,2026-05-25,2026-09-07,60,108,15,30,15,0.125,-9.625,0.00,0.000
2026,2026-05-25,2026-09-07,60,108,15,31,15,0.375,-9.625,0.00,0.000
2026,2026-05-25,2026-09-07,60,108,15,32,15,0.625,-9.625,0.00,0.000
2026,2026-05-25,2026-09-07,60,108,15,33,15,0.875,-9.625,0.00,0.000
2026,2026-05-25,2026-09-07,60,108,15,34,15,1.125,-9.625,0.00,0.000
2026,2026-05-25,2026-09-07,60,108,15,35,15,1.375,-9.625,0.00,0.000
2026,2026-05-25,2026-09-07,60,108,15,36,15,1.625,-9.625,0.00,0.000
2026,2026-05-25,2026-09-07,60,108,15,37,15,1.875,-9.625,0.00,0.000
2026,2026-05-25,2026-09-07,60,108,15,38,15,2.125,-9.625,0.00,0.000
2026,2026-05-25,2026-09-07,60,108,15,39,15,2.375,-9.625,0.00,0.000
2026,2026-05-25,2026-09-07,60,108,15,40,15,2.625,-9.625,0.00,0.000
2026,2026-05-25,2026-09-07,60,108,15,41,15,2.875,-9.625,0.00,0.000
2026,2026-05-25,2026-09-07,60,108,15,42,15,3.125,-9.625,0.00,0.000
2026,2026-05-25,2026-09-07,60,108,15,43,15,3.375,-9.625,0.00,0.000
2026,2026-05-25,2026-09-07,60,108,15,44,15,3.625,-9.625,110.75,1.045
2026,2026-05-25,2026-09-07,60,108,15,45,15,3.875,-9.625,177.50,1.675
2026,2026-05-25,2026-09-07,60,108,15,46,15,4.125,-9.625,226.50,2.137
2026,2026-05-25,2026-09-07,60,108,15,47,15,4.375,-9.625,241.50,2.278
2026,2026-05-25,2026-09-07,60,108,15,48,15,4.625,-9.625,240.75,2.271
2026,2026-05-25,2026-09-07,60,108,15,49,15,4.875,-9.625,243.25,2.295
2026,2026-05-25,2026-09-07,60,108,15,50,15,5.125,-9.625,236.25,2.229
2026,2026-05-25,2026-09-07,60,108,15,51,15,5.375,-9.625,236.25,2.229
2026,2026-05-25,2026-09-07,60,108,15,52,15,5.625,-9.625,237.25,2.238
2026,2026-05-25,2026-09-07,60,108,15,53,15,5.875,-9.625,233.25,2.200
2026,2026-05-25,2026-09-07,60,108,15,54,15,6.125,-9.625,227.50,2.146
2026,2026-05-25,2026-09-07,60,108,15,55,15,6.375,-9.625,224.75,2.120
2026,2026-05-25,2026-09-07,60,108,15,56,15,6.625,-9.625,226.25,2.134
2026,2026-05-25,2026-09-07,60,108,15,57,15,6.875,-9.625,217.75,2.054
2026,2026-05-25,2026-09-07,60,108,15,58,15,7.125,-9.625,214.00,2.019
2026,2026-05-25,2026-09-07,60,108,15,59,15,7.375,-9.625,215.00,2.028
2026,2026-05-25,2026-09-07,60,108,15,0,16,-7.375,-9.375,217.25,2.050
2026,2026-05-25,2026-09-07,60,108,15,1,16,-7.125,-9.375,218.00,2.057
2026,2026-05-25,2026-09-07,60,108,15,2,16,-6.875,-9.375,218.50,2.061
2026,2026-05-25,2026-09-07,60,108,15,3,16,-6.625,-9.375,221.00,2.085
2026,2026-05-25,2026-09-07,60,108,15,4,16,-6.375,-9.375,224.00,2.113
2026,2026-05-25,2026-09-07,60,108,15,5,16,-6.125,-9.375,228.75,2.158
2026,2026-05-25,2026-09-07,60,108,15,6,16,-5.875,-9.375,230.00,2.170
2026,2026-05-25,2026-09-07,60,108,15,7,16,-5.625,-9.375,232.25,2.191
2026,2026-05-25,2026-09-07,60,108,15,8,16,-5.375,-9.375,235.25,2.219
2026,2026-05-25,2026-09-07,60,108,15,9,16,-5.125,-9.375,240.25,2.267
2026,2026-05-25,2026-09-07,60,108,15,10,16,-4.875,-9.375,242.75,2.290
2026,2026-05-25,2026-09-07,60,108,15,11,16,-4.625,-9.375,229.25,2.163
2026,2026-05-25,2026-09-07,60,108,15,12,16,-4.375,-9.375,209.00,1.972
2026,2026-05-25,2026-09-07,60,108,15,13,16,-4.125,-9.375,177.75,1.677
2026,2026-05-25,2026-09-07,60,108,15,14,16,-3.875,-9.375,142.75,1.347
2026,2026-05-25,2026-09-07,60,108,15,15,16,-3.625,-9.375,94.25,0.889
2026,2026-05-25,2026-09-07,60,108,15,16,16,-3.375,-9.375,0.00,0.000
2026,2026-05-25,2026-09-07,60,108,15,17,16,-3.125,-9.375,0.00,0.000
2026,2026-05-25,2026-09-07,60,108,15,18,16,-2.875,-9.375,0.00,0.000
2026,2026-05-25,2026-09-07,60,108,15,19,16,-2.625,-9.375,0.00,0.000
2026,2026-05-25,2026-09-07,60,108,15,20,16,-2.375,-9.375,0.00,0.000
2026,2026-05-25,2026-09-07,60,108,15,21,16,-2.125,-9.375,0.00,0.000
2026,2026-05-25,2026-09-07,60,108,15,22,16,-1.875,-9.375,0.00,0.000
2026,2026-05-25,2026-09-07,60,108,15,23,16,-1.625,-9.375,0.00,0.000
2026,2026-05-25,2026-09-07,60,108,15,24,16,-1.375,-9.375,0.00,0.000
2026,2026-05-25,2026-09-07,60,108,15,25,16,-1.125,-9.375,0.00,0.000
2026,2026-05-25,2026-09-07,60,108,15,26,16,-0.875,-9.375,0.00,0.000
2026,2026-05-25,2026-09-07,60,108,15,27,16,-0.625,-9.375,0.00,0.000
2026,2026-05-25,2026-09-07,60,108,15,28,16,-0.375,-9.375,0.00,0.000
2026,2026-05-25,2026-09-07,60,108,15,29,16,-0.125,-9.375,0.00,0.000
2026,2026-05-25,2026-09-07,60,108,15,30,16,0.125,-9.375,0.00,0.000
2026,2026-05-25,2026-09-07,60,108,15,31,16,0.375,-9.375,0.00,0.000
2026,2026-05-25,2026-09-07,60,108,15,32,16,0.625,-9.375,0.00,0.000
2026,2026-05-25,2026-09-07,60,108,15,33,16,0.875,-9.375,0.00,0.000
2026,2026-05-25,2026-09-07,60,108,15,34,16,1.125,-9.375,0.00,0.000
2026,2026-05-25,2026-09-07,60,108,15,35,16,1.375,-9.375,0.00,0.000
2026,2026-05-25,2026-09-07,60,108,15,36,16,1.625,-9.375,0.00,0.000
2026,2026-05-25,2026-09-07,60,108,15,37,16,1.875,-9.375,0.00,0.000
2026,2026-05-25,2026-09-07,60,108,15,38,16,2.125,-9.375,0.00,0.000
2026,2026-05-25,2026-09-07,60,108,15,39,16,2.375,-9.375,0.00,0.000
2026,2026-05-25,2026-09-07,60,108,15,40,16,2.625,-9.375,0.00,0.000
2026,2026-05-25,2026-09-07,60,108,15,41,16,2.875,-9.375,0.00,0.000
2026,2026-05-25,2026-09-07,60,108,15,42,16,3.125,-9.375,0.00,0.000
2026,2026-05-25,2026-09-07,60,108,15,43,16,3.375,-9.375,0.00,0.000
2026,2026-05-25,2026-09-07,60,108,15,44,16,3.625,-9.375,97.50,0.920
2026,2026-05-25,2026-09-07,60,108,15,45,16,3.875,-9.375,143.25,1.351
2026,2026-05-25,2026-09-07,60,108,15,46,16,4.125,-9.375,172.50,1.627
2026,2026-05-25,2026-09-07,60,108,15,47,16,4.375,-9.375,204.00,1.925
2026,2026-05-25,2026-09-07,60,108,15,48,16,4.625,-9.375,231.75,2.186
2026,2026-05-25,2026-09-07,60,108,15,49,16,4.875,-9.375,241.25,2.276
2026,2026-05-25,2026-09-07,60,108,15,50,16,5.125,-9.375,233.75,2.205
2026,2026-05-25,2026-09-07,60,108,15,51,16,5.375,-9.375,233.00,2.198
2026,2026-05-25,2026-09-07,60,108,15,52,16,5.625,-9.375,235.00,2.217
2026,2026-05-25,2026-09-07,60,108,15,53,16,5.875,-9.375,230.25,2.172
2026,2026-05-25,2026-09-07,60,108,15,54,16,6.125,-9.375,229.25,2.163
2026,2026-05-25,2026-09-07,60,108,15,55,16,6.375,-9.375,227.25,2.144
2026,2026-05-25,2026-09-07,60,108,15,56,16,6.625,-9.375,228.75,2.158
2026,2026-05-25,2026-09-07,60,108,15,57,16,6.875,-9.375,219.00,2.066
2026,2026-05-25,2026-09-07,60,108,15,58,16,7.125,-9.375,215.00,2.028
2026,2026-05-25,2026-09-07,60,108,15,59,16,7.375,-9.375,216.00,2.038
2026,2026-05-25,2026-09-07,60,108,15,0,17,-7.375,-9.125,213.00,2.009
2026,2026-05-25,2026-09-07,60,108,15,1,17,-7.125,-9.125,215.75,2.035
2026,2026-05-25,2026-09-07,60,108,15,2,17,-6.875,-9.125,217.75,2.054
2026,2026-05-25,2026-09-07,60,108,15,3,17,-6.625,-9.125,220.50,2.080
2026,2026-05-25,2026-09-07,60,108,15,4,17,-6.375,-9.125,223.50,2.108
2026,2026-05-25,2026-09-07,60,108,15,5,17,-6.125,-9.125,227.75,2.149
2026,2026-05-25,2026-09-07,60,108,15,6,17,-5.875,-9.125,230.00,2.170
2026,2026-05-25,2026-09-07,60,108,15,7,17,-5.625,-9.125,233.00,2.198
2026,2026-05-25,2026-09-07,60,108,15,8,17,-5.375,-9.125,235.75,2.224
2026,2026-05-25,2026-09-07,60,108,15,9,17,-5.125,-9.125,235.50,2.222
2026,2026-05-25,2026-09-07,60,108,15,10,17,-4.875,-9.125,227.00,2.142
2026,2026-05-25,2026-09-07,60,108,15,11,17,-4.625,-9.125,200.75,1.894
2026,2026-05-25,2026-09-07,60,108,15,12,17,-4.375,-9.125,171.25,1.616
2026,2026-05-25,2026-09-07,60,108,15,13,17,-4.125,-9.125,150.25,1.417
2026,2026-05-25,2026-09-07,60,108,15,14,17,-3.875,-9.125,123.00,1.160
2026,2026-05-25,2026-09-07,60,108,15,15,17,-3.625,-9.125,94.00,0.887
2026,2026-05-25,2026-09-07,60,108,15,16,17,-3.375,-9.125,0.00,0.000
2026,2026-05-25,2026-09-07,60,108,15,17,17,-3.125,-9.125,0.00,0.000
2026,2026-05-25,2026-09-07,60,108,15,18,17,-2.875,-9.125,0.00,0.000
2026,2026-05-25,2026-09-07,60,108,15,19,17,-2.625,-9.125,0.00,0.000
2026,2026-05-25,2026-09-07,60,108,15,20,17,-2.375,-9.125,0.00,0.000
2026,2026-05-25,2026-09-07,60,108,15,21,17,-2.125,-9.125,0.00,0.000
2026,2026-05-25,2026-09-07,60,108,15,22,17,-1.875,-9.125,0.00,0.000
2026,2026-05-25,2026-09-07,60,108,15,23,17,-1.625,-9.125,0.00,0.000
2026,2026-05-25,2026-09-07,60,108,15,24,17,-1.375,-9.125,0.00,0.000
2026,2026-05-25,2026-09-07,60,108,15,25,17,-1.125,-9.125,0.00,0.000
2026,2026-05-25,2026-09-07,60,108,15,26,17,-0.875,-9.125,0.00,0.000
2026,2026-05-25,2026-09-07,60,108,15,27,17,-0.625,-9.125,0.00,0.000
2026,2026-05-25,2026-09-07,60,108,15,28,17,-0.375,-9.125,0.00,0.000
2026,2026-05-25,2026-09-07,60,108,15,29,17,-0.125,-9.125,0.00,0.000
2026,2026-05-25,2026-09-07,60,108,15,30,17,0.125,-9.125,0.00,0.000
2026,2026-05-25,2026-09-07,60,108,15,31,17,0.375,-9.125,0.00,0.000
2026,2026-05-25,2026-09-07,60,108,15,32,17,0.625,-9.125,0.00,0.000
2026,2026-05-25,2026-09-07,60,108,15,33,17,0.875,-9.125,0.00,0.000
2026,2026-05-25,2026-09-07,60,108,15,34,17,1.125,-9.125,0.00,0.000
2026,2026-05-25,2026-09-07,60,108,15,35,17,1.375,-9.125,0.00,0.000
2026,2026-05-25,2026-09-07,60,108,15,36,17,1.625,-9.125,0.00,0.000
2026,2026-05-25,2026-09-07,60,108,15,37,17,1.875,-9.125,0.00,0.000
2026,2026-05-25,2026-09-07,60,108,15,38,17,2.125,-9.125,0.00,0.000
2026,2026-05-25,2026-09-07,60,108,15,39,17,2.375,-9.125,0.00,0.000
2026,2026-05-25,2026-09-07,60,108,15,40,17,2.625,-9.125,0.00,0.000
2026,2026-05-25,2026-09-07,60,108,15,41,17,2.875,-9.125,0.00,0.000
2026,2026-05-25,2026-09-07,60,108,15,42,17,3.125,-9.125,0.00,0.000
2026,2026-05-25,2026-09-07,60,108,15,43,17,3.375,-9.125,0.00,0.000
2026,2026-05-25,2026-09-07,60,108,15,44,17,3.625,-9.125,92.75,0.875
2026,2026-05-25,2026-09-07,60,108,15,45,17,3.875,-9.125,119.50,1.127
2026,2026-05-25,2026-09-07,60,108,15,46,17,4.125,-9.125,147.50,1.392
2026,2026-05-25,2026-09-07,60,108,15,47,17,4.375,-9.125,175.25,1.653
2026,2026-05-25,2026-09-07,60,108,15,48,17,4.625,-9.125,201.75,1.903
2026,2026-05-25,2026-09-07,60,108,15,49,17,4.875,-9.125,225.50,2.127
2026,2026-05-25,2026-09-07,60,108,15,50,17,5.125,-9.125,231.25,2.182
2026,2026-05-25,2026-09-07,60,108,15,51,17,5.375,-9.125,232.00,2.189
2026,2026-05-25,2026-09-07,60,108,15,52,17,5.625,-9.125,233.75,2.205
2026,2026-05-25,2026-09-07,60,108,15,53,17,5.875,-9.125,225.25,2.125
2026,2026-05-25,2026-09-07,60,108,15,54,17,6.125,-9.125,224.25,2.116
2026,2026-05-25,2026-09-07,60,108,15,55,17,6.375,-9.125,225.25,2.125
2026,2026-05-25,2026-09-07,60,108,15,56,17,6.625,-9.125,225.25,2.125
2026,2026-05-25,2026-09-07,60,108,15,57,17,6.875,-9.125,219.75,2.073
2026,2026-05-25,2026-09-07,60,108,15,58,17,7.125,-9.125,215.75,2.035
2026,2026-05-25,2026-09-07,60,108,15,59,17,7.375,-9.125,217.00,2.047
2026,2026-05-25,2026-09-07,60,108,15,0,18,-7.375,-8.875,213.50,2.014
2026,2026-05-25,2026-09-07,60,108,15,1,18,-7.125,-8.875,216.25,2.040
2026,2026-05-25,2026-09-07,60,108,15,2,18,-6.875,-8.875,219.00,2.066
2026,2026-05-25,2026-09-07,60,108,15,3,18,-6.625,-8.875,222.00,2.094
2026,2026-05-25,2026-09-07,60,108,15,4,18,-6.375,-8.875,225.00,2.123
2026,2026-05-25,2026-09-07,60,108,15,5,18,-6.125,-8.875,228.25,2.153
2026,2026-05-25,2026-09-07,60,108,15,6,18,-5.875,-8.875,230.75,2.177
2026,2026-05-25,2026-09-07,60,108,15,7,18,-5.625,-8.875,231.25,2.182
2026,2026-05-25,2026-09-07,60,108,15,8,18,-5.375,-8.875,230.50,2.175
2026,2026-05-25,2026-09-07,60,108,15,9,18,-5.125,-8.875,228.75,2.158
2026,2026-05-25,2026-09-07,60,108,15,10,18,-4.875,-8.875,223.75,2.111
2026,2026-05-25,2026-09-07,60,108,15,11,18,-4.625,-8.875,199.50,1.882
2026,2026-05-25,2026-09-07,60,108,15,12,18,-4.375,-8.875,168.50,1.590
2026,2026-05-25,2026-09-07,60,108,15,13,18,-4.125,-8.875,145.75,1.375
2026,2026-05-25,2026-09-07,60,108,15,14,18,-3.875,-8.875,119.00,1.123
2026,2026-05-25,2026-09-07,60,108,15,15,18,-3.625,-8.875,88.00,0.830
2026,2026-05-25,2026-09-07,60,108,15,16,18,-3.375,-8.875,0.00,0.000
2026,2026-05-25,2026-09-07,60,108,15,17,18,-3.125,-8.875,0.00,0.000
2026,2026-05-25,2026-09-07,60,108,15,18,18,-2.875,-8.875,0.00,0.000
2026,2026-05-25,2026-09-07,60,108,15,19,18,-2.625,-8.875,0.00,0.000
2026,2026-05-25,2026-09-07,60,108,15,20,18,-2.375,-8.875,0.00,0.000
2026,2026-05-25,2026-09-07,60,108,15,21,18,-2.125,-8.875,0.00,0.000
2026,2026-05-25,2026-09-07,60,108,15,22,18,-1.875,-8.875,0.00,0.000
2026,2026-05-25,2026-09-07,60,108,15,23,18,-1.625,-8.875,0.00,0.000
2026,2026-05-25,2026-09-07,60,108,15,24,18,-1.375,-8.875,0.00,0.000
2026,2026-05-25,2026-09-07,60,108,15,25,18,-1.125,-8.875,0.00,0.000
2026,2026-05-25,2026-09-07,60,108,15,26,18,-0.875,-8.875,0.00,0.000
2026,2026-05-25,2026-09-07,60,108,15,27,18,-0.625,-8.875,0.00,0.000
2026,2026-05-25,2026-09-07,60,108,15,28,18,-0.375,-8.875,0.00,0.000
2026,2026-05-25,2026-09-07,60,108,15,29,18,-0.125,-8.875,0.00,0.000
2026,2026-05-25,2026-09-07,60,108,15,30,18,0.125,-8.875,0.00,0.000
2026,2026-05-25,2026-09-07,60,108,15,31,18,0.375,-8.875,0.00,0.000
2026,2026-05-25,2026-09-07,60,108,15,32,18,0.625,-8.875,0.00,0.000
2026,2026-05-25,2026-09-07,60,108,15,33,18,0.875,-8.875,0.00,0.000
2026,2026-05-25,2026-09-07,60,108,15,34,18,1.125,-8.875,0.00,0.000
2026,2026-05-25,2026-09-07,60,108,15,35,18,1.375,-8.875,0.00,0.000
2026,2026-05-25,2026-09-07,60,108,15,36,18,1.625,-8.875,0.00,0.000
2026,2026-05-25,2026-09-07,60,108,15,37,18,1.875,-8.875,0.00,0.000
2026,2026-05-25,2026-09-07,60,108,15,38,18,2.125,-8.875,0.00,0.000
2026,2026-05-25,2026-09-07,60,108,15,39,18,2.375,-8.875,0.00,0.000
2026,2026-05-25,2026-09-07,60,108,15,40,18,2.625,-8.875,0.00,0.000
2026,2026-05-25,2026-09-07,60,108,15,41,18,2.875,-8.875,0.00,0.000
2026,2026-05-25,2026-09-07,60,108,15,42,18,3.125,-8.875,0.00,0.000
2026,2026-05-25,2026-09-07,60,108,15,43,18,3.375,-8.875,0.00,0.000
2026,2026-05-25,2026-09-07,60,108,15,44,18,3.625,-8.875,85.75,0.809
2026,2026-05-25,2026-09-07,60,108,15,45,18,3.875,-8.875,113.75,1.073
2026,2026-05-25,2026-09-07,60,108,15,46,18,4.125,-8.875,144.25,1.361
2026,2026-05-25,2026-09-07,60,108,15,47,18,4.375,-8.875,174.75,1.649
2026,2026-05-25,2026-09-07,60,108,15,48,18,4.625,-8.875,201.25,1.899
2026,2026-05-25,2026-09-07,60,108,15,49,18,4.875,-8.875,223.00,2.104
2026,2026-05-25,2026-09-07,60,108,15,50,18,5.125,-8.875,229.25,2.163
2026,2026-05-25,2026-09-07,60,108,15,51,18,5.375,-8.875,232.75,2.196
2026,2026-05-25,2026-09-07,60,108,15,52,18,5.625,-8.875,234.25,2.210
2026,2026-05-25,2026-09-07,60,108,15,53,18,5.875,-8.875,225.50,2.127
2026,2026-05-25,2026-09-07,60,108,15,54,18,6.125,-8.875,223.25,2.106
2026,2026-05-25,2026-09-07,60,108,15,55,18,6.375,-8.875,224.25,2.116
2026,2026-05-25,2026-09-07,60,108,15,56,18,6.625,-8.875,219.75,2.073
2026,2026-05-25,2026-09-07,60,108,15,57,18,6.875,-8.875,217.25,2.050
2026,2026-05-25,2026-09-07,60,108,15,58,18,7.125,-8.875,217.75,2.054
2026,2026-05-25,2026-09-07,60,108,15,59,18,7.375,-8.875,219.00,2.066
2026,2026-05-25,2026-09-07,60,108,15,0,19,-7.375,-8.625,213.50,2.014
2026,2026-05-25,2026-09-07,60,108,15,1,19,-7.125,-8.625,216.75,2.045
2026,2026-05-25,2026-09-07,60,108,15,2,19,-6.875,-8.625,219.50,2.071
2026,2026-05-25,2026-09-07,60,108,15,3,19,-6.625,-8.625,222.00,2.094
2026,2026-05-25,2026-09-07,60,108,15,4,19,-6.375,-8.625,225.75,2.130
2026,2026-05-25,2026-09-07,60,108,15,5,19,-6.125,-8.625,225.25,2.125
2026,2026-05-25,2026-09-07,60,108,15,6,19,-5.875,-8.625,226.75,2.139
2026,2026-05-25,2026-09-07,60,108,15,7,19,-5.625,-8.625,228.25,2.153
2026,2026-05-25,2026-09-07,60,108,15,8,19,-5.375,-8.625,228.75,2.158
2026,2026-05-25,2026-09-07,60,108,15,9,19,-5.125,-8.625,227.50,2.146
2026,2026-05-25,2026-09-07,60,108,15,10,19,-4.875,-8.625,224.25,2.116
2026,2026-05-25,2026-09-07,60,108,15,11,19,-4.625,-8.625,201.75,1.903
2026,2026-05-25,2026-09-07,60,108,15,12,19,-4.375,-8.625,170.00,1.604
2026,2026-05-25,2026-09-07,60,108,15,13,19,-4.125,-8.625,144.50,1.363
2026,2026-05-25,2026-09-07,60,108,15,14,19,-3.875,-8.625,119.75,1.130
2026,2026-05-25,2026-09-07,60,108,15,15,19,-3.625,-8.625,88.00,0.830
2026,2026-05-25,2026-09-07,60,108,15,16,19,-3.375,-8.625,32.75,0.309
2026,2026-05-25,2026-09-07,60,108,15,17,19,-3.125,-8.625,0.00,0.000
2026,2026-05-25,2026-09-07,60,108,15,18,19,-2.875,-8.625,0.00,0.000
2026,2026-05-25,2026-09-07,60,108,15,19,19,-2.625,-8.625,0.00,0.000
2026,2026-05-25,2026-09-07,60,108,15,20,19,-2.375,-8.625,0.00,0.000
2026,2026-05-25,2026-09-07,60,108,15,21,19,-2.125,-8.625,0.00,0.000
2026,2026-05-25,2026-09-07,60,108,15,22,19,-1.875,-8.625,0.00,0.000
2026,2026-05-25,2026-09-07,60,108,15,23,19,-1.625,-8.625,0.00,0.000
2026,2026-05-25,2026-09-07,60,108,15,24,19,-1.375,-8.625,0.00,0.000
2026,2026-05-25,2026-09-07,60,108,15,25,19,-1.125,-8.625,0.00,0.000
2026,2026-05-25,2026-09-07,60,108,15,26,19,-0.875,-8.625,0.00,0.000
2026,2026-05-25,2026-09-07,60,108,15,27,19,-0.625,-8.625,0.00,0.000
2026,2026-05-25,2026-09-07,60,108,15,28,19,-0.375,-8.625,0.00,0.000
2026,2026-05-25,2026-09-07,60,108,15,29,19,-0.125,-8.625,0.00,0.000
2026,2026-05-25,2026-09-07,60,108,15,30,19,0.125,-8.625,0.00,0.000
2026,2026-05-25,2026-09-07,60,108,15,31,19,0.375,-8.625,0.00,0.000
2026,2026-05-25,2026-09-07,60,108,15,32,19,0.625,-8.625,0.00,0.000
2026,2026-05-25,2026-09-07,60,108,15,33,19,0.875,-8.625,0.00,0.000
2026,2026-05-25,2026-09-07,60,108,15,34,19,1.125,-8.625,0.00,0.000
2026,2026-05-25,2026-09-07,60,108,15,35,19,1.375,-8.625,0.00,0.000
2026,2026-05-25,2026-09-07,60,108,15,36,19,1.625,-8.625,0.00,0.000
2026,2026-05-25,2026-09-07,60,108,15,37,19,1.875,-8.625,0.00,0.000
2026,2026-05-25,2026-09-07,60,108,15,38,19,2.125,-8.625,0.00,0.000
2026,2026-05-25,2026-09-07,60,108,15,39,19,2.375,-8.625,0.00,0.000
2026,2026-05-25,2026-09-07,60,108,15,40,19,2.625,-8.625,0.00,0.000
2026,2026-05-25,2026-09-07,60,108,15,41,19,2.875,-8.625,0.00,0.000
2026,2026-05-25,2026-09-07,60,108,15,42,19,3.125,-8.625,0.00,0.000
2026,2026-05-25,2026-09-07,60,108,15,43,19,3.375,-8.625,36.75,0.347
2026,2026-05-25,2026-09-07,60,108,15,44,19,3.625,-8.625,82.25,0.776
2026,2026-05-25,2026-09-07,60,108,15,45,19,3.875,-8.625,113.25,1.068
2026,2026-05-25,2026-09-07,60,108,15,46,19,4.125,-8.625,145.50,1.373
2026,2026-05-25,2026-09-07,60,108,15,47,19,4.375,-8.625,177.50,1.675
2026,2026-05-25,2026-09-07,60,108,15,48,19,4.625,-8.625,198.00,1.868
2026,2026-05-25,2026-09-07,60,108,15,49,19,4.875,-8.625,219.75,2.073
2026,2026-05-25,2026-09-07,60,108,15,50,19,5.125,-8.625,231.25,2.182
2026,2026-05-25,2026-09-07,60,108,15,51,19,5.375,-8.625,235.00,2.217
2026,2026-05-25,2026-09-07,60,108,15,52,19,5.625,-8.625,231.25,2.182
2026,2026-05-25,2026-09-07,60,108,15,53,19,5.875,-8.625,225.75,2.130
2026,2026-05-25,2026-09-07,60,108,15,54,19,6.125,-8.625,223.50,2.108
2026,2026-05-25,2026-09-07,60,108,15,55,19,6.375,-8.625,224.50,2.118
2026,2026-05-25,2026-09-07,60,108,15,56,19,6.625,-8.625,217.75,2.054
2026,2026-05-25,2026-09-07,60,108,15,57,19,6.875,-8.625,215.25,2.031
2026,2026-05-25,2026-09-07,60,108,15,58,19,7.125,-8.625,213.00,2.009
2026,2026-05-25,2026-09-07,60,108,15,59,19,7.375,-8.625,216.00,2.038
2026,2026-05-25,2026-09-07,60,108,15,0,20,-7.375,-8.375,215.00,2.028
2026,2026-05-25,2026-09-07,60,108,15,1,20,-7.125,-8.375,218.00,2.057
2026,2026-05-25,2026-09-07,60,108,15,2,20,-6.875,-8.375,221.75,2.092
2026,2026-05-25,2026-09-07,60,108,15,3,20,-6.625,-8.375,220.25,2.078
2026,2026-05-25,2026-09-07,60,108,15,4,20,-6.375,-8.375,222.75,2.101
2026,2026-05-25,2026-09-07,60,108,15,5,20,-6.125,-8.375,224.00,2.113
2026,2026-05-25,2026-09-07,60,108,15,6,20,-5.875,-8.375,227.00,2.142
2026,2026-05-25,2026-09-07,60,108,15,7,20,-5.625,-8.375,228.50,2.156
2026,2026-05-25,2026-09-07,60,108,15,8,20,-5.375,-8.375,229.50,2.165
2026,2026-05-25,2026-09-07,60,108,15,9,20,-5.125,-8.375,228.00,2.151
2026,2026-05-25,2026-09-07,60,108,15,10,20,-4.875,-8.375,225.75,2.130
2026,2026-05-25,2026-09-07,60,108,15,11,20,-4.625,-8.375,204.75,1.932
2026,2026-05-25,2026-09-07,60,108,15,12,20,-4.375,-8.375,172.50,1.627
2026,2026-05-25,2026-09-07,60,108,15,13,20,-4.125,-8.375,146.50,1.382
2026,2026-05-25,2026-09-07,60,108,15,14,20,-3.875,-8.375,117.00,1.104
2026,2026-05-25,2026-09-07,60,108,15,15,20,-3.625,-8.375,89.00,0.840
2026,2026-05-25,2026-09-07,60,108,15,16,20,-3.375,-8.375,48.75,0.460
2026,2026-05-25,2026-09-07,60,108,15,17,20,-3.125,-8.375,0.75,0.007
2026,2026-05-25,2026-09-07,60,108,15,18,20,-2.875,-8.375,0.00,0.000
2026,2026-05-25,2026-09-07,60,108,15,19,20,-2.625,-8.375,0.00,0.000
2026,2026-05-25,2026-09-07,60,108,15,20,20,-2.375,-8.375,0.00,0.000
2026,2026-05-25,2026-09-07,60,108,15,21,20,-2.125,-8.375,0.00,0.000
2026,2026-05-25,2026-09-07,60,108,15,22,20,-1.875,-8.375,0.00,0.000
2026,2026-05-25,2026-09-07,60,108,15,23,20,-1.625,-8.375,0.00,0.000
2026,2026-05-25,2026-09-07,60,108,15,24,20,-1.375,-8.375,0.00,0.000
2026,2026-05-25,2026-09-07,60,108,15,25,20,-1.125,-8.375,0.00,0.000
2026,2026-05-25,2026-09-07,60,108,15,26,20,-0.875,-8.375,0.00,0.000
2026,2026-05-25,2026-09-07,60,108,15,27,20,-0.625,-8.375,0.00,0.000
2026,2026-05-25,2026-09-07,60,108,15,28,20,-0.375,-8.375,0.00,0.000
2026,2026-05-25,2026-09-07,60,108,15,29,20,-0.125,-8.375,0.00,0.000
2026,2026-05-25,2026-09-07,60,108,15,30,20,0.125,-8.375,0.00,0.000
2026,2026-05-25,2026-09-07,60,108,15,31,20,0.375,-8.375,0.00,0.000
2026,2026-05-25,2026-09-07,60,108,15,32,20,0.625,-8.375,0.00,0.000
2026,2026-05-25,2026-09-07,60,108,15,33,20,0.875,-8.375,0.00,0.000
2026,2026-05-25,2026-09-07,60,108,15,34,20,1.125,-8.375,0.00,0.000
2026,2026-05-25,2026-09-07,60,108,15,35,20,1.375,-8.375,0.00,0.000
2026,2026-05-25,2026-09-07,60,108,15,36,20,1.625,-8.375,0.00,0.000
2026,2026-05-25,2026-09-07,60,108,15,37,20,1.875,-8.375,0.00,0.000
2026,2026-05-25,2026-09-07,60,108,15,38,20,2.125,-8.375,0.00,0.000
2026,2026-05-25,2026-09-07,60,108,15,39,20,2.375,-8.375,0.00,0.000
2026,2026-05-25,2026-09-07,60,108,15,40,20,2.625,-8.375,0.00,0.000
2026,2026-05-25,2026-09-07,60,108,15,41,20,2.875,-8.375,0.00,0.000
2026,2026-05-25,2026-09-07,60,108,15,42,20,3.125,-8.375,0.00,0.000
2026,2026-05-25,2026-09-07,60,108,15,43,20,3.375,-8.375,50.25,0.474
2026,2026-05-25,2026-09-07,60,108,15,44,20,3.625,-8.375,81.75,0.771
2026,2026-05-25,2026-09-07,60,108,15,45,20,3.875,-8.375,114.00,1.075
2026,2026-05-25,2026-09-07,60,108,15,46,20,4.125,-8.375,148.25,1.399
2026,2026-05-25,2026-09-07,60,108,15,47,20,4.375,-8.375,181.50,1.712
2026,2026-05-25,2026-09-07,60,108,15,48,20,4.625,-8.375,199.25,1.880
2026,2026-05-25,2026-09-07,60,108,15,49,20,4.875,-8.375,219.75,2.073
2026,2026-05-25,2026-09-07,60,108,15,50,20,5.125,-8.375,226.75,2.139
2026,2026-05-25,2026-09-07,60,108,15,51,20,5.375,-8.375,233.25,2.200
2026,2026-05-25,2026-09-07,60,108,15,52,20,5.625,-8.375,231.50,2.184
2026,2026-05-25,2026-09-07,60,108,15,53,20,5.875,-8.375,227.00,2.142
2026,2026-05-25,2026-09-07,60,108,15,54,20,6.125,-8.375,224.50,2.118
2026,2026-05-25,2026-09-07,60,108,15,55,20,6.375,-8.375,226.25,2.134
2026,2026-05-25,2026-09-07,60,108,15,56,20,6.625,-8.375,217.75,2.054
2026,2026-05-25,2026-09-07,60,108,15,57,20,6.875,-8.375,215.25,2.031
2026,2026-05-25,2026-09-07,60,108,15,58,20,7.125,-8.375,212.50,2.005
2026,2026-05-25,2026-09-07,60,108,15,59,20,7.375,-8.375,214.75,2.026
2026,2026-05-25,2026-09-07,60,108,15,0,21,-7.375,-8.125,215.75,2.035
2026,2026-05-25,2026-09-07,60,108,15,1,21,-7.125,-8.125,215.25,2.031
2026,2026-05-25,2026-09-07,60,108,15,2,21,-6.875,-8.125,217.25,2.050
2026,2026-05-25,2026-09-07,60,108,15,3,21,-6.625,-8.125,214.75,2.026
2026,2026-05-25,2026-09-07,60,108,15,4,21,-6.375,-8.125,220.50,2.080
2026,2026-05-25,2026-09-07,60,108,15,5,21,-6.125,-8.125,222.25,2.097
2026,2026-05-25,2026-09-07,60,108,15,6,21,-5.875,-8.125,226.75,2.139
2026,2026-05-25,2026-09-07,60,108,15,7,21,-5.625,-8.125,228.25,2.153
2026,2026-05-25,2026-09-07,60,108,15,8,21,-5.375,-8.125,229.50,2.165
2026,2026-05-25,2026-09-07,60,108,15,9,21,-5.125,-8.125,228.25,2.153
2026,2026-05-25,2026-09-07,60,108,15,10,21,-4.875,-8.125,224.75,2.120
2026,2026-05-25,2026-09-07,60,108,15,11,21,-4.625,-8.125,219.00,2.066
2026,2026-05-25,2026-09-07,60,108,15,12,21,-4.375,-8.125,203.50,1.920
2026,2026-05-25,2026-09-07,60,108,15,13,21,-4.125,-8.125,174.25,1.644
2026,2026-05-25,2026-09-07,60,108,15,14,21,-3.875,-8.125,134.00,1.264
2026,2026-05-25,2026-09-07,60,108,15,15,21,-3.625,-8.125,93.50,0.882
2026,2026-05-25,2026-09-07,60,108,15,16,21,-3.375,-8.125,55.25,0.521
2026,2026-05-25,2026-09-07,60,108,15,17,21,-3.125,-8.125,20.00,0.189
2026,2026-05-25,2026-09-07,60,108,15,18,21,-2.875,-8.125,0.00,0.000
2026,2026-05-25,2026-09-07,60,108,15,19,21,-2.625,-8.125,0.00,0.000
2026,2026-05-25,2026-09-07,60,108,15,20,21,-2.375,-8.125,0.00,0.000
2026,2026-05-25,2026-09-07,60,108,15,21,21,-2.125,-8.125,0.00,0.000
2026,2026-05-25,2026-09-07,60,108,15,22,21,-1.875,-8.125,0.00,0.000
2026,2026-05-25,2026-09-07,60,108,15,23,21,-1.625,-8.125,0.00,0.000
2026,2026-05-25,2026-09-07,60,108,15,24,21,-1.375,-8.125,0.00,0.000
2026,2026-05-25,2026-09-07,60,108,15,25,21,-1.125,-8.125,0.00,0.000
2026,2026-05-25,2026-09-07,60,108,15,26,21,-0.875,-8.125,0.00,0.000
2026,2026-05-25,2026-09-07,60,108,15,27,21,-0.625,-8.125,0.00,0.000
2026,2026-05-25,2026-09-07,60,108,15,28,21,-0.375,-8.125,0.00,0.000
2026,2026-05-25,2026-09-07,60,108,15,29,21,-0.125,-8.125,0.00,0.000
2026,2026-05-25,2026-09-07,60,108,15,30,21,0.125,-8.125,0.00,0.000
2026,2026-05-25,2026-09-07,60,108,15,31,21,0.375,-8.125,0.00,0.000
2026,2026-05-25,2026-09-07,60,108,15,32,21,0.625,-8.125,0.00,0.000
2026,2026-05-25,2026-09-07,60,108,15,33,21,0.875,-8.125,0.00,0.000
2026,2026-05-25,2026-09-07,60,108,15,34,21,1.125,-8.125,0.00,0.000
2026,2026-05-25,2026-09-07,60,108,15,35,21,1.375,-8.125,0.00,0.000
2026,2026-05-25,2026-09-07,60,108,15,36,21,1.625,-8.125,0.00,0.000
2026,2026-05-25,2026-09-07,60,108,15,37,21,1.875,-8.125,0.00,0.000
2026,2026-05-25,2026-09-07,60,108,15,38,21,2.125,-8.125,0.00,0.000
2026,2026-05-25,2026-09-07,60,108,15,39,21,2.375,-8.125,0.00,0.000
2026,2026-05-25,2026-09-07,60,108,15,40,21,2.625,-8.125,0.00,0.000
2026,2026-05-25,2026-09-07,60,108,15,41,21,2.875,-8.125,0.00,0.000
2026,2026-05-25,2026-09-07,60,108,15,42,21,3.125,-8.125,22.50,0.212
2026,2026-05-25,2026-09-07,60,108,15,43,21,3.375,-8.125,48.00,0.453
2026,2026-05-25,2026-09-07,60,108,15,44,21,3.625,-8.125,87.75,0.828
2026,2026-05-25,2026-09-07,60,108,15,45,21,3.875,-8.125,131.75,1.243
2026,2026-05-25,2026-09-07,60,108,15,46,21,4.125,-8.125,180.75,1.705
2026,2026-05-25,2026-09-07,60,108,15,47,21,4.375,-8.125,208.25,1.965
2026,2026-05-25,2026-09-07,60,108,15,48,21,4.625,-8.125,215.00,2.028
2026,2026-05-25,2026-09-07,60,108,15,49,21,4.875,-8.125,220.50,2.080
2026,2026-05-25,2026-09-07,60,108,15,50,21,5.125,-8.125,226.50,2.137
2026,2026-05-25,2026-09-07,60,108,15,51,21,5.375,-8.125,231.25,2.182
2026,2026-05-25,2026-09-07,60,108,15,52,21,5.625,-8.125,225.25,2.125
2026,2026-05-25,2026-09-07,60,108,15,53,21,5.875,-8.125,224.25,2.116
2026,2026-05-25,2026-09-07,60,108,15,54,21,6.125,-8.125,226.00,2.132
2026,2026-05-25,2026-09-07,60,108,15,55,21,6.375,-8.125,227.00,2.142
2026,2026-05-25,2026-09-07,60,108,15,56,21,6.625,-8.125,218.00,2.057
2026,2026-05-25,2026-09-07,60,108,15,57,21,6.875,-8.125,215.50,2.033
2026,2026-05-25,2026-09-07,60,108,15,58,21,7.125,-8.125,213.00,2.009
2026,2026-05-25,2026-09-07,60,108,15,59,21,7.375,-8.125,214.75,2.026
2026,2026-05-25,2026-09-07,60,108,15,0,22,-7.375,-7.875,212.25,2.002
2026,2026-05-25,2026-09-07,60,108,15,1,22,-7.125,-7.875,213.50,2.014
2026,2026-05-25,2026-09-07,60,108,15,2,22,-6.875,-7.875,216.75,2.045
2026,2026-05-25,2026-09-07,60,108,15,3,22,-6.625,-7.875,214.50,2.024
2026,2026-05-25,2026-09-07,60,108,15,4,22,-6.375,-7.875,221.00,2.085
2026,2026-05-25,2026-09-07,60,108,15,5,22,-6.125,-7.875,222.50,2.099
2026,2026-05-25,2026-09-07,60,108,15,6,22,-5.875,-7.875,225.75,2.130
2026,2026-05-25,2026-09-07,60,108,15,7,22,-5.625,-7.875,228.50,2.156
2026,2026-05-25,2026-09-07,60,108,15,8,22,-5.375,-7.875,230.50,2.175
2026,2026-05-25,2026-09-07,60,108,15,9,22,-5.125,-7.875,228.25,2.153
2026,2026-05-25,2026-09-07,60,108,15,10,22,-4.875,-7.875,226.25,2.134
2026,2026-05-25,2026-09-07,60,108,15,11,22,-4.625,-7.875,220.75,2.083
2026,2026-05-25,2026-09-07,60,108,15,12,22,-4.375,-7.875,201.00,1.896
2026,2026-05-25,2026-09-07,60,108,15,13,22,-4.125,-7.875,181.50,1.712
2026,2026-05-25,2026-09-07,60,108,15,14,22,-3.875,-7.875,159.75,1.507
2026,2026-05-25,2026-09-07,60,108,15,15,22,-3.625,-7.875,133.50,1.259
2026,2026-05-25,2026-09-07,60,108,15,16,22,-3.375,-7.875,113.25,1.068
2026,2026-05-25,2026-09-07,60,108,15,17,22,-3.125,-7.875,84.00,0.792
2026,2026-05-25,2026-09-07,60,108,15,18,22,-2.875,-7.875,0.00,0.000
2026,2026-05-25,2026-09-07,60,108,15,19,22,-2.625,-7.875,0.00,0.000
2026,2026-05-25,2026-09-07,60,108,15,20,22,-2.375,-7.875,0.00,0.000
2026,2026-05-25,2026-09-07,60,108,15,21,22,-2.125,-7.875,0.00,0.000
2026,2026-05-25,2026-09-07,60,108,15,22,22,-1.875,-7.875,0.00,0.000
2026,2026-05-25,2026-09-07,60,108,15,23,22,-1.625,-7.875,0.00,0.000
2026,2026-05-25,2026-09-07,60,108,15,24,22,-1.375,-7.875,0.00,0.000
2026,2026-05-25,2026-09-07,60,108,15,25,22,-1.125,-7.875,0.00,0.000
2026,2026-05-25,2026-09-07,60,108,15,26,22,-0.875,-7.875,0.00,0.000
2026,2026-05-25,2026-09-07,60,108,15,27,22,-0.625,-7.875,0.00,0.000
2026,2026-05-25,2026-09-07,60,108,15,28,22,-0.375,-7.875,0.00,0.000
2026,2026-05-25,2026-09-07,60,108,15,29,22,-0.125,-7.875,0.00,0.000
2026,2026-05-25,2026-09-07,60,108,15,30,22,0.125,-7.875,0.00,0.000
2026,2026-05-25,2026-09-07,60,108,15,31,22,0.375,-7.875,0.00,0.000
2026,2026-05-25,2026-09-07,60,108,15,32,22,0.625,-7.875,0.00,0.000
2026,2026-05-25,2026-09-07,60,108,15,33,22,0.875,-7.875,0.00,0.000
2026,2026-05-25,2026-09-07,60,108,15,34,22,1.125,-7.875,0.00,0.000
2026,2026-05-25,2026-09-07,60,108,15,35,22,1.375,-7.875,0.00,0.000
2026,2026-05-25,2026-09-07,60,108,15,36,22,1.625,-7.875,0.00,0.000
2026,2026-05-25,2026-09-07,60,108,15,37,22,1.875,-7.875,0.00,0.000
2026,2026-05-25,2026-09-07,60,108,15,38,22,2.125,-7.875,0.00,0.000
2026,2026-05-25,2026-09-07,60,108,15,39,22,2.375,-7.875,0.00,0.000
2026,2026-05-25,2026-09-07,60,108,15,40,22,2.625,-7.875,0.00,0.000
2026,2026-05-25,2026-09-07,60,108,15,41,22,2.875,-7.875,0.00,0.000
2026,2026-05-25,2026-09-07,60,108,15,42,22,3.125,-7.875,83.00,0.783
2026,2026-05-25,2026-09-07,60,108,15,43,22,3.375,-7.875,109.25,1.031
2026,2026-05-25,2026-09-07,60,108,15,44,22,3.625,-7.875,135.25,1.276
2026,2026-05-25,2026-09-07,60,108,15,45,22,3.875,-7.875,157.75,1.488
2026,2026-05-25,2026-09-07,60,108,15,46,22,4.125,-7.875,183.50,1.731
2026,2026-05-25,2026-09-07,60,108,15,47,22,4.375,-7.875,197.25,1.861
2026,2026-05-25,2026-09-07,60,108,15,48,22,4.625,-7.875,213.75,2.017
2026,2026-05-25,2026-09-07,60,108,15,49,22,4.875,-7.875,227.25,2.144
2026,2026-05-25,2026-09-07,60,108,15,50,22,5.125,-7.875,229.75,2.167
2026,2026-05-25,2026-09-07,60,108,15,51,22,5.375,-7.875,228.50,2.156
2026,2026-05-25,2026-09-07,60,108,15,52,22,5.625,-7.875,223.00,2.104
2026,2026-05-25,2026-09-07,60,108,15,53,22,5.875,-7.875,221.75,2.092
2026,2026-05-25,2026-09-07,60,108,15,54,22,6.125,-7.875,222.50,2.099
2026,2026-05-25,2026-09-07,60,108,15,55,22,6.375,-7.875,227.00,2.142
2026,2026-05-25,2026-09-07,60,108,15,56,22,6.625,-7.875,219.00,2.066
2026,2026-05-25,2026-09-07,60,108,15,57,22,6.875,-7.875,216.75,2.045
2026,2026-05-25,2026-09-07,60,108,15,58,22,7.125,-7.875,214.50,2.024
2026,2026-05-25,2026-09-07,60,108,15,59,22,7.375,-7.875,216.00,2.038
2026,2026-05-25,2026-09-07,60,108,15,0,23,-7.375,-7.625,211.50,1.995
2026,2026-05-25,2026-09-07,60,108,15,1,23,-7.125,-7.625,213.50,2.014
2026,2026-05-25,2026-09-07,60,108,15,2,23,-6.875,-7.625,217.00,2.047
2026,2026-05-25,2026-09-07,60,108,15,3,23,-6.625,-7.625,215.25,2.031
2026,2026-05-25,2026-09-07,60,108,15,4,23,-6.375,-7.625,221.00,2.085
2026,2026-05-25,2026-09-07,60,108,15,5,23,-6.125,-7.625,223.25,2.106
2026,2026-05-25,2026-09-07,60,108,15,6,23,-5.875,-7.625,225.75,2.130
2026,2026-05-25,2026-09-07,60,108,15,7,23,-5.625,-7.625,228.50,2.156
2026,2026-05-25,2026-09-07,60,108,15,8,23,-5.375,-7.625,228.75,2.158
2026,2026-05-25,2026-09-07,60,108,15,9,23,-5.125,-7.625,223.50,2.108
2026,2026-05-25,2026-09-07,60,108,15,10,23,-4.875,-7.625,211.50,1.995
2026,2026-05-25,2026-09-07,60,108,15,11,23,-4.625,-7.625,203.25,1.917
2026,2026-05-25,2026-09-07,60,108,15,12,23,-4.375,-7.625,187.50,1.769
2026,2026-05-25,2026-09-07,60,108,15,13,23,-4.125,-7.625,169.25,1.597
2026,2026-05-25,2026-09-07,60,108,15,14,23,-3.875,-7.625,149.25,1.408
2026,2026-05-25,2026-09-07,60,108,15,15,23,-3.625,-7.625,131.25,1.238
2026,2026-05-25,2026-09-07,60,108,15,16,23,-3.375,-7.625,114.75,1.083
2026,2026-05-25,2026-09-07,60,108,15,17,23,-3.125,-7.625,89.25,0.842
2026,2026-05-25,2026-09-07,60,108,15,18,23,-2.875,-7.625,0.00,0.000
2026,2026-05-25,2026-09-07,60,108,15,19,23,-2.625,-7.625,0.00,0.000
2026,2026-05-25,2026-09-07,60,108,15,20,23,-2.375,-7.625,0.00,0.000
2026,2026-05-25,2026-09-07,60,108,15,21,23,-2.125,-7.625,0.00,0.000
2026,2026-05-25,2026-09-07,60,108,15,22,23,-1.875,-7.625,0.00,0.000
2026,2026-05-25,2026-09-07,60,108,15,23,23,-1.625,-7.625,0.00,0.000
2026,2026-05-25,2026-09-07,60,108,15,24,23,-1.375,-7.625,0.00,0.000
2026,2026-05-25,2026-09-07,60,108,15,25,23,-1.125,-7.625,0.00,0.000
2026,2026-05-25,2026-09-07,60,108,15,26,23,-0.875,-7.625,0.00,0.000
2026,2026-05-25,2026-09-07,60,108,15,27,23,-0.625,-7.625,0.00,0.000
2026,2026-05-25,2026-09-07,60,108,15,28,23,-0.375,-7.625,0.00,0.000
2026,2026-05-25,2026-09-07,60,108,15,29,23,-0.125,-7.625,0.00,0.000
2026,2026-05-25,2026-09-07,60,108,15,30,23,0.125,-7.625,0.00,0.000
2026,2026-05-25,2026-09-07,60,108,15,31,23,0.375,-7.625,0.00,0.000
2026,2026-05-25,2026-09-07,60,108,15,32,23,0.625,-7.625,0.00,0.000
2026,2026-05-25,2026-09-07,60,108,15,33,23,0.875,-7.625,0.00,0.000
2026,2026-05-25,2026-09-07,60,108,15,34,23,1.125,-7.625,0.00,0.000
2026,2026-05-25,2026-09-07,60,108,15,35,23,1.375,-7.625,0.00,0.000
2026,2026-05-25,2026-09-07,60,108,15,36,23,1.625,-7.625,0.00,0.000
2026,2026-05-25,2026-09-07,60,108,15,37,23,1.875,-7.625,0.00,0.000
2026,2026-05-25,2026-09-07,60,108,15,38,23,2.125,-7.625,0.00,0.000
2026,2026-05-25,2026-09-07,60,108,15,39,23,2.375,-7.625,0.00,0.000
2026,2026-05-25,2026-09-07,60,108,15,40,23,2.625,-7.625,0.00,0.000
2026,2026-05-25,2026-09-07,60,108,15,41,23,2.875,-7.625,0.00,0.000
2026,2026-05-25,2026-09-07,60,108,15,42,23,3.125,-7.625,88.50,0.835
2026,2026-05-25,2026-09-07,60,108,15,43,23,3.375,-7.625,110.25,1.040
2026,2026-05-25,2026-09-07,60,108,15,44,23,3.625,-7.625,129.00,1.217
2026,2026-05-25,2026-09-07,60,108,15,45,23,3.875,-7.625,150.50,1.420
2026,2026-05-25,2026-09-07,60,108,15,46,23,4.125,-7.625,169.75,1.601
2026,2026-05-25,2026-09-07,60,108,15,47,23,4.375,-7.625,182.25,1.719
2026,2026-05-25,2026-09-07,60,108,15,48,23,4.625,-7.625,196.75,1.856
2026,2026-05-25,2026-09-07,60,108,15,49,23,4.875,-7.625,212.50,2.005
2026,2026-05-25,2026-09-07,60,108,15,50,23,5.125,-7.625,231.25,2.182
2026,2026-05-25,2026-09-07,60,108,15,51,23,5.375,-7.625,227.75,2.149
2026,2026-05-25,2026-09-07,60,108,15,52,23,5.625,-7.625,223.00,2.104
2026,2026-05-25,2026-09-07,60,108,15,53,23,5.875,-7.625,221.00,2.085
2026,2026-05-25,2026-09-07,60,108,15,54,23,6.125,-7.625,221.50,2.090
2026,2026-05-25,2026-09-07,60,108,15,55,23,6.375,-7.625,224.25,2.116
2026,2026-05-25,2026-09-07,60,108,15,56,23,6.625,-7.625,215.00,2.028
2026,2026-05-25,2026-09-07,60,108,15,57,23,6.875,-7.625,216.00,2.038
2026,2026-05-25,2026-09-07,60,108,15,58,23,7.125,-7.625,215.75,2.035
2026,2026-05-25,2026-09-07,60,108,15,59,23,7.375,-7.625,217.25,2.050
2026,2026-05-25,2026-09-07,60,108,15,0,24,-7.375,-7.375,211.25,1.993
2026,2026-05-25,2026-09-07,60,108,15,1,24,-7.125,-7.375,213.25,2.012
2026,2026-05-25,2026-09-07,60,108,15,2,24,-6.875,-7.375,216.25,2.040
2026,2026-05-25,2026-09-07,60,108,15,3,24,-6.625,-7.375,215.25,2.031
2026,2026-05-25,2026-09-07,60,108,15,4,24,-6.375,-7.375,221.50,2.090
2026,2026-05-25,2026-09-07,60,108,15,5,24,-6.125,-7.375,224.00,2.113
2026,2026-05-25,2026-09-07,60,108,15,6,24,-5.875,-7.375,222.25,2.097
2026,2026-05-25,2026-09-07,60,108,15,7,24,-5.625,-7.375,224.00,2.113
2026,2026-05-25,2026-09-07,60,108,15,8,24,-5.375,-7.375,218.00,2.057
2026,2026-05-25,2026-09-07,60,108,15,9,24,-5.125,-7.375,207.75,1.960
2026,2026-05-25,2026-09-07,60,108,15,10,24,-4.875,-7.375,197.50,1.863
2026,2026-05-25,2026-09-07,60,108,15,11,24,-4.625,-7.375,181.50,1.712
2026,2026-05-25,2026-09-07,60,108,15,12,24,-4.375,-7.375,170.50,1.608
2026,2026-05-25,2026-09-07,60,108,15,13,24,-4.125,-7.375,154.25,1.455
2026,2026-05-25,2026-09-07,60,108,15,14,24,-3.875,-7.375,136.75,1.290
2026,2026-05-25,2026-09-07,60,108,15,15,24,-3.625,-7.375,118.25,1.116
2026,2026-05-25,2026-09-07,60,108,15,16,24,-3.375,-7.375,102.25,0.965
2026,2026-05-25,2026-09-07,60,108,15,17,24,-3.125,-7.375,87.75,0.828
2026,2026-05-25,2026-09-07,60,108,15,18,24,-2.875,-7.375,0.00,0.000
2026,2026-05-25,2026-09-07,60,108,15,19,24,-2.625,-7.375,0.00,0.000
2026,2026-05-25,2026-09-07,60,108,15,20,24,-2.375,-7.375,0.00,0.000
2026,2026-05-25,2026-09-07,60,108,15,21,24,-2.125,-7.375,0.00,0.000
2026,2026-05-25,2026-09-07,60,108,15,22,24,-1.875,-7.375,0.00,0.000
2026,2026-05-25,2026-09-07,60,108,15,23,24,-1.625,-7.375,0.00,0.000
2026,2026-05-25,2026-09-07,60,108,15,24,24,-1.375,-7.375,0.00,0.000
2026,2026-05-25,2026-09-07,60,108,15,25,24,-1.125,-7.375,0.00,0.000
2026,2026-05-25,2026-09-07,60,108,15,26,24,-0.875,-7.375,0.00,0.000
2026,2026-05-25,2026-09-07,60,108,15,27,24,-0.625,-7.375,0.00,0.000
2026,2026-05-25,2026-09-07,60,108,15,28,24,-0.375,-7.375,0.00,0.000
2026,2026-05-25,2026-09-07,60,108,15,29,24,-0.125,-7.375,0.00,0.000
2026,2026-05-25,2026-09-07,60,108,15,30,24,0.125,-7.375,0.00,0.000
2026,2026-05-25,2026-09-07,60,108,15,31,24,0.375,-7.375,0.00,0.000
2026,2026-05-25,2026-09-07,60,108,15,32,24,0.625,-7.375,0.00,0.000
2026,2026-05-25,2026-09-07,60,108,15,33,24,0.875,-7.375,0.00,0.000
2026,2026-05-25,2026-09-07,60,108,15,34,24,1.125,-7.375,0.00,0.000
2026,2026-05-25,2026-09-07,60,108,15,35,24,1.375,-7.375,0.00,0.000
2026,2026-05-25,2026-09-07,60,108,15,36,24,1.625,-7.375,0.00,0.000
2026,2026-05-25,2026-09-07,60,108,15,37,24,1.875,-7.375,0.00,0.000
2026,2026-05-25,2026-09-07,60,108,15,38,24,2.125,-7.375,0.00,0.000
2026,2026-05-25,2026-09-07,60,108,15,39,24,2.375,-7.375,0.00,0.000
2026,2026-05-25,2026-09-07,60,108,15,40,24,2.625,-7.375,0.00,0.000
2026,2026-05-25,2026-09-07,60,108,15,41,24,2.875,-7.375,0.00,0.000
2026,2026-05-25,2026-09-07,60,108,15,42,24,3.125,-7.375,86.50,0.816
2026,2026-05-25,2026-09-07,60,108,15,43,24,3.375,-7.375,103.75,0.979
2026,2026-05-25,2026-09-07,60,108,15,44,24,3.625,-7.375,123.75,1.167
2026,2026-05-25,2026-09-07,60,108,15,45,24,3.875,-7.375,144.75,1.366
2026,2026-05-25,2026-09-07,60,108,15,46,24,4.125,-7.375,157.75,1.488
2026,2026-05-25,2026-09-07,60,108,15,47,24,4.375,-7.375,168.00,1.585
2026,2026-05-25,2026-09-07,60,108,15,48,24,4.625,-7.375,178.75,1.686
2026,2026-05-25,2026-09-07,60,108,15,49,24,4.875,-7.375,194.75,1.837
2026,2026-05-25,2026-09-07,60,108,15,50,24,5.125,-7.375,213.00,2.009
2026,2026-05-25,2026-09-07,60,108,15,51,24,5.375,-7.375,219.00,2.066
2026,2026-05-25,2026-09-07,60,108,15,52,24,5.625,-7.375,222.50,2.099
2026,2026-05-25,2026-09-07,60,108,15,53,24,5.875,-7.375,220.75,2.083
2026,2026-05-25,2026-09-07,60,108,15,54,24,6.125,-7.375,222.00,2.094
2026,2026-05-25,2026-09-07,60,108,15,55,24,6.375,-7.375,219.75,2.073
2026,2026-05-25,2026-09-07,60,108,15,56,24,6.625,-7.375,212.50,2.005
2026,2026-05-25,2026-09-07,60,108,15,57,24,6.875,-7.375,211.75,1.998
2026,2026-05-25,2026-09-07,60,108,15,58,24,7.125,-7.375,212.00,2.000
2026,2026-05-25,2026-09-07,60,108,15,59,24,7.375,-7.375,218.00,2.057
2026,2026-05-25,2026-09-07,60,108,15,0,25,-7.375,-7.125,211.75,1.998
2026,2026-05-25,2026-09-07,60,108,15,1,25,-7.125,-7.125,213.75,2.017
2026,2026-05-25,2026-09-07,60,108,15,2,25,-6.875,-7.125,216.50,2.042
2026,2026-05-25,2026-09-07,60,108,15,3,25,-6.625,-7.125,216.50,2.042
2026,2026-05-25,2026-09-07,60,108,15,4,25,-6.375,-7.125,220.00,2.075
2026,2026-05-25,2026-09-07,60,108,15,5,25,-6.125,-7.125,219.75,2.073
2026,2026-05-25,2026-09-07,60,108,15,6,25,-5.875,-7.125,218.50,2.061
2026,2026-05-25,2026-09-07,60,108,15,7,25,-5.625,-7.125,216.25,2.040
2026,2026-05-25,2026-09-07,60,108,15,8,25,-5.375,-7.125,213.50,2.014
2026,2026-05-25,2026-09-07,60,108,15,9,25,-5.125,-7.125,203.00,1.915
2026,2026-05-25,2026-09-07,60,108,15,10,25,-4.875,-7.125,188.25,1.776
2026,2026-05-25,2026-09-07,60,108,15,11,25,-4.625,-7.125,173.25,1.634
2026,2026-05-25,2026-09-07,60,108,15,12,25,-4.375,-7.125,164.50,1.552
2026,2026-05-25,2026-09-07,60,108,15,13,25,-4.125,-7.125,148.75,1.403
2026,2026-05-25,2026-09-07,60,108,15,14,25,-3.875,-7.125,130.50,1.231
2026,2026-05-25,2026-09-07,60,108,15,15,25,-3.625,-7.125,112.25,1.059
2026,2026-05-25,2026-09-07,60,108,15,16,25,-3.375,-7.125,96.50,0.910
2026,2026-05-25,2026-09-07,60,108,15,17,25,-3.125,-7.125,87.00,0.821
2026,2026-05-25,2026-09-07,60,108,15,18,25,-2.875,-7.125,0.00,0.000
2026,2026-05-25,2026-09-07,60,108,15,19,25,-2.625,-7.125,0.00,0.000
2026,2026-05-25,2026-09-07,60,108,15,20,25,-2.375,-7.125,0.00,0.000
2026,2026-05-25,2026-09-07,60,108,15,21,25,-2.125,-7.125,0.00,0.000
2026,2026-05-25,2026-09-07,60,108,15,22,25,-1.875,-7.125,0.00,0.000
2026,2026-05-25,2026-09-07,60,108,15,23,25,-1.625,-7.125,0.00,0.000
2026,2026-05-25,2026-09-07,60,108,15,24,25,-1.375,-7.125,0.00,0.000
2026,2026-05-25,2026-09-07,60,108,15,25,25,-1.125,-7.125,0.00,0.000
2026,2026-05-25,2026-09-07,60,108,15,26,25,-0.875,-7.125,0.00,0.000
2026,2026-05-25,2026-09-07,60,108,15,27,25,-0.625,-7.125,0.00,0.000
2026,2026-05-25,2026-09-07,60,108,15,28,25,-0.375,-7.125,0.00,0.000
2026,2026-05-25,2026-09-07,60,108,15,29,25,-0.125,-7.125,0.00,0.000
2026,2026-05-25,2026-09-07,60,108,15,30,25,0.125,-7.125,0.00,0.000
2026,2026-05-25,2026-09-07,60,108,15,31,25,0.375,-7.125,0.00,0.000
2026,2026-05-25,2026-09-07,60,108,15,32,25,0.625,-7.125,0.00,0.000
2026,2026-05-25,2026-09-07,60,108,15,33,25,0.875,-7.125,0.00,0.000
2026,2026-05-25,2026-09-07,60,108,15,34,25,1.125,-7.125,0.00,0.000
2026,2026-05-25,2026-09-07,60,108,15,35,25,1.375,-7.125,0.00,0.000
2026,2026-05-25,2026-09-07,60,108,15,36,25,1.625,-7.125,0.00,0.000
2026,2026-05-25,2026-09-07,60,108,15,37,25,1.875,-7.125,0.00,0.000
2026,2026-05-25,2026-09-07,60,108,15,38,25,2.125,-7.125,0.00,0.000
2026,2026-05-25,2026-09-07,60,108,15,39,25,2.375,-7.125,0.00,0.000
2026,2026-05-25,2026-09-07,60,108,15,40,25,2.625,-7.125,0.00,0.000
2026,2026-05-25,2026-09-07,60,108,15,41,25,2.875,-7.125,0.00,0.000
2026,2026-05-25,2026-09-07,60,108,15,42,25,3.125,-7.125,84.25,0.795
2026,2026-05-25,2026-09-07,60,108,15,43,25,3.375,-7.125,99.75,0.941
2026,2026-05-25,2026-09-07,60,108,15,44,25,3.625,-7.125,116.75,1.101
2026,2026-05-25,2026-09-07,60,108,15,45,25,3.875,-7.125,136.25,1.285
2026,2026-05-25,2026-09-07,60,108,15,46,25,4.125,-7.125,145.50,1.373
2026,2026-05-25,2026-09-07,60,108,15,47,25,4.375,-7.125,158.50,1.495
2026,2026-05-25,2026-09-07,60,108,15,48,25,4.625,-7.125,170.00,1.604
2026,2026-05-25,2026-09-07,60,108,15,49,25,4.875,-7.125,188.75,1.781
2026,2026-05-25,2026-09-07,60,108,15,50,25,5.125,-7.125,207.25,1.955
2026,2026-05-25,2026-09-07,60,108,15,51,25,5.375,-7.125,214.00,2.019
2026,2026-05-25,2026-09-07,60,108,15,52,25,5.625,-7.125,216.25,2.040
2026,2026-05-25,2026-09-07,60,108,15,53,25,5.875,-7.125,219.50,2.071
2026,2026-05-25,2026-09-07,60,108,15,54,25,6.125,-7.125,222.75,2.101
2026,2026-05-25,2026-09-07,60,108,15,55,25,6.375,-7.125,218.25,2.059
2026,2026-05-25,2026-09-07,60,108,15,56,25,6.625,-7.125,212.25,2.002
2026,2026-05-25,2026-09-07,60,108,15,57,25,6.875,-7.125,210.75,1.988
2026,2026-05-25,2026-09-07,60,108,15,58,25,7.125,-7.125,210.25,1.983
2026,2026-05-25,2026-09-07,60,108,15,59,25,7.375,-7.125,213.00,2.009
2026,2026-05-25,2026-09-07,60,108,15,0,26,-7.375,-6.875,212.00,2.000
2026,2026-05-25,2026-09-07,60,108,15,1,26,-7.125,-6.875,214.00,2.019
2026,2026-05-25,2026-09-07,60,108,15,2,26,-6.875,-6.875,217.00,2.047
2026,2026-05-25,2026-09-07,60,108,15,3,26,-6.625,-6.875,213.00,2.009
2026,2026-05-25,2026-09-07,60,108,15,4,26,-6.375,-6.875,216.25,2.040
2026,2026-05-25,2026-09-07,60,108,15,5,26,-6.125,-6.875,215.50,2.033
2026,2026-05-25,2026-09-07,60,108,15,6,26,-5.875,-6.875,214.75,2.026
2026,2026-05-25,2026-09-07,60,108,15,7,26,-5.625,-6.875,213.75,2.017
2026,2026-05-25,2026-09-07,60,108,15,8,26,-5.375,-6.875,208.75,1.969
2026,2026-05-25,2026-09-07,60,108,15,9,26,-5.125,-6.875,202.00,1.906
2026,2026-05-25,2026-09-07,60,108,15,10,26,-4.875,-6.875,186.50,1.759
2026,2026-05-25,2026-09-07,60,108,15,11,26,-4.625,-6.875,170.75,1.611
2026,2026-05-25,2026-09-07,60,108,15,12,26,-4.375,-6.875,160.00,1.509
2026,2026-05-25,2026-09-07,60,108,15,13,26,-4.125,-6.875,146.50,1.382
2026,2026-05-25,2026-09-07,60,108,15,14,26,-3.875,-6.875,131.00,1.236
2026,2026-05-25,2026-09-07,60,108,15,15,26,-3.625,-6.875,112.75,1.064
2026,2026-05-25,2026-09-07,60,108,15,16,26,-3.375,-6.875,0.00,0.000
2026,2026-05-25,2026-09-07,60,108,15,17,26,-3.125,-6.875,0.00,0.000
2026,2026-05-25,2026-09-07,60,108,15,18,26,-2.875,-6.875,0.00,0.000
2026,2026-05-25,2026-09-07,60,108,15,19,26,-2.625,-6.875,0.00,0.000
2026,2026-05-25,2026-09-07,60,108,15,20,26,-2.375,-6.875,0.00,0.000
2026,2026-05-25,2026-09-07,60,108,15,21,26,-2.125,-6.875,0.00,0.000
2026,2026-05-25,2026-09-07,60,108,15,22,26,-1.875,-6.875,0.00,0.000
2026,2026-05-25,2026-09-07,60,108,15,23,26,-1.625,-6.875,0.00,0.000
2026,2026-05-25,2026-09-07,60,108,15,24,26,-1.375,-6.875,0.00,0.000
2026,2026-05-25,2026-09-07,60,108,15,25,26,-1.125,-6.875,0.00,0.000
2026,2026-05-25,2026-09-07,60,108,15,26,26,-0.875,-6.875,0.00,0.000
2026,2026-05-25,2026-09-07,60,108,15,27,26,-0.625,-6.875,0.00,0.000
2026,2026-05-25,2026-09-07,60,108,15,28,26,-0.375,-6.875,0.00,0.000
2026,2026-05-25,2026-09-07,60,108,15,29,26,-0.125,-6.875,0.00,0.000
2026,2026-05-25,2026-09-07,60,108,15,30,26,0.125,-6.875,0.00,0.000
2026,2026-05-25,2026-09-07,60,108,15,31,26,0.375,-6.875,0.00,0.000
2026,2026-05-25,2026-09-07,60,108,15,32,26,0.625,-6.875,0.00,0.000
2026,2026-05-25,2026-09-07,60,108,15,33,26,0.875,-6.875,0.00,0.000
2026,2026-05-25,2026-09-07,60,108,15,34,26,1.125,-6.875,0.00,0.000
2026,2026-05-25,2026-09-07,60,108,15,35,26,1.375,-6.875,0.00,0.000
2026,2026-05-25,2026-09-07,60,108,15,36,26,1.625,-6.875,0.00,0.000
2026,2026-05-25,2026-09-07,60,108,15,37,26,1.875,-6.875,0.00,0.000
2026,2026-05-25,2026-09-07,60,108,15,38,26,2.125,-6.875,0.00,0.000
2026,2026-05-25,2026-09-07,60,108,15,39,26,2.375,-6.875,0.00,0.000
2026,2026-05-25,2026-09-07,60,108,15,40,26,2.625,-6.875,0.00,0.000
2026,2026-05-25,2026-09-07,60,108,15,41,26,2.875,-6.875,0.00,0.000
2026,2026-05-25,2026-09-07,60,108,15,42,26,3.125,-6.875,0.00,0.000
2026,2026-05-25,2026-09-07,60,108,15,43,26,3.375,-6.875,0.00,0.000
2026,2026-05-25,2026-09-07,60,108,15,44,26,3.625,-6.875,118.25,1.116
2026,2026-05-25,2026-09-07,60,108,15,45,26,3.875,-6.875,131.75,1.243
2026,2026-05-25,2026-09-07,60,108,15,46,26,4.125,-6.875,145.50,1.373
2026,2026-05-25,2026-09-07,60,108,15,47,26,4.375,-6.875,154.50,1.458
2026,2026-05-25,2026-09-07,60,108,15,48,26,4.625,-6.875,166.50,1.571
2026,2026-05-25,2026-09-07,60,108,15,49,26,4.875,-6.875,186.50,1.759
2026,2026-05-25,2026-09-07,60,108,15,50,26,5.125,-6.875,201.25,1.899
2026,2026-05-25,2026-09-07,60,108,15,51,26,5.375,-6.875,207.00,1.953
2026,2026-05-25,2026-09-07,60,108,15,52,26,5.625,-6.875,210.75,1.988
2026,2026-05-25,2026-09-07,60,108,15,53,26,5.875,-6.875,218.50,2.061
2026,2026-05-25,2026-09-07,60,108,15,54,26,6.125,-6.875,221.25,2.087
2026,2026-05-25,2026-09-07,60,108,15,55,26,6.375,-6.875,217.25,2.050
2026,2026-05-25,2026-09-07,60,108,15,56,26,6.625,-6.875,212.75,2.007
2026,2026-05-25,2026-09-07,60,108,15,57,26,6.875,-6.875,211.00,1.991
2026,2026-05-25,2026-09-07,60,108,15,58,26,7.125,-6.875,210.25,1.983
2026,2026-05-25,2026-09-07,60,108,15,59,26,7.375,-6.875,212.00,2.000
2026,2026-05-25,2026-09-07,60,108,15,0,27,-7.375,-6.625,213.00,2.009
2026,2026-05-25,2026-09-07,60,108,15,1,27,-7.125,-6.625,211.25,1.993
2026,2026-05-25,2026-09-07,60,108,15,2,27,-6.875,-6.625,212.25,2.002
2026,2026-05-25,2026-09-07,60,108,15,3,27,-6.625,-6.625,210.75,1.988
2026,2026-05-25,2026-09-07,60,108,15,4,27,-6.375,-6.625,214.25,2.021
2026,2026-05-25,2026-09-07,60,108,15,5,27,-6.125,-6.625,213.25,2.012
2026,2026-05-25,2026-09-07,60,108,15,6,27,-5.875,-6.625,212.75,2.007
2026,2026-05-25,2026-09-07,60,108,15,7,27,-5.625,-6.625,210.75,1.988
2026,2026-05-25,2026-09-07,60,108,15,8,27,-5.375,-6.625,206.00,1.943
2026,2026-05-25,2026-09-07,60,108,15,9,27,-5.125,-6.625,201.25,1.899
2026,2026-05-25,2026-09-07,60,108,15,10,27,-4.875,-6.625,187.50,1.769
2026,2026-05-25,2026-09-07,60,108,15,11,27,-4.625,-6.625,170.50,1.608
2026,2026-05-25,2026-09-07,60,108,15,12,27,-4.375,-6.625,154.25,1.455
2026,2026-05-25,2026-09-07,60,108,15,13,27,-4.125,-6.625,144.50,1.363
2026,2026-05-25,2026-09-07,60,108,15,14,27,-3.875,-6.625,130.25,1.229
2026,2026-05-25,2026-09-07,60,108,15,15,27,-3.625,-6.625,113.75,1.073
2026,2026-05-25,2026-09-07,60,108,15,16,27,-3.375,-6.625,0.00,0.000
2026,2026-05-25,2026-09-07,60,108,15,17,27,-3.125,-6.625,0.00,0.000
2026,2026-05-25,2026-09-07,60,108,15,18,27,-2.875,-6.625,0.00,0.000
2026,2026-05-25,2026-09-07,60,108,15,19,27,-2.625,-6.625,0.00,0.000
2026,2026-05-25,2026-09-07,60,108,15,20,27,-2.375,-6.625,0.00,0.000
2026,2026-05-25,2026-09-07,60,108,15,21,27,-2.125,-6.625,0.00,0.000
2026,2026-05-25,2026-09-07,60,108,15,22,27,-1.875,-6.625,0.00,0.000
2026,2026-05-25,2026-09-07,60,108,15,23,27,-1.625,-6.625,0.00,0.000
2026,2026-05-25,2026-09-07,60,108,15,24,27,-1.375,-6.625,0.00,0.000
2026,2026-05-25,2026-09-07,60,108,15,25,27,-1.125,-6.625,0.00,0.000
2026,2026-05-25,2026-09-07,60,108,15,26,27,-0.875,-6.625,0.00,0.000
2026,2026-05-25,2026-09-07,60,108,15,27,27,-0.625,-6.625,0.00,0.000
2026,2026-05-25,2026-09-07,60,108,15,28,27,-0.375,-6.625,0.00,0.000
2026,2026-05-25,2026-09-07,60,108,15,29,27,-0.125,-6.625,0.00,0.000
2026,2026-05-25,2026-09-07,60,108,15,30,27,0.125,-6.625,0.00,0.000
2026,2026-05-25,2026-09-07,60,108,15,31,27,0.375,-6.625,0.00,0.000
2026,2026-05-25,2026-09-07,60,108,15,32,27,0.625,-6.625,0.00,0.000
2026,2026-05-25,2026-09-07,60,108,15,33,27,0.875,-6.625,0.00,0.000
2026,2026-05-25,2026-09-07,60,108,15,34,27,1.125,-6.625,0.00,0.000
2026,2026-05-25,2026-09-07,60,108,15,35,27,1.375,-6.625,0.00,0.000
2026,2026-05-25,2026-09-07,60,108,15,36,27,1.625,-6.625,0.00,0.000
2026,2026-05-25,2026-09-07,60,108,15,37,27,1.875,-6.625,0.00,0.000
2026,2026-05-25,2026-09-07,60,108,15,38,27,2.125,-6.625,0.00,0.000
2026,2026-05-25,2026-09-07,60,108,15,39,27,2.375,-6.625,0.00,0.000
2026,2026-05-25,2026-09-07,60,108,15,40,27,2.625,-6.625,0.00,0.000
2026,2026-05-25,2026-09-07,60,108,15,41,27,2.875,-6.625,0.00,0.000
2026,2026-05-25,2026-09-07,60,108,15,42,27,3.125,-6.625,0.00,0.000
2026,2026-05-25,2026-09-07,60,108,15,43,27,3.375,-6.625,0.00,0.000
2026,2026-05-25,2026-09-07,60,108,15,44,27,3.625,-6.625,118.25,1.116
2026,2026-05-25,2026-09-07,60,108,15,45,27,3.875,-6.625,130.75,1.233
2026,2026-05-25,2026-09-07,60,108,15,46,27,4.125,-6.625,141.00,1.330
2026,2026-05-25,2026-09-07,60,108,15,47,27,4.375,-6.625,152.50,1.439
2026,2026-05-25,2026-09-07,60,108,15,48,27,4.625,-6.625,168.00,1.585
2026,2026-05-25,2026-09-07,60,108,15,49,27,4.875,-6.625,189.75,1.790
2026,2026-05-25,2026-09-07,60,108,15,50,27,5.125,-6.625,199.50,1.882
2026,2026-05-25,2026-09-07,60,108,15,51,27,5.375,-6.625,204.50,1.929
2026,2026-05-25,2026-09-07,60,108,15,52,27,5.625,-6.625,207.75,1.960
2026,2026-05-25,2026-09-07,60,108,15,53,27,5.875,-6.625,213.25,2.012
2026,2026-05-25,2026-09-07,60,108,15,54,27,6.125,-6.625,221.75,2.092
2026,2026-05-25,2026-09-07,60,108,15,55,27,6.375,-6.625,216.25,2.040
2026,2026-05-25,2026-09-07,60,108,15,56,27,6.625,-6.625,212.50,2.005
2026,2026-05-25,2026-09-07,60,108,15,57,27,6.875,-6.625,211.50,1.995
2026,2026-05-25,2026-09-07,60,108,15,58,27,7.125,-6.625,210.75,1.988
2026,2026-05-25,2026-09-07,60,108,15,59,27,7.375,-6.625,212.75,2.007
2026,2026-05-25,2026-09-07,60,108,15,0,28,-7.375,-6.375,209.25,1.974
2026,2026-05-25,2026-09-07,60,108,15,1,28,-7.125,-6.375,210.00,1.981
2026,2026-05-25,2026-09-07,60,108,15,2,28,-6.875,-6.375,209.75,1.979
2026,2026-05-25,2026-09-07,60,108,15,3,28,-6.625,-6.375,210.25,1.983
2026,2026-05-25,2026-09-07,60,108,15,4,28,-6.375,-6.375,211.50,1.995
2026,2026-05-25,2026-09-07,60,108,15,5,28,-6.125,-6.375,214.25,2.021
2026,2026-05-25,2026-09-07,60,108,15,6,28,-5.875,-6.375,212.50,2.005
2026,2026-05-25,2026-09-07,60,108,15,7,28,-5.625,-6.375,212.50,2.005
2026,2026-05-25,2026-09-07,60,108,15,8,28,-5.375,-6.375,208.50,1.967
2026,2026-05-25,2026-09-07,60,108,15,9,28,-5.125,-6.375,202.00,1.906
2026,2026-05-25,2026-09-07,60,108,15,10,28,-4.875,-6.375,189.75,1.790
2026,2026-05-25,2026-09-07,60,108,15,11,28,-4.625,-6.375,172.50,1.627
2026,2026-05-25,2026-09-07,60,108,15,12,28,-4.375,-6.375,155.25,1.465
2026,2026-05-25,2026-09-07,60,108,15,13,28,-4.125,-6.375,144.25,1.361
2026,2026-05-25,2026-09-07,60,108,15,14,28,-3.875,-6.375,129.50,1.222
2026,2026-05-25,2026-09-07,60,108,15,15,28,-3.625,-6.375,94.50,0.892
2026,2026-05-25,2026-09-07,60,108,15,16,28,-3.375,-6.375,0.00,0.000
2026,2026-05-25,2026-09-07,60,108,15,17,28,-3.125,-6.375,0.00,0.000
2026,2026-05-25,2026-09-07,60,108,15,18,28,-2.875,-6.375,0.00,0.000
2026,2026-05-25,2026-09-07,60,108,15,19,28,-2.625,-6.375,0.00,0.000
2026,2026-05-25,2026-09-07,60,108,15,20,28,-2.375,-6.375,0.00,0.000
2026,2026-05-25,2026-09-07,60,108,15,21,28,-2.125,-6.375,0.00,0.000
2026,2026-05-25,2026-09-07,60,108,15,22,28,-1.875,-6.375,0.00,0.000
2026,2026-05-25,2026-09-07,60,108,15,23,28,-1.625,-6.375,0.00,0.000
2026,2026-05-25,2026-09-07,60,108,15,24,28,-1.375,-6.375,0.00,0.000
2026,2026-05-25,2026-09-07,60,108,15,25,28,-1.125,-6.375,0.00,0.000
2026,2026-05-25,2026-09-07,60,108,15,26,28,-0.875,-6.375,0.00,0.000
2026,2026-05-25,2026-09-07,60,108,15,27,28,-0.625,-6.375,0.00,0.000
2026,2026-05-25,2026-09-07,60,108,15,28,28,-0.375,-6.375,0.00,0.000
2026,2026-05-25,2026-09-07,60,108,15,29,28,-0.125,-6.375,0.00,0.000
2026,2026-05-25,2026-09-07,60,108,15,30,28,0.125,-6.375,0.00,0.000
2026,2026-05-25,2026-09-07,60,108,15,31,28,0.375,-6.375,0.00,0.000
2026,2026-05-25,2026-09-07,60,108,15,32,28,0.625,-6.375,0.00,0.000
2026,2026-05-25,2026-09-07,60,108,15,33,28,0.875,-6.375,0.00,0.000
2026,2026-05-25,2026-09-07,60,108,15,34,28,1.125,-6.375,0.00,0.000
2026,2026-05-25,2026-09-07,60,108,15,35,28,1.375,-6.375,0.00,0.000
2026,2026-05-25,2026-09-07,60,108,15,36,28,1.625,-6.375,0.00,0.000
2026,2026-05-25,2026-09-07,60,108,15,37,28,1.875,-6.375,0.00,0.000
2026,2026-05-25,2026-09-07,60,108,15,38,28,2.125,-6.375,0.00,0.000
2026,2026-05-25,2026-09-07,60,108,15,39,28,2.375,-6.375,0.00,0.000
2026,2026-05-25,2026-09-07,60,108,15,40,28,2.625,-6.375,0.00,0.000
2026,2026-05-25,2026-09-07,60,108,15,41,28,2.875,-6.375,0.00,0.000
2026,2026-05-25,2026-09-07,60,108,15,42,28,3.125,-6.375,0.00,0.000
2026,2026-05-25,2026-09-07,60,108,15,43,28,3.375,-6.375,0.00,0.000
2026,2026-05-25,2026-09-07,60,108,15,44,28,3.625,-6.375,96.25,0.908
2026,2026-05-25,2026-09-07,60,108,15,45,28,3.875,-6.375,128.75,1.215
2026,2026-05-25,2026-09-07,60,108,15,46,28,4.125,-6.375,141.75,1.337
2026,2026-05-25,2026-09-07,60,108,15,47,28,4.375,-6.375,153.75,1.450
2026,2026-05-25,2026-09-07,60,108,15,48,28,4.625,-6.375,170.75,1.611
2026,2026-05-25,2026-09-07,60,108,15,49,28,4.875,-6.375,190.50,1.797
2026,2026-05-25,2026-09-07,60,108,15,50,28,5.125,-6.375,199.50,1.882
2026,2026-05-25,2026-09-07,60,108,15,51,28,5.375,-6.375,205.25,1.936
2026,2026-05-25,2026-09-07,60,108,15,52,28,5.625,-6.375,205.75,1.941
2026,2026-05-25,2026-09-07,60,108,15,53,28,5.875,-6.375,211.50,1.995
2026,2026-05-25,2026-09-07,60,108,15,54,28,6.125,-6.375,217.25,2.050
2026,2026-05-25,2026-09-07,60,108,15,55,28,6.375,-6.375,213.00,2.009
2026,2026-05-25,2026-09-07,60,108,15,56,28,6.625,-6.375,213.50,2.014
2026,2026-05-25,2026-09-07,60,108,15,57,28,6.875,-6.375,211.75,1.998
2026,2026-05-25,2026-09-07,60,108,15,58,28,7.125,-6.375,210.75,1.988
2026,2026-05-25,2026-09-07,60,108,15,59,28,7.375,-6.375,213.25,2.012
2026,2026-05-25,2026-09-07,60,108,15,0,29,-7.375,-6.125,208.50,1.967
2026,2026-05-25,2026-09-07,60,108,15,1,29,-7.125,-6.125,209.75,1.979
2026,2026-05-25,2026-09-07,60,108,15,2,29,-6.875,-6.125,210.00,1.981
2026,2026-05-25,2026-09-07,60,108,15,3,29,-6.625,-6.125,211.00,1.991
2026,2026-05-25,2026-09-07,60,108,15,4,29,-6.375,-6.125,207.75,1.960
2026,2026-05-25,2026-09-07,60,108,15,5,29,-6.125,-6.125,215.25,2.031
2026,2026-05-25,2026-09-07,60,108,15,6,29,-5.875,-6.125,213.25,2.012
2026,2026-05-25,2026-09-07,60,108,15,7,29,-5.625,-6.125,213.00,2.009
2026,2026-05-25,2026-09-07,60,108,15,8,29,-5.375,-6.125,206.75,1.950
2026,2026-05-25,2026-09-07,60,108,15,9,29,-5.125,-6.125,202.00,1.906
2026,2026-05-25,2026-09-07,60,108,15,10,29,-4.875,-6.125,190.50,1.797
2026,2026-05-25,2026-09-07,60,108,15,11,29,-4.625,-6.125,173.75,1.639
2026,2026-05-25,2026-09-07,60,108,15,12,29,-4.375,-6.125,156.00,1.472
2026,2026-05-25,2026-09-07,60,108,15,13,29,-4.125,-6.125,142.25,1.342
2026,2026-05-25,2026-09-07,60,108,15,14,29,-3.875,-6.125,126.75,1.196
2026,2026-05-25,2026-09-07,60,108,15,15,29,-3.625,-6.125,94.25,0.889
2026,2026-05-25,2026-09-07,60,108,15,16,29,-3.375,-6.125,0.00,0.000
2026,2026-05-25,2026-09-07,60,108,15,17,29,-3.125,-6.125,0.00,0.000
2026,2026-05-25,2026-09-07,60,108,15,18,29,-2.875,-6.125,0.00,0.000
2026,2026-05-25,2026-09-07,60,108,15,19,29,-2.625,-6.125,0.00,0.000
2026,2026-05-25,2026-09-07,60,108,15,20,29,-2.375,-6.125,0.00,0.000
2026,2026-05-25,2026-09-07,60,108,15,21,29,-2.125,-6.125,0.00,0.000
2026,2026-05-25,2026-09-07,60,108,15,22,29,-1.875,-6.125,0.00,0.000
2026,2026-05-25,2026-09-07,60,108,15,23,29,-1.625,-6.125,0.00,0.000
2026,2026-05-25,2026-09-07,60,108,15,24,29,-1.375,-6.125,0.00,0.000
2026,2026-05-25,2026-09-07,60,108,15,25,29,-1.125,-6.125,0.00,0.000
2026,2026-05-25,2026-09-07,60,108,15,26,29,-0.875,-6.125,0.00,0.000
2026,2026-05-25,2026-09-07,60,108,15,27,29,-0.625,-6.125,0.00,0.000
2026,2026-05-25,2026-09-07,60,108,15,28,29,-0.375,-6.125,0.00,0.000
2026,2026-05-25,2026-09-07,60,108,15,29,29,-0.125,-6.125,0.00,0.000
2026,2026-05-25,2026-09-07,60,108,15,30,29,0.125,-6.125,0.00,0.000
2026,2026-05-25,2026-09-07,60,108,15,31,29,0.375,-6.125,0.00,0.000
2026,2026-05-25,2026-09-07,60,108,15,32,29,0.625,-6.125,0.00,0.000
2026,2026-05-25,2026-09-07,60,108,15,33,29,0.875,-6.125,0.00,0.000
2026,2026-05-25,2026-09-07,60,108,15,34,29,1.125,-6.125,0.00,0.000
2026,2026-05-25,2026-09-07,60,108,15,35,29,1.375,-6.125,0.00,0.000
2026,2026-05-25,2026-09-07,60,108,15,36,29,1.625,-6.125,0.00,0.000
2026,2026-05-25,2026-09-07,60,108,15,37,29,1.875,-6.125,0.00,0.000
2026,2026-05-25,2026-09-07,60,108,15,38,29,2.125,-6.125,0.00,0.000
2026,2026-05-25,2026-09-07,60,108,15,39,29,2.375,-6.125,0.00,0.000
2026,2026-05-25,2026-09-07,60,108,15,40,29,2.625,-6.125,0.00,0.000
2026,2026-05-25,2026-09-07,60,108,15,41,29,2.875,-6.125,0.00,0.000
2026,2026-05-25,2026-09-07,60,108,15,42,29,3.125,-6.125,0.00,0.000
2026,2026-05-25,2026-09-07,60,108,15,43,29,3.375,-6.125,0.00,0.000
2026,2026-05-25,2026-09-07,60,108,15,44,29,3.625,-6.125,87.75,0.828
2026,2026-05-25,2026-09-07,60,108,15,45,29,3.875,-6.125,122.00,1.151
2026,2026-05-25,2026-09-07,60,108,15,46,29,4.125,-6.125,142.50,1.344
2026,2026-05-25,2026-09-07,60,108,15,47,29,4.375,-6.125,154.75,1.460
2026,2026-05-25,2026-09-07,60,108,15,48,29,4.625,-6.125,172.25,1.625
2026,2026-05-25,2026-09-07,60,108,15,49,29,4.875,-6.125,189.00,1.783
2026,2026-05-25,2026-09-07,60,108,15,50,29,5.125,-6.125,200.50,1.892
2026,2026-05-25,2026-09-07,60,108,15,51,29,5.375,-6.125,205.25,1.936
2026,2026-05-25,2026-09-07,60,108,15,52,29,5.625,-6.125,206.75,1.950
2026,2026-05-25,2026-09-07,60,108,15,53,29,5.875,-6.125,211.50,1.995
2026,2026-05-25,2026-09-07,60,108,15,54,29,6.125,-6.125,215.75,2.035
2026,2026-05-25,2026-09-07,60,108,15,55,29,6.375,-6.125,209.00,1.972
2026,2026-05-25,2026-09-07,60,108,15,56,29,6.625,-6.125,208.75,1.969
2026,2026-05-25,2026-09-07,60,108,15,57,29,6.875,-6.125,212.50,2.005
2026,2026-05-25,2026-09-07,60,108,15,58,29,7.125,-6.125,212.25,2.002
2026,2026-05-25,2026-09-07,60,108,15,59,29,7.375,-6.125,213.75,2.017
2026,2026-05-25,2026-09-07,60,108,15,0,30,-7.375,-5.875,207.75,1.960
2026,2026-05-25,2026-09-07,60,108,15,1,30,-7.125,-5.875,209.50,1.976
2026,2026-05-25,2026-09-07,60,108,15,2,30,-6.875,-5.875,210.00,1.981
2026,2026-05-25,2026-09-07,60,108,15,3,30,-6.625,-5.875,211.75,1.998
2026,2026-05-25,2026-09-07,60,108,15,4,30,-6.375,-5.875,207.75,1.960
2026,2026-05-25,2026-09-07,60,108,15,5,30,-6.125,-5.875,216.00,2.038
2026,2026-05-25,2026-09-07,60,108,15,6,30,-5.875,-5.875,214.00,2.019
2026,2026-05-25,2026-09-07,60,108,15,7,30,-5.625,-5.875,209.50,1.976
2026,2026-05-25,2026-09-07,60,108,15,8,30,-5.375,-5.875,205.75,1.941
2026,2026-05-25,2026-09-07,60,108,15,9,30,-5.125,-5.875,202.00,1.906
2026,2026-05-25,2026-09-07,60,108,15,10,30,-4.875,-5.875,191.75,1.809
2026,2026-05-25,2026-09-07,60,108,15,11,30,-4.625,-5.875,175.25,1.653
2026,2026-05-25,2026-09-07,60,108,15,12,30,-4.375,-5.875,157.00,1.481
2026,2026-05-25,2026-09-07,60,108,15,13,30,-4.125,-5.875,140.00,1.321
2026,2026-05-25,2026-09-07,60,108,15,14,30,-3.875,-5.875,121.75,1.149
2026,2026-05-25,2026-09-07,60,108,15,15,30,-3.625,-5.875,85.00,0.802
2026,2026-05-25,2026-09-07,60,108,15,16,30,-3.375,-5.875,0.00,0.000
2026,2026-05-25,2026-09-07,60,108,15,17,30,-3.125,-5.875,0.00,0.000
2026,2026-05-25,2026-09-07,60,108,15,18,30,-2.875,-5.875,0.00,0.000
2026,2026-05-25,2026-09-07,60,108,15,19,30,-2.625,-5.875,0.00,0.000
2026,2026-05-25,2026-09-07,60,108,15,20,30,-2.375,-5.875,0.00,0.000
2026,2026-05-25,2026-09-07,60,108,15,21,30,-2.125,-5.875,0.00,0.000
2026,2026-05-25,2026-09-07,60,108,15,22,30,-1.875,-5.875,0.00,0.000
2026,2026-05-25,2026-09-07,60,108,15,23,30,-1.625,-5.875,0.00,0.000
2026,2026-05-25,2026-09-07,60,108,15,24,30,-1.375,-5.875,0.00,0.000
2026,2026-05-25,2026-09-07,60,108,15,25,30,-1.125,-5.875,0.00,0.000
2026,2026-05-25,2026-09-07,60,108,15,26,30,-0.875,-5.875,0.00,0.000
2026,2026-05-25,2026-09-07,60,108,15,27,30,-0.625,-5.875,0.00,0.000
2026,2026-05-25,2026-09-07,60,108,15,28,30,-0.375,-5.875,0.00,0.000
2026,2026-05-25,2026-09-07,60,108,15,29,30,-0.125,-5.875,0.00,0.000
2026,2026-05-25,2026-09-07,60,108,15,30,30,0.125,-5.875,0.00,0.000
2026,2026-05-25,2026-09-07,60,108,15,31,30,0.375,-5.875,0.00,0.000
2026,2026-05-25,2026-09-07,60,108,15,32,30,0.625,-5.875,0.00,0.000
2026,2026-05-25,2026-09-07,60,108,15,33,30,0.875,-5.875,0.00,0.000
2026,2026-05-25,2026-09-07,60,108,15,34,30,1.125,-5.875,0.00,0.000
2026,2026-05-25,2026-09-07,60,108,15,35,30,1.375,-5.875,0.00,0.000
2026,2026-05-25,2026-09-07,60,108,15,36,30,1.625,-5.875,0.00,0.000
2026,2026-05-25,2026-09-07,60,108,15,37,30,1.875,-5.875,0.00,0.000
2026,2026-05-25,2026-09-07,60,108,15,38,30,2.125,-5.875,0.00,0.000
2026,2026-05-25,2026-09-07,60,108,15,39,30,2.375,-5.875,0.00,0.000
2026,2026-05-25,2026-09-07,60,108,15,40,30,2.625,-5.875,0.00,0.000
2026,2026-05-25,2026-09-07,60,108,15,41,30,2.875,-5.875,0.00,0.000
2026,2026-05-25,2026-09-07,60,108,15,42,30,3.125,-5.875,0.00,0.000
2026,2026-05-25,2026-09-07,60,108,15,43,30,3.375,-5.875,0.00,0.000
2026,2026-05-25,2026-09-07,60,108,15,44,30,3.625,-5.875,77.25,0.729
2026,2026-05-25,2026-09-07,60,108,15,45,30,3.875,-5.875,116.00,1.094
2026,2026-05-25,2026-09-07,60,108,15,46,30,4.125,-5.875,143.00,1.349
2026,2026-05-25,2026-09-07,60,108,15,47,30,4.375,-5.875,156.50,1.476
2026,2026-05-25,2026-09-07,60,108,15,48,30,4.625,-5.875,174.00,1.642
2026,2026-05-25,2026-09-07,60,108,15,49,30,4.875,-5.875,188.25,1.776
2026,2026-05-25,2026-09-07,60,108,15,50,30,5.125,-5.875,201.25,1.899
2026,2026-05-25,2026-09-07,60,108,15,51,30,5.375,-5.875,205.50,1.939
2026,2026-05-25,2026-09-07,60,108,15,52,30,5.625,-5.875,207.25,1.955
2026,2026-05-25,2026-09-07,60,108,15,53,30,5.875,-5.875,212.00,2.000
2026,2026-05-25,2026-09-07,60,108,15,54,30,6.125,-5.875,216.50,2.042
2026,2026-05-25,2026-09-07,60,108,15,55,30,6.375,-5.875,207.75,1.960
2026,2026-05-25,2026-09-07,60,108,15,56,30,6.625,-5.875,205.75,1.941
2026,2026-05-25,2026-09-07,60,108,15,57,30,6.875,-5.875,208.75,1.969
2026,2026-05-25,2026-09-07,60,108,15,58,30,7.125,-5.875,211.50,1.995
2026,2026-05-25,2026-09-07,60,108,15,59,30,7.375,-5.875,214.00,2.019
2026,2026-05-25,2026-09-07,60,108,15,0,31,-7.375,-5.625,207.25,1.955
2026,2026-05-25,2026-09-07,60,108,15,1,31,-7.125,-5.625,209.25,1.974
2026,2026-05-25,2026-09-07,60,108,15,2,31,-6.875,-5.625,210.25,1.983
2026,2026-05-25,2026-09-07,60,108,15,3,31,-6.625,-5.625,212.25,2.002
2026,2026-05-25,2026-09-07,60,108,15,4,31,-6.375,-5.625,208.25,1.965
2026,2026-05-25,2026-09-07,60,108,15,5,31,-6.125,-5.625,215.75,2.035
2026,2026-05-25,2026-09-07,60,108,15,6,31,-5.875,-5.625,210.75,1.988
2026,2026-05-25,2026-09-07,60,108,15,7,31,-5.625,-5.625,208.00,1.962
2026,2026-05-25,2026-09-07,60,108,15,8,31,-5.375,-5.625,203.75,1.922
2026,2026-05-25,2026-09-07,60,108,15,9,31,-5.125,-5.625,200.25,1.889
2026,2026-05-25,2026-09-07,60,108,15,10,31,-4.875,-5.625,193.00,1.821
2026,2026-05-25,2026-09-07,60,108,15,11,31,-4.625,-5.625,176.50,1.665
2026,2026-05-25,2026-09-07,60,108,15,12,31,-4.375,-5.625,158.00,1.491
2026,2026-05-25,2026-09-07,60,108,15,13,31,-4.125,-5.625,140.25,1.323
2026,2026-05-25,2026-09-07,60,108,15,14,31,-3.875,-5.625,121.75,1.149
2026,2026-05-25,2026-09-07,60,108,15,15,31,-3.625,-5.625,83.25,0.785
2026,2026-05-25,2026-09-07,60,108,15,16,31,-3.375,-5.625,16.25,0.153
2026,2026-05-25,2026-09-07,60,108,15,17,31,-3.125,-5.625,0.00,0.000
2026,2026-05-25,2026-09-07,60,108,15,18,31,-2.875,-5.625,0.00,0.000
2026,2026-05-25,2026-09-07,60,108,15,19,31,-2.625,-5.625,0.00,0.000
2026,2026-05-25,2026-09-07,60,108,15,20,31,-2.375,-5.625,0.00,0.000
2026,2026-05-25,2026-09-07,60,108,15,21,31,-2.125,-5.625,0.00,0.000
2026,2026-05-25,2026-09-07,60,108,15,22,31,-1.875,-5.625,0.00,0.000
2026,2026-05-25,2026-09-07,60,108,15,23,31,-1.625,-5.625,0.00,0.000
2026,2026-05-25,2026-09-07,60,108,15,24,31,-1.375,-5.625,0.00,0.000
2026,2026-05-25,2026-09-07,60,108,15,25,31,-1.125,-5.625,0.00,0.000
2026,2026-05-25,2026-09-07,60,108,15,26,31,-0.875,-5.625,0.00,0.000
2026,2026-05-25,2026-09-07,60,108,15,27,31,-0.625,-5.625,0.00,0.000
2026,2026-05-25,2026-09-07,60,108,15,28,31,-0.375,-5.625,0.00,0.000
2026,2026-05-25,2026-09-07,60,108,15,29,31,-0.125,-5.625,0.00,0.000
2026,2026-05-25,2026-09-07,60,108,15,30,31,0.125,-5.625,0.00,0.000
2026,2026-05-25,2026-09-07,60,108,15,31,31,0.375,-5.625,0.00,0.000
2026,2026-05-25,2026-09-07,60,108,15,32,31,0.625,-5.625,0.00,0.000
2026,2026-05-25,2026-09-07,60,108,15,33,31,0.875,-5.625,0.00,0.000
2026,2026-05-25,2026-09-07,60,108,15,34,31,1.125,-5.625,0.00,0.000
2026,2026-05-25,2026-09-07,60,108,15,35,31,1.375,-5.625,0.00,0.000
2026,2026-05-25,2026-09-07,60,108,15,36,31,1.625,-5.625,0.00,0.000
2026,2026-05-25,2026-09-07,60,108,15,37,31,1.875,-5.625,0.00,0.000
2026,2026-05-25,2026-09-07,60,108,15,38,31,2.125,-5.625,0.00,0.000
2026,2026-05-25,2026-09-07,60,108,15,39,31,2.375,-5.625,0.00,0.000
2026,2026-05-25,2026-09-07,60,108,15,40,31,2.625,-5.625,0.00,0.000
2026,2026-05-25,2026-09-07,60,108,15,41,31,2.875,-5.625,0.00,0.000
2026,2026-05-25,2026-09-07,60,108,15,42,31,3.125,-5.625,0.00,0.000
2026,2026-05-25,2026-09-07,60,108,15,43,31,3.375,-5.625,14.00,0.132
2026,2026-05-25,2026-09-07,60,108,15,44,31,3.625,-5.625,76.25,0.719
2026,2026-05-25,2026-09-07,60,108,15,45,31,3.875,-5.625,116.25,1.097
2026,2026-05-25,2026-09-07,60,108,15,46,31,4.125,-5.625,143.50,1.354
2026,2026-05-25,2026-09-07,60,108,15,47,31,4.375,-5.625,158.00,1.491
2026,2026-05-25,2026-09-07,60,108,15,48,31,4.625,-5.625,175.75,1.658
2026,2026-05-25,2026-09-07,60,108,15,49,31,4.875,-5.625,188.25,1.776
2026,2026-05-25,2026-09-07,60,108,15,50,31,5.125,-5.625,202.50,1.910
2026,2026-05-25,2026-09-07,60,108,15,51,31,5.375,-5.625,206.00,1.943
2026,2026-05-25,2026-09-07,60,108,15,52,31,5.625,-5.625,208.50,1.967
2026,2026-05-25,2026-09-07,60,108,15,53,31,5.875,-5.625,212.75,2.007
2026,2026-05-25,2026-09-07,60,108,15,54,31,6.125,-5.625,213.25,2.012
2026,2026-05-25,2026-09-07,60,108,15,55,31,6.375,-5.625,207.75,1.960
2026,2026-05-25,2026-09-07,60,108,15,56,31,6.625,-5.625,205.00,1.934
2026,2026-05-25,2026-09-07,60,108,15,57,31,6.875,-5.625,207.75,1.960
2026,2026-05-25,2026-09-07,60,108,15,58,31,7.125,-5.625,210.50,1.986
2026,2026-05-25,2026-09-07,60,108,15,59,31,7.375,-5.625,214.00,2.019
2026,2026-05-25,2026-09-07,60,108,15,0,32,-7.375,-5.375,206.50,1.948
2026,2026-05-25,2026-09-07,60,108,15,1,32,-7.125,-5.375,209.00,1.972
2026,2026-05-25,2026-09-07,60,108,15,2,32,-6.875,-5.375,210.25,1.983
2026,2026-05-25,2026-09-07,60,108,15,3,32,-6.625,-5.375,212.75,2.007
2026,2026-05-25,2026-09-07,60,108,15,4,32,-6.375,-5.375,208.50,1.967
2026,2026-05-25,2026-09-07,60,108,15,5,32,-6.125,-5.375,215.25,2.031
2026,2026-05-25,2026-09-07,60,108,15,6,32,-5.875,-5.375,210.50,1.986
2026,2026-05-25,2026-09-07,60,108,15,7,32,-5.625,-5.375,207.75,1.960
2026,2026-05-25,2026-09-07,60,108,15,8,32,-5.375,-5.375,202.50,1.910
2026,2026-05-25,2026-09-07,60,108,15,9,32,-5.125,-5.375,199.50,1.882
2026,2026-05-25,2026-09-07,60,108,15,10,32,-4.875,-5.375,194.25,1.833
2026,2026-05-25,2026-09-07,60,108,15,11,32,-4.625,-5.375,181.25,1.710
2026,2026-05-25,2026-09-07,60,108,15,12,32,-4.375,-5.375,159.25,1.502
2026,2026-05-25,2026-09-07,60,108,15,13,32,-4.125,-5.375,141.00,1.330
2026,2026-05-25,2026-09-07,60,108,15,14,32,-3.875,-5.375,118.25,1.116
2026,2026-05-25,2026-09-07,60,108,15,15,32,-3.625,-5.375,83.50,0.788
2026,2026-05-25,2026-09-07,60,108,15,16,32,-3.375,-5.375,36.00,0.340
2026,2026-05-25,2026-09-07,60,108,15,17,32,-3.125,-5.375,0.00,0.000
2026,2026-05-25,2026-09-07,60,108,15,18,32,-2.875,-5.375,0.00,0.000
2026,2026-05-25,2026-09-07,60,108,15,19,32,-2.625,-5.375,0.00,0.000
2026,2026-05-25,2026-09-07,60,108,15,20,32,-2.375,-5.375,0.00,0.000
2026,2026-05-25,2026-09-07,60,108,15,21,32,-2.125,-5.375,0.00,0.000
2026,2026-05-25,2026-09-07,60,108,15,22,32,-1.875,-5.375,0.00,0.000
2026,2026-05-25,2026-09-07,60,108,15,23,32,-1.625,-5.375,0.00,0.000
2026,2026-05-25,2026-09-07,60,108,15,24,32,-1.375,-5.375,0.00,0.000
2026,2026-05-25,2026-09-07,60,108,15,25,32,-1.125,-5.375,0.00,0.000
2026,2026-05-25,2026-09-07,60,108,15,26,32,-0.875,-5.375,0.00,0.000
2026,2026-05-25,2026-09-07,60,108,15,27,32,-0.625,-5.375,0.00,0.000
2026,2026-05-25,2026-09-07,60,108,15,28,32,-0.375,-5.375,0.00,0.000
2026,2026-05-25,2026-09-07,60,108,15,29,32,-0.125,-5.375,0.00,0.000
2026,2026-05-25,2026-09-07,60,108,15,30,32,0.125,-5.375,0.00,0.000
2026,2026-05-25,2026-09-07,60,108,15,31,32,0.375,-5.375,0.00,0.000
2026,2026-05-25,2026-09-07,60,108,15,32,32,0.625,-5.375,0.00,0.000
2026,2026-05-25,2026-09-07,60,108,15,33,32,0.875,-5.375,0.00,0.000
2026,2026-05-25,2026-09-07,60,108,15,34,32,1.125,-5.375,0.00,0.000
2026,2026-05-25,2026-09-07,60,108,15,35,32,1.375,-5.375,0.00,0.000
2026,2026-05-25,2026-09-07,60,108,15,36,32,1.625,-5.375,0.00,0.000
2026,2026-05-25,2026-09-07,60,108,15,37,32,1.875,-5.375,0.00,0.000
2026,2026-05-25,2026-09-07,60,108,15,38,32,2.125,-5.375,0.00,0.000
2026,2026-05-25,2026-09-07,60,108,15,39,32,2.375,-5.375,0.00,0.000
2026,2026-05-25,2026-09-07,60,108,15,40,32,2.625,-5.375,0.00,0.000
2026,2026-05-25,2026-09-07,60,108,15,41,32,2.875,-5.375,0.00,0.000
2026,2026-05-25,2026-09-07,60,108,15,42,32,3.125,-5.375,0.00,0.000
2026,2026-05-25,2026-09-07,60,108,15,43,32,3.375,-5.375,34.75,0.328
2026,2026-05-25,2026-09-07,60,108,15,44,32,3.625,-5.375,75.50,0.712
2026,2026-05-25,2026-09-07,60,108,15,45,32,3.875,-5.375,116.50,1.099
2026,2026-05-25,2026-09-07,60,108,15,46,32,4.125,-5.375,144.25,1.361
2026,2026-05-25,2026-09-07,60,108,15,47,32,4.375,-5.375,159.75,1.507
2026,2026-05-25,2026-09-07,60,108,15,48,32,4.625,-5.375,177.75,1.677
2026,2026-05-25,2026-09-07,60,108,15,49,32,4.875,-5.375,191.25,1.804
2026,2026-05-25,2026-09-07,60,108,15,50,32,5.125,-5.375,200.00,1.887
2026,2026-05-25,2026-09-07,60,108,15,51,32,5.375,-5.375,206.50,1.948
2026,2026-05-25,2026-09-07,60,108,15,52,32,5.625,-5.375,210.00,1.981
2026,2026-05-25,2026-09-07,60,108,15,53,32,5.875,-5.375,213.50,2.014
2026,2026-05-25,2026-09-07,60,108,15,54,32,6.125,-5.375,212.50,2.005
2026,2026-05-25,2026-09-07,60,108,15,55,32,6.375,-5.375,208.25,1.965
2026,2026-05-25,2026-09-07,60,108,15,56,32,6.625,-5.375,206.00,1.943
2026,2026-05-25,2026-09-07,60,108,15,57,32,6.875,-5.375,208.50,1.967
2026,2026-05-25,2026-09-07,60,108,15,58,32,7.125,-5.375,210.75,1.988
2026,2026-05-25,2026-09-07,60,108,15,59,32,7.375,-5.375,213.75,2.017
2026,2026-05-25,2026-09-07,60,108,15,0,33,-7.375,-5.125,206.75,1.950
2026,2026-05-25,2026-09-07,60,108,15,1,33,-7.125,-5.125,209.50,1.976
2026,2026-05-25,2026-09-07,60,108,15,2,33,-6.875,-5.125,211.50,1.995
2026,2026-05-25,2026-09-07,60,108,15,3,33,-6.625,-5.125,214.25,2.021
2026,2026-05-25,2026-09-07,60,108,15,4,33,-6.375,-5.125,209.00,1.972
2026,2026-05-25,2026-09-07,60,108,15,5,33,-6.125,-5.125,215.50,2.033
2026,2026-05-25,2026-09-07,60,108,15,6,33,-5.875,-5.125,211.50,1.995
2026,2026-05-25,2026-09-07,60,108,15,7,33,-5.625,-5.125,208.75,1.969
2026,2026-05-25,2026-09-07,60,108,15,8,33,-5.375,-5.125,202.75,1.913
2026,2026-05-25,2026-09-07,60,108,15,9,33,-5.125,-5.125,200.75,1.894
2026,2026-05-25,2026-09-07,60,108,15,10,33,-4.875,-5.125,201.25,1.899
2026,2026-05-25,2026-09-07,60,108,15,11,33,-4.625,-5.125,197.00,1.858
2026,2026-05-25,2026-09-07,60,108,15,12,33,-4.375,-5.125,184.50,1.741
2026,2026-05-25,2026-09-07,60,108,15,13,33,-4.125,-5.125,166.50,1.571
2026,2026-05-25,2026-09-07,60,108,15,14,33,-3.875,-5.125,140.00,1.321
2026,2026-05-25,2026-09-07,60,108,15,15,33,-3.625,-5.125,104.50,0.986
2026,2026-05-25,2026-09-07,60,108,15,16,33,-3.375,-5.125,62.50,0.590
2026,2026-05-25,2026-09-07,60,108,15,17,33,-3.125,-5.125,19.25,0.182
2026,2026-05-25,2026-09-07,60,108,15,18,33,-2.875,-5.125,19.25,0.182
2026,2026-05-25,2026-09-07,60,108,15,19,33,-2.625,-5.125,19.25,0.182
2026,2026-05-25,2026-09-07,60,108,15,20,33,-2.375,-5.125,20.25,0.191
2026,2026-05-25,2026-09-07,60,108,15,21,33,-2.125,-5.125,16.00,0.151
2026,2026-05-25,2026-09-07,60,108,15,22,33,-1.875,-5.125,14.50,0.137
2026,2026-05-25,2026-09-07,60,108,15,23,33,-1.625,-5.125,13.25,0.125
2026,2026-05-25,2026-09-07,60,108,15,24,33,-1.375,-5.125,12.00,0.113
2026,2026-05-25,2026-09-07,60,108,15,25,33,-1.125,-5.125,12.00,0.113
2026,2026-05-25,2026-09-07,60,108,15,26,33,-0.875,-5.125,12.75,0.120
2026,2026-05-25,2026-09-07,60,108,15,27,33,-0.625,-5.125,15.00,0.142
2026,2026-05-25,2026-09-07,60,108,15,28,33,-0.375,-5.125,16.50,0.156
2026,2026-05-25,2026-09-07,60,108,15,29,33,-0.125,-5.125,13.25,0.125
2026,2026-05-25,2026-09-07,60,108,15,30,33,0.125,-5.125,11.50,0.108
2026,2026-05-25,2026-09-07,60,108,15,31,33,0.375,-5.125,11.00,0.104
2026,2026-05-25,2026-09-07,60,108,15,32,33,0.625,-5.125,11.25,0.106
2026,2026-05-25,2026-09-07,60,108,15,33,33,0.875,-5.125,12.50,0.118
2026,2026-05-25,2026-09-07,60,108,15,34,33,1.125,-5.125,14.25,0.134
2026,2026-05-25,2026-09-07,60,108,15,35,33,1.375,-5.125,19.00,0.179
2026,2026-05-25,2026-09-07,60,108,15,36,33,1.625,-5.125,16.50,0.156
2026,2026-05-25,2026-09-07,60,108,15,37,33,1.875,-5.125,15.25,0.144
2026,2026-05-25,2026-09-07,60,108,15,38,33,2.125,-5.125,15.25,0.144
2026,2026-05-25,2026-09-07,60,108,15,39,33,2.375,-5.125,15.50,0.146
2026,2026-05-25,2026-09-07,60,108,15,40,33,2.625,-5.125,16.75,0.158
2026,2026-05-25,2026-09-07,60,108,15,41,33,2.875,-5.125,17.75,0.167
2026,2026-05-25,2026-09-07,60,108,15,42,33,3.125,-5.125,20.25,0.191
2026,2026-05-25,2026-09-07,60,108,15,43,33,3.375,-5.125,58.25,0.550
2026,2026-05-25,2026-09-07,60,108,15,44,33,3.625,-5.125,100.50,0.948
2026,2026-05-25,2026-09-07,60,108,15,45,33,3.875,-5.125,142.25,1.342
2026,2026-05-25,2026-09-07,60,108,15,46,33,4.125,-5.125,170.25,1.606
2026,2026-05-25,2026-09-07,60,108,15,47,33,4.375,-5.125,184.25,1.738
2026,2026-05-25,2026-09-07,60,108,15,48,33,4.625,-5.125,192.00,1.811
2026,2026-05-25,2026-09-07,60,108,15,49,33,4.875,-5.125,197.00,1.858
2026,2026-05-25,2026-09-07,60,108,15,50,33,5.125,-5.125,201.50,1.901
2026,2026-05-25,2026-09-07,60,108,15,51,33,5.375,-5.125,204.75,1.932
2026,2026-05-25,2026-09-07,60,108,15,52,33,5.625,-5.125,211.75,1.998
2026,2026-05-25,2026-09-07,60,108,15,53,33,5.875,-5.125,215.25,2.031
2026,2026-05-25,2026-09-07,60,108,15,54,33,6.125,-5.125,212.00,2.000
2026,2026-05-25,2026-09-07,60,108,15,55,33,6.375,-5.125,208.75,1.969
2026,2026-05-25,2026-09-07,60,108,15,56,33,6.625,-5.125,206.75,1.950
2026,2026-05-25,2026-09-07,60,108,15,57,33,6.875,-5.125,209.50,1.976
2026,2026-05-25,2026-09-07,60,108,15,58,33,7.125,-5.125,212.25,2.002
2026,2026-05-25,2026-09-07,60,108,15,59,33,7.375,-5.125,214.50,2.024
2026,2026-05-25,2026-09-07,60,108,15,0,34,-7.375,-4.875,207.00,1.953
2026,2026-05-25,2026-09-07,60,108,15,1,34,-7.125,-4.875,210.75,1.988
2026,2026-05-25,2026-09-07,60,108,15,2,34,-6.875,-4.875,212.25,2.002
2026,2026-05-25,2026-09-07,60,108,15,3,34,-6.625,-4.875,214.25,2.021
2026,2026-05-25,2026-09-07,60,108,15,4,34,-6.375,-4.875,210.00,1.981
2026,2026-05-25,2026-09-07,60,108,15,5,34,-6.125,-4.875,215.75,2.035
2026,2026-05-25,2026-09-07,60,108,15,6,34,-5.875,-4.875,212.50,2.005
2026,2026-05-25,2026-09-07,60,108,15,7,34,-5.625,-4.875,209.25,1.974
2026,2026-05-25,2026-09-07,60,108,15,8,34,-5.375,-4.875,204.25,1.927
2026,2026-05-25,2026-09-07,60,108,15,9,34,-5.125,-4.875,202.50,1.910
2026,2026-05-25,2026-09-07,60,108,15,10,34,-4.875,-4.875,204.50,1.929
2026,2026-05-25,2026-09-07,60,108,15,11,34,-4.625,-4.875,204.00,1.925
2026,2026-05-25,2026-09-07,60,108,15,12,34,-4.375,-4.875,196.75,1.856
2026,2026-05-25,2026-09-07,60,108,15,13,34,-4.125,-4.875,189.00,1.783
2026,2026-05-25,2026-09-07,60,108,15,14,34,-3.875,-4.875,182.25,1.719
2026,2026-05-25,2026-09-07,60,108,15,15,34,-3.625,-4.875,175.00,1.651
2026,2026-05-25,2026-09-07,60,108,15,16,34,-3.375,-4.875,169.25,1.597
2026,2026-05-25,2026-09-07,60,108,15,17,34,-3.125,-4.875,156.75,1.479
2026,2026-05-25,2026-09-07,60,108,15,18,34,-2.875,-4.875,150.50,1.420
2026,2026-05-25,2026-09-07,60,108,15,19,34,-2.625,-4.875,150.75,1.422
2026,2026-05-25,2026-09-07,60,108,15,20,34,-2.375,-4.875,147.50,1.392
2026,2026-05-25,2026-09-07,60,108,15,21,34,-2.125,-4.875,145.00,1.368
2026,2026-05-25,2026-09-07,60,108,15,22,34,-1.875,-4.875,146.25,1.380
2026,2026-05-25,2026-09-07,60,108,15,23,34,-1.625,-4.875,146.00,1.377
2026,2026-05-25,2026-09-07,60,108,15,24,34,-1.375,-4.875,145.75,1.375
2026,2026-05-25,2026-09-07,60,108,15,25,34,-1.125,-4.875,146.25,1.380
2026,2026-05-25,2026-09-07,60,108,15,26,34,-0.875,-4.875,147.25,1.389
2026,2026-05-25,2026-09-07,60,108,15,27,34,-0.625,-4.875,149.00,1.406
2026,2026-05-25,2026-09-07,60,108,15,28,34,-0.375,-4.875,146.25,1.380
2026,2026-05-25,2026-09-07,60,108,15,29,34,-0.125,-4.875,148.00,1.396
2026,2026-05-25,2026-09-07,60,108,15,30,34,0.125,-4.875,146.50,1.382
2026,2026-05-25,2026-09-07,60,108,15,31,34,0.375,-4.875,146.00,1.377
2026,2026-05-25,2026-09-07,60,108,15,32,34,0.625,-4.875,146.00,1.377
2026,2026-05-25,2026-09-07,60,108,15,33,34,0.875,-4.875,146.50,1.382
2026,2026-05-25,2026-09-07,60,108,15,34,34,1.125,-4.875,147.75,1.394
2026,2026-05-25,2026-09-07,60,108,15,35,34,1.375,-4.875,145.00,1.368
2026,2026-05-25,2026-09-07,60,108,15,36,34,1.625,-4.875,147.75,1.394
2026,2026-05-25,2026-09-07,60,108,15,37,34,1.875,-4.875,146.50,1.382
2026,2026-05-25,2026-09-07,60,108,15,38,34,2.125,-4.875,146.00,1.377
2026,2026-05-25,2026-09-07,60,108,15,39,34,2.375,-4.875,147.00,1.387
2026,2026-05-25,2026-09-07,60,108,15,40,34,2.625,-4.875,149.25,1.408
2026,2026-05-25,2026-09-07,60,108,15,41,34,2.875,-4.875,152.00,1.434
2026,2026-05-25,2026-09-07,60,108,15,42,34,3.125,-4.875,153.00,1.443
2026,2026-05-25,2026-09-07,60,108,15,43,34,3.375,-4.875,165.00,1.557
2026,2026-05-25,2026-09-07,60,108,15,44,34,3.625,-4.875,176.00,1.660
2026,2026-05-25,2026-09-07,60,108,15,45,34,3.875,-4.875,186.75,1.762
2026,2026-05-25,2026-09-07,60,108,15,46,34,4.125,-4.875,191.25,1.804
2026,2026-05-25,2026-09-07,60,108,15,47,34,4.375,-4.875,197.75,1.866
2026,2026-05-25,2026-09-07,60,108,15,48,34,4.625,-4.875,196.75,1.856
2026,2026-05-25,2026-09-07,60,108,15,49,34,4.875,-4.875,201.00,1.896
2026,2026-05-25,2026-09-07,60,108,15,50,34,5.125,-4.875,203.75,1.922
2026,2026-05-25,2026-09-07,60,108,15,51,34,5.375,-4.875,206.00,1.943
2026,2026-05-25,2026-09-07,60,108,15,52,34,5.625,-4.875,211.75,1.998
2026,2026-05-25,2026-09-07,60,108,15,53,34,5.875,-4.875,216.50,2.042
2026,2026-05-25,2026-09-07,60,108,15,54,34,6.125,-4.875,212.00,2.000
2026,2026-05-25,2026-09-07,60,108,15,55,34,6.375,-4.875,209.00,1.972
2026,2026-05-25,2026-09-07,60,108,15,56,34,6.625,-4.875,207.50,1.958
2026,2026-05-25,2026-09-07,60,108,15,57,34,6.875,-4.875,210.25,1.983
2026,2026-05-25,2026-09-07,60,108,15,58,34,7.125,-4.875,213.00,2.009
2026,2026-05-25,2026-09-07,60,108,15,59,34,7.375,-4.875,215.75,2.035
2026,2026-05-25,2026-09-07,60,108,15,0,35,-7.375,-4.625,208.00,1.962
2026,2026-05-25,2026-09-07,60,108,15,1,35,-7.125,-4.625,212.00,2.000
2026,2026-05-25,2026-09-07,60,108,15,2,35,-6.875,-4.625,214.00,2.019
2026,2026-05-25,2026-09-07,60,108,15,3,35,-6.625,-4.625,215.25,2.031
2026,2026-05-25,2026-09-07,60,108,15,4,35,-6.375,-4.625,211.00,1.991
2026,2026-05-25,2026-09-07,60,108,15,5,35,-6.125,-4.625,215.75,2.035
2026,2026-05-25,2026-09-07,60,108,15,6,35,-5.875,-4.625,214.50,2.024
2026,2026-05-25,2026-09-07,60,108,15,7,35,-5.625,-4.625,210.00,1.981
2026,2026-05-25,2026-09-07,60,108,15,8,35,-5.375,-4.625,207.50,1.958
2026,2026-05-25,2026-09-07,60,108,15,9,35,-5.125,-4.625,208.00,1.962
2026,2026-05-25,2026-09-07,60,108,15,10,35,-4.875,-4.625,208.00,1.962
2026,2026-05-25,2026-09-07,60,108,15,11,35,-4.625,-4.625,209.75,1.979
2026,2026-05-25,2026-09-07,60,108,15,12,35,-4.375,-4.625,204.75,1.932
2026,2026-05-25,2026-09-07,60,108,15,13,35,-4.125,-4.625,199.00,1.877
2026,2026-05-25,2026-09-07,60,108,15,14,35,-3.875,-4.625,193.25,1.823
2026,2026-05-25,2026-09-07,60,108,15,15,35,-3.625,-4.625,189.75,1.790
2026,2026-05-25,2026-09-07,60,108,15,16,35,-3.375,-4.625,191.25,1.804
2026,2026-05-25,2026-09-07,60,108,15,17,35,-3.125,-4.625,185.50,1.750
2026,2026-05-25,2026-09-07,60,108,15,18,35,-2.875,-4.625,181.75,1.715
2026,2026-05-25,2026-09-07,60,108,15,19,35,-2.625,-4.625,178.00,1.679
2026,2026-05-25,2026-09-07,60,108,15,20,35,-2.375,-4.625,172.75,1.630
2026,2026-05-25,2026-09-07,60,108,15,21,35,-2.125,-4.625,171.50,1.618
2026,2026-05-25,2026-09-07,60,108,15,22,35,-1.875,-4.625,175.25,1.653
2026,2026-05-25,2026-09-07,60,108,15,23,35,-1.625,-4.625,172.00,1.623
2026,2026-05-25,2026-09-07,60,108,15,24,35,-1.375,-4.625,171.50,1.618
2026,2026-05-25,2026-09-07,60,108,15,25,35,-1.125,-4.625,171.50,1.618
2026,2026-05-25,2026-09-07,60,108,15,26,35,-0.875,-4.625,172.25,1.625
2026,2026-05-25,2026-09-07,60,108,15,27,35,-0.625,-4.625,169.75,1.601
2026,2026-05-25,2026-09-07,60,108,15,28,35,-0.375,-4.625,169.25,1.597
2026,2026-05-25,2026-09-07,60,108,15,29,35,-0.125,-4.625,173.50,1.637
2026,2026-05-25,2026-09-07,60,108,15,30,35,0.125,-4.625,172.25,1.625
2026,2026-05-25,2026-09-07,60,108,15,31,35,0.375,-4.625,171.25,1.616
2026,2026-05-25,2026-09-07,60,108,15,32,35,0.625,-4.625,170.50,1.608
2026,2026-05-25,2026-09-07,60,108,15,33,35,0.875,-4.625,171.75,1.620
2026,2026-05-25,2026-09-07,60,108,15,34,35,1.125,-4.625,171.00,1.613
2026,2026-05-25,2026-09-07,60,108,15,35,35,1.375,-4.625,170.00,1.604
2026,2026-05-25,2026-09-07,60,108,15,36,35,1.625,-4.625,170.50,1.608
2026,2026-05-25,2026-09-07,60,108,15,37,35,1.875,-4.625,173.25,1.634
2026,2026-05-25,2026-09-07,60,108,15,38,35,2.125,-4.625,173.75,1.639
2026,2026-05-25,2026-09-07,60,108,15,39,35,2.375,-4.625,175.25,1.653
2026,2026-05-25,2026-09-07,60,108,15,40,35,2.625,-4.625,178.75,1.686
2026,2026-05-25,2026-09-07,60,108,15,41,35,2.875,-4.625,179.25,1.691
2026,2026-05-25,2026-09-07,60,108,15,42,35,3.125,-4.625,183.50,1.731
2026,2026-05-25,2026-09-07,60,108,15,43,35,3.375,-4.625,188.25,1.776
2026,2026-05-25,2026-09-07,60,108,15,44,35,3.625,-4.625,192.75,1.818
2026,2026-05-25,2026-09-07,60,108,15,45,35,3.875,-4.625,197.50,1.863
2026,2026-05-25,2026-09-07,60,108,15,46,35,4.125,-4.625,202.00,1.906
2026,2026-05-25,2026-09-07,60,108,15,47,35,4.375,-4.625,206.50,1.948
2026,2026-05-25,2026-09-07,60,108,15,48,35,4.625,-4.625,202.25,1.908
2026,2026-05-25,2026-09-07,60,108,15,49,35,4.875,-4.625,206.00,1.943
2026,2026-05-25,2026-09-07,60,108,15,50,35,5.125,-4.625,208.50,1.967
2026,2026-05-25,2026-09-07,60,108,15,51,35,5.375,-4.625,209.50,1.976
2026,2026-05-25,2026-09-07,60,108,15,52,35,5.625,-4.625,212.75,2.007
2026,2026-05-25,2026-09-07,60,108,15,53,35,5.875,-4.625,218.00,2.057
2026,2026-05-25,2026-09-07,60,108,15,54,35,6.125,-4.625,212.25,2.002
2026,2026-05-25,2026-09-07,60,108,15,55,35,6.375,-4.625,209.75,1.979
2026,2026-05-25,2026-09-07,60,108,15,56,35,6.625,-4.625,208.25,1.965
2026,2026-05-25,2026-09-07,60,108,15,57,35,6.875,-4.625,211.25,1.993
2026,2026-05-25,2026-09-07,60,108,15,58,35,7.125,-4.625,214.50,2.024
2026,2026-05-25,2026-09-07,60,108,15,59,35,7.375,-4.625,217.00,2.047
2026,2026-05-25,2026-09-07,60,108,15,0,36,-7.375,-4.375,209.50,1.976
2026,2026-05-25,2026-09-07,60,108,15,1,36,-7.125,-4.375,214.00,2.019
2026,2026-05-25,2026-09-07,60,108,15,2,36,-6.875,-4.375,214.50,2.024
2026,2026-05-25,2026-09-07,60,108,15,3,36,-6.625,-4.375,216.00,2.038
2026,2026-05-25,2026-09-07,60,108,15,4,36,-6.375,-4.375,212.50,2.005
2026,2026-05-25,2026-09-07,60,108,15,5,36,-6.125,-4.375,215.00,2.028
2026,2026-05-25,2026-09-07,60,108,15,6,36,-5.875,-4.375,217.00,2.047
2026,2026-05-25,2026-09-07,60,108,15,7,36,-5.625,-4.375,211.00,1.991
2026,2026-05-25,2026-09-07,60,108,15,8,36,-5.375,-4.375,210.50,1.986
2026,2026-05-25,2026-09-07,60,108,15,9,36,-5.125,-4.375,211.00,1.991
2026,2026-05-25,2026-09-07,60,108,15,10,36,-4.875,-4.375,209.75,1.979
2026,2026-05-25,2026-09-07,60,108,15,11,36,-4.625,-4.375,215.25,2.031
2026,2026-05-25,2026-09-07,60,108,15,12,36,-4.375,-4.375,212.00,2.000
2026,2026-05-25,2026-09-07,60,108,15,13,36,-4.125,-4.375,208.50,1.967
2026,2026-05-25,2026-09-07,60,108,15,14,36,-3.875,-4.375,204.25,1.927
2026,2026-05-25,2026-09-07,60,108,15,15,36,-3.625,-4.375,200.50,1.892
2026,2026-05-25,2026-09-07,60,108,15,16,36,-3.375,-4.375,206.50,1.948
2026,2026-05-25,2026-09-07,60,108,15,17,36,-3.125,-4.375,205.25,1.936
2026,2026-05-25,2026-09-07,60,108,15,18,36,-2.875,-4.375,203.50,1.920
2026,2026-05-25,2026-09-07,60,108,15,19,36,-2.625,-4.375,198.25,1.870
2026,2026-05-25,2026-09-07,60,108,15,20,36,-2.375,-4.375,196.25,1.851
2026,2026-05-25,2026-09-07,60,108,15,21,36,-2.125,-4.375,195.25,1.842
2026,2026-05-25,2026-09-07,60,108,15,22,36,-1.875,-4.375,191.50,1.807
2026,2026-05-25,2026-09-07,60,108,15,23,36,-1.625,-4.375,193.50,1.825
2026,2026-05-25,2026-09-07,60,108,15,24,36,-1.375,-4.375,193.50,1.825
2026,2026-05-25,2026-09-07,60,108,15,25,36,-1.125,-4.375,194.25,1.833
2026,2026-05-25,2026-09-07,60,108,15,26,36,-0.875,-4.375,193.50,1.825
2026,2026-05-25,2026-09-07,60,108,15,27,36,-0.625,-4.375,191.00,1.802
2026,2026-05-25,2026-09-07,60,108,15,28,36,-0.375,-4.375,192.00,1.811
2026,2026-05-25,2026-09-07,60,108,15,29,36,-0.125,-4.375,191.25,1.804
2026,2026-05-25,2026-09-07,60,108,15,30,36,0.125,-4.375,194.50,1.835
2026,2026-05-25,2026-09-07,60,108,15,31,36,0.375,-4.375,193.50,1.825
2026,2026-05-25,2026-09-07,60,108,15,32,36,0.625,-4.375,193.50,1.825
2026,2026-05-25,2026-09-07,60,108,15,33,36,0.875,-4.375,194.00,1.830
2026,2026-05-25,2026-09-07,60,108,15,34,36,1.125,-4.375,192.25,1.814
2026,2026-05-25,2026-09-07,60,108,15,35,36,1.375,-4.375,192.25,1.814
2026,2026-05-25,2026-09-07,60,108,15,36,36,1.625,-4.375,192.00,1.811
2026,2026-05-25,2026-09-07,60,108,15,37,36,1.875,-4.375,194.25,1.833
2026,2026-05-25,2026-09-07,60,108,15,38,36,2.125,-4.375,195.75,1.847
2026,2026-05-25,2026-09-07,60,108,15,39,36,2.375,-4.375,197.75,1.866
2026,2026-05-25,2026-09-07,60,108,15,40,36,2.625,-4.375,201.75,1.903
2026,2026-05-25,2026-09-07,60,108,15,41,36,2.875,-4.375,199.50,1.882
2026,2026-05-25,2026-09-07,60,108,15,42,36,3.125,-4.375,203.00,1.915
2026,2026-05-25,2026-09-07,60,108,15,43,36,3.375,-4.375,204.25,1.927
2026,2026-05-25,2026-09-07,60,108,15,44,36,3.625,-4.375,204.75,1.932
2026,2026-05-25,2026-09-07,60,108,15,45,36,3.875,-4.375,207.75,1.960
2026,2026-05-25,2026-09-07,60,108,15,46,36,4.125,-4.375,211.50,1.995
2026,2026-05-25,2026-09-07,60,108,15,47,36,4.375,-4.375,211.25,1.993
2026,2026-05-25,2026-09-07,60,108,15,48,36,4.625,-4.375,206.50,1.948
2026,2026-05-25,2026-09-07,60,108,15,49,36,4.875,-4.375,212.00,2.000
2026,2026-05-25,2026-09-07,60,108,15,50,36,5.125,-4.375,212.75,2.007
2026,2026-05-25,2026-09-07,60,108,15,51,36,5.375,-4.375,212.00,2.000
2026,2026-05-25,2026-09-07,60,108,15,52,36,5.625,-4.375,215.75,2.035
2026,2026-05-25,2026-09-07,60,108,15,53,36,5.875,-4.375,219.25,2.068
2026,2026-05-25,2026-09-07,60,108,15,54,36,6.125,-4.375,213.00,2.009
2026,2026-05-25,2026-09-07,60,108,15,55,36,6.375,-4.375,210.25,1.983
2026,2026-05-25,2026-09-07,60,108,15,56,36,6.625,-4.375,209.25,1.974
2026,2026-05-25,2026-09-07,60,108,15,57,36,6.875,-4.375,213.25,2.012
2026,2026-05-25,2026-09-07,60,108,15,58,36,7.125,-4.375,215.75,2.035
2026,2026-05-25,2026-09-07,60,108,15,59,36,7.375,-4.375,218.25,2.059
2026,2026-05-25,2026-09-07,60,108,15,0,37,-7.375,-4.125,210.75,1.988
2026,2026-05-25,2026-09-07,60,108,15,1,37,-7.125,-4.125,215.00,2.028
2026,2026-05-25,2026-09-07,60,108,15,2,37,-6.875,-4.125,215.00,2.028
2026,2026-05-25,2026-09-07,60,108,15,3,37,-6.625,-4.125,216.00,2.038
2026,2026-05-25,2026-09-07,60,108,15,4,37,-6.375,-4.125,213.50,2.014
2026,2026-05-25,2026-09-07,60,108,15,5,37,-6.125,-4.125,213.00,2.009
2026,2026-05-25,2026-09-07,60,108,15,6,37,-5.875,-4.125,219.25,2.068
2026,2026-05-25,2026-09-07,60,108,15,7,37,-5.625,-4.125,214.50,2.024
2026,2026-05-25,2026-09-07,60,108,15,8,37,-5.375,-4.125,214.25,2.021
2026,2026-05-25,2026-09-07,60,108,15,9,37,-5.125,-4.125,215.00,2.028
2026,2026-05-25,2026-09-07,60,108,15,10,37,-4.875,-4.125,214.75,2.026
2026,2026-05-25,2026-09-07,60,108,15,11,37,-4.625,-4.125,219.50,2.071
2026,2026-05-25,2026-09-07,60,108,15,12,37,-4.375,-4.125,218.25,2.059
2026,2026-05-25,2026-09-07,60,108,15,13,37,-4.125,-4.125,216.25,2.040
2026,2026-05-25,2026-09-07,60,108,15,14,37,-3.875,-4.125,214.00,2.019
2026,2026-05-25,2026-09-07,60,108,15,15,37,-3.625,-4.125,210.00,1.981
2026,2026-05-25,2026-09-07,60,108,15,16,37,-3.375,-4.125,216.25,2.040
2026,2026-05-25,2026-09-07,60,108,15,17,37,-3.125,-4.125,217.25,2.050
2026,2026-05-25,2026-09-07,60,108,15,18,37,-2.875,-4.125,215.75,2.035
2026,2026-05-25,2026-09-07,60,108,15,19,37,-2.625,-4.125,214.00,2.019
2026,2026-05-25,2026-09-07,60,108,15,20,37,-2.375,-4.125,211.00,1.991
2026,2026-05-25,2026-09-07,60,108,15,21,37,-2.125,-4.125,210.75,1.988
2026,2026-05-25,2026-09-07,60,108,15,22,37,-1.875,-4.125,208.00,1.962
2026,2026-05-25,2026-09-07,60,108,15,23,37,-1.625,-4.125,211.00,1.991
2026,2026-05-25,2026-09-07,60,108,15,24,37,-1.375,-4.125,211.75,1.998
2026,2026-05-25,2026-09-07,60,108,15,25,37,-1.125,-4.125,212.50,2.005
2026,2026-05-25,2026-09-07,60,108,15,26,37,-0.875,-4.125,210.25,1.983
2026,2026-05-25,2026-09-07,60,108,15,27,37,-0.625,-4.125,209.75,1.979
2026,2026-05-25,2026-09-07,60,108,15,28,37,-0.375,-4.125,210.75,1.988
2026,2026-05-25,2026-09-07,60,108,15,29,37,-0.125,-4.125,208.50,1.967
2026,2026-05-25,2026-09-07,60,108,15,30,37,0.125,-4.125,210.75,1.988
2026,2026-05-25,2026-09-07,60,108,15,31,37,0.375,-4.125,211.50,1.995
2026,2026-05-25,2026-09-07,60,108,15,32,37,0.625,-4.125,212.00,2.000
2026,2026-05-25,2026-09-07,60,108,15,33,37,0.875,-4.125,211.25,1.993
2026,2026-05-25,2026-09-07,60,108,15,34,37,1.125,-4.125,210.25,1.983
2026,2026-05-25,2026-09-07,60,108,15,35,37,1.375,-4.125,210.25,1.983
2026,2026-05-25,2026-09-07,60,108,15,36,37,1.625,-4.125,209.25,1.974
2026,2026-05-25,2026-09-07,60,108,15,37,37,1.875,-4.125,210.25,1.983
2026,2026-05-25,2026-09-07,60,108,15,38,37,2.125,-4.125,212.00,2.000
2026,2026-05-25,2026-09-07,60,108,15,39,37,2.375,-4.125,213.50,2.014
2026,2026-05-25,2026-09-07,60,108,15,40,37,2.625,-4.125,213.50,2.014
2026,2026-05-25,2026-09-07,60,108,15,41,37,2.875,-4.125,211.25,1.993
2026,2026-05-25,2026-09-07,60,108,15,42,37,3.125,-4.125,214.50,2.024
2026,2026-05-25,2026-09-07,60,108,15,43,37,3.375,-4.125,213.25,2.012
2026,2026-05-25,2026-09-07,60,108,15,44,37,3.625,-4.125,213.75,2.017
2026,2026-05-25,2026-09-07,60,108,15,45,37,3.875,-4.125,215.75,2.035
2026,2026-05-25,2026-09-07,60,108,15,46,37,4.125,-4.125,219.00,2.066
2026,2026-05-25,2026-09-07,60,108,15,47,37,4.375,-4.125,214.50,2.024
2026,2026-05-25,2026-09-07,60,108,15,48,37,4.625,-4.125,212.25,2.002
2026,2026-05-25,2026-09-07,60,108,15,49,37,4.875,-4.125,216.50,2.042
2026,2026-05-25,2026-09-07,60,108,15,50,37,5.125,-4.125,216.00,2.038
2026,2026-05-25,2026-09-07,60,108,15,51,37,5.375,-4.125,215.75,2.035
2026,2026-05-25,2026-09-07,60,108,15,52,37,5.625,-4.125,218.75,2.064
2026,2026-05-25,2026-09-07,60,108,15,53,37,5.875,-4.125,221.25,2.087
2026,2026-05-25,2026-09-07,60,108,15,54,37,6.125,-4.125,214.50,2.024
2026,2026-05-25,2026-09-07,60,108,15,55,37,6.375,-4.125,210.75,1.988
2026,2026-05-25,2026-09-07,60,108,15,56,37,6.625,-4.125,209.50,1.976
2026,2026-05-25,2026-09-07,60,108,15,57,37,6.875,-4.125,213.50,2.014
2026,2026-05-25,2026-09-07,60,108,15,58,37,7.125,-4.125,216.75,2.045
2026,2026-05-25,2026-09-07,60,108,15,59,37,7.375,-4.125,218.50,2.061
2026,2026-05-25,2026-09-07,60,108,15,0,38,-7.375,-3.875,212.00,2.000
2026,2026-05-25,2026-09-07,60,108,15,1,38,-7.125,-3.875,216.00,2.038
2026,2026-05-25,2026-09-07,60,108,15,2,38,-6.875,-3.875,216.00,2.038
2026,2026-05-25,2026-09-07,60,108,15,3,38,-6.625,-3.875,216.75,2.045
2026,2026-05-25,2026-09-07,60,108,15,4,38,-6.375,-3.875,215.50,2.033
2026,2026-05-25,2026-09-07,60,108,15,5,38,-6.125,-3.875,212.00,2.000
2026,2026-05-25,2026-09-07,60,108,15,6,38,-5.875,-3.875,221.50,2.090
2026,2026-05-25,2026-09-07,60,108,15,7,38,-5.625,-3.875,218.25,2.059
2026,2026-05-25,2026-09-07,60,108,15,8,38,-5.375,-3.875,218.00,2.057
2026,2026-05-25,2026-09-07,60,108,15,9,38,-5.125,-3.875,219.50,2.071
2026,2026-05-25,2026-09-07,60,108,15,10,38,-4.875,-3.875,220.25,2.078
2026,2026-05-25,2026-09-07,60,108,15,11,38,-4.625,-3.875,224.00,2.113
2026,2026-05-25,2026-09-07,60,108,15,12,38,-4.375,-3.875,224.25,2.116
2026,2026-05-25,2026-09-07,60,108,15,13,38,-4.125,-3.875,223.75,2.111
2026,2026-05-25,2026-09-07,60,108,15,14,38,-3.875,-3.875,223.75,2.111
2026,2026-05-25,2026-09-07,60,108,15,15,38,-3.625,-3.875,219.50,2.071
2026,2026-05-25,2026-09-07,60,108,15,16,38,-3.375,-3.875,222.25,2.097
2026,2026-05-25,2026-09-07,60,108,15,17,38,-3.125,-3.875,228.50,2.156
2026,2026-05-25,2026-09-07,60,108,15,18,38,-2.875,-3.875,227.25,2.144
2026,2026-05-25,2026-09-07,60,108,15,19,38,-2.625,-3.875,225.50,2.127
2026,2026-05-25,2026-09-07,60,108,15,20,38,-2.375,-3.875,224.25,2.116
2026,2026-05-25,2026-09-07,60,108,15,21,38,-2.125,-3.875,224.25,2.116
2026,2026-05-25,2026-09-07,60,108,15,22,38,-1.875,-3.875,222.75,2.101
2026,2026-05-25,2026-09-07,60,108,15,23,38,-1.625,-3.875,226.00,2.132
2026,2026-05-25,2026-09-07,60,108,15,24,38,-1.375,-3.875,228.50,2.156
2026,2026-05-25,2026-09-07,60,108,15,25,38,-1.125,-3.875,228.25,2.153
2026,2026-05-25,2026-09-07,60,108,15,26,38,-0.875,-3.875,225.75,2.130
2026,2026-05-25,2026-09-07,60,108,15,27,38,-0.625,-3.875,226.25,2.134
2026,2026-05-25,2026-09-07,60,108,15,28,38,-0.375,-3.875,227.50,2.146
2026,2026-05-25,2026-09-07,60,108,15,29,38,-0.125,-3.875,225.00,2.123
2026,2026-05-25,2026-09-07,60,108,15,30,38,0.125,-3.875,225.75,2.130
2026,2026-05-25,2026-09-07,60,108,15,31,38,0.375,-3.875,228.00,2.151
2026,2026-05-25,2026-09-07,60,108,15,32,38,0.625,-3.875,228.25,2.153
2026,2026-05-25,2026-09-07,60,108,15,33,38,0.875,-3.875,226.75,2.139
2026,2026-05-25,2026-09-07,60,108,15,34,38,1.125,-3.875,227.25,2.144
2026,2026-05-25,2026-09-07,60,108,15,35,38,1.375,-3.875,227.25,2.144
2026,2026-05-25,2026-09-07,60,108,15,36,38,1.625,-3.875,224.25,2.116
2026,2026-05-25,2026-09-07,60,108,15,37,38,1.875,-3.875,224.75,2.120
2026,2026-05-25,2026-09-07,60,108,15,38,38,2.125,-3.875,225.75,2.130
2026,2026-05-25,2026-09-07,60,108,15,39,38,2.375,-3.875,227.50,2.146
2026,2026-05-25,2026-09-07,60,108,15,40,38,2.625,-3.875,224.50,2.118
2026,2026-05-25,2026-09-07,60,108,15,41,38,2.875,-3.875,222.00,2.094
2026,2026-05-25,2026-09-07,60,108,15,42,38,3.125,-3.875,225.00,2.123
2026,2026-05-25,2026-09-07,60,108,15,43,38,3.375,-3.875,223.25,2.106
2026,2026-05-25,2026-09-07,60,108,15,44,38,3.625,-3.875,223.00,2.104
2026,2026-05-25,2026-09-07,60,108,15,45,38,3.875,-3.875,224.25,2.116
2026,2026-05-25,2026-09-07,60,108,15,46,38,4.125,-3.875,226.50,2.137
2026,2026-05-25,2026-09-07,60,108,15,47,38,4.375,-3.875,221.00,2.085
2026,2026-05-25,2026-09-07,60,108,15,48,38,4.625,-3.875,218.00,2.057
2026,2026-05-25,2026-09-07,60,108,15,49,38,4.875,-3.875,221.25,2.087
2026,2026-05-25,2026-09-07,60,108,15,50,38,5.125,-3.875,220.25,2.078
2026,2026-05-25,2026-09-07,60,108,15,51,38,5.375,-3.875,220.00,2.075
2026,2026-05-25,2026-09-07,60,108,15,52,38,5.625,-3.875,221.50,2.090
2026,2026-05-25,2026-09-07,60,108,15,53,38,5.875,-3.875,220.75,2.083
2026,2026-05-25,2026-09-07,60,108,15,54,38,6.125,-3.875,216.00,2.038
2026,2026-05-25,2026-09-07,60,108,15,55,38,6.375,-3.875,212.50,2.005
2026,2026-05-25,2026-09-07,60,108,15,56,38,6.625,-3.875,209.75,1.979
2026,2026-05-25,2026-09-07,60,108,15,57,38,6.875,-3.875,214.25,2.021
2026,2026-05-25,2026-09-07,60,108,15,58,38,7.125,-3.875,218.25,2.059
2026,2026-05-25,2026-09-07,60,108,15,59,38,7.375,-3.875,220.00,2.075
2026,2026-05-25,2026-09-07,60,108,15,0,39,-7.375,-3.625,212.75,2.007
2026,2026-05-25,2026-09-07,60,108,15,1,39,-7.125,-3.625,216.50,2.042
2026,2026-05-25,2026-09-07,60,108,15,2,39,-6.875,-3.625,216.50,2.042
2026,2026-05-25,2026-09-07,60,108,15,3,39,-6.625,-3.625,217.25,2.050
2026,2026-05-25,2026-09-07,60,108,15,4,39,-6.375,-3.625,216.25,2.040
2026,2026-05-25,2026-09-07,60,108,15,5,39,-6.125,-3.625,213.75,2.017
2026,2026-05-25,2026-09-07,60,108,15,6,39,-5.875,-3.625,222.50,2.099
2026,2026-05-25,2026-09-07,60,108,15,7,39,-5.625,-3.625,220.00,2.075
2026,2026-05-25,2026-09-07,60,108,15,8,39,-5.375,-3.625,220.00,2.075
2026,2026-05-25,2026-09-07,60,108,15,9,39,-5.125,-3.625,220.25,2.078
2026,2026-05-25,2026-09-07,60,108,15,10,39,-4.875,-3.625,221.25,2.087
2026,2026-05-25,2026-09-07,60,108,15,11,39,-4.625,-3.625,222.50,2.099
2026,2026-05-25,2026-09-07,60,108,15,12,39,-4.375,-3.625,225.00,2.123
2026,2026-05-25,2026-09-07,60,108,15,13,39,-4.125,-3.625,224.75,2.120
2026,2026-05-25,2026-09-07,60,108,15,14,39,-3.875,-3.625,225.25,2.125
2026,2026-05-25,2026-09-07,60,108,15,15,39,-3.625,-3.625,221.25,2.087
2026,2026-05-25,2026-09-07,60,108,15,16,39,-3.375,-3.625,222.50,2.099
2026,2026-05-25,2026-09-07,60,108,15,17,39,-3.125,-3.625,228.75,2.158
2026,2026-05-25,2026-09-07,60,108,15,18,39,-2.875,-3.625,228.25,2.153
2026,2026-05-25,2026-09-07,60,108,15,19,39,-2.625,-3.625,226.75,2.139
2026,2026-05-25,2026-09-07,60,108,15,20,39,-2.375,-3.625,226.75,2.139
2026,2026-05-25,2026-09-07,60,108,15,21,39,-2.125,-3.625,226.75,2.139
2026,2026-05-25,2026-09-07,60,108,15,22,39,-1.875,-3.625,223.25,2.106
2026,2026-05-25,2026-09-07,60,108,15,23,39,-1.625,-3.625,227.25,2.144
2026,2026-05-25,2026-09-07,60,108,15,24,39,-1.375,-3.625,230.75,2.177
2026,2026-05-25,2026-09-07,60,108,15,25,39,-1.125,-3.625,229.25,2.163
2026,2026-05-25,2026-09-07,60,108,15,26,39,-0.875,-3.625,227.00,2.142
2026,2026-05-25,2026-09-07,60,108,15,27,39,-0.625,-3.625,227.25,2.144
2026,2026-05-25,2026-09-07,60,108,15,28,39,-0.375,-3.625,229.25,2.163
2026,2026-05-25,2026-09-07,60,108,15,29,39,-0.125,-3.625,226.00,2.132
2026,2026-05-25,2026-09-07,60,108,15,30,39,0.125,-3.625,227.25,2.144
2026,2026-05-25,2026-09-07,60,108,15,31,39,0.375,-3.625,229.75,2.167
2026,2026-05-25,2026-09-07,60,108,15,32,39,0.625,-3.625,230.00,2.170
2026,2026-05-25,2026-09-07,60,108,15,33,39,0.875,-3.625,226.75,2.139
2026,2026-05-25,2026-09-07,60,108,15,34,39,1.125,-3.625,229.00,2.160
2026,2026-05-25,2026-09-07,60,108,15,35,39,1.375,-3.625,229.00,2.160
2026,2026-05-25,2026-09-07,60,108,15,36,39,1.625,-3.625,225.50,2.127
2026,2026-05-25,2026-09-07,60,108,15,37,39,1.875,-3.625,226.50,2.137
2026,2026-05-25,2026-09-07,60,108,15,38,39,2.125,-3.625,228.00,2.151
2026,2026-05-25,2026-09-07,60,108,15,39,39,2.375,-3.625,229.00,2.160
2026,2026-05-25,2026-09-07,60,108,15,40,39,2.625,-3.625,225.00,2.123
2026,2026-05-25,2026-09-07,60,108,15,41,39,2.875,-3.625,222.50,2.099
2026,2026-05-25,2026-09-07,60,108,15,42,39,3.125,-3.625,226.75,2.139
2026,2026-05-25,2026-09-07,60,108,15,43,39,3.375,-3.625,224.50,2.118
2026,2026-05-25,2026-09-07,60,108,15,44,39,3.625,-3.625,224.50,2.118
2026,2026-05-25,2026-09-07,60,108,15,45,39,3.875,-3.625,225.50,2.127
2026,2026-05-25,2026-09-07,60,108,15,46,39,4.125,-3.625,227.00,2.142
2026,2026-05-25,2026-09-07,60,108,15,47,39,4.375,-3.625,221.25,2.087
2026,2026-05-25,2026-09-07,60,108,15,48,39,4.625,-3.625,218.25,2.059
2026,2026-05-25,2026-09-07,60,108,15,49,39,4.875,-3.625,221.75,2.092
2026,2026-05-25,2026-09-07,60,108,15,50,39,5.125,-3.625,221.00,2.085
2026,2026-05-25,2026-09-07,60,108,15,51,39,5.375,-3.625,221.50,2.090
2026,2026-05-25,2026-09-07,60,108,15,52,39,5.625,-3.625,223.00,2.104
2026,2026-05-25,2026-09-07,60,108,15,53,39,5.875,-3.625,220.00,2.075
2026,2026-05-25,2026-09-07,60,108,15,54,39,6.125,-3.625,216.50,2.042
2026,2026-05-25,2026-09-07,60,108,15,55,39,6.375,-3.625,213.00,2.009
2026,2026-05-25,2026-09-07,60,108,15,56,39,6.625,-3.625,210.75,1.988
2026,2026-05-25,2026-09-07,60,108,15,57,39,6.875,-3.625,215.00,2.028
2026,2026-05-25,2026-09-07,60,108,15,58,39,7.125,-3.625,219.50,2.071
2026,2026-05-25,2026-09-07,60,108,15,59,39,7.375,-3.625,221.50,2.090
2026,2026-05-25,2026-09-07,60,108,15,0,40,-7.375,-3.375,213.25,2.012
2026,2026-05-25,2026-09-07,60,108,15,1,40,-7.125,-3.375,217.00,2.047
2026,2026-05-25,2026-09-07,60,108,15,2,40,-6.875,-3.375,217.50,2.052
2026,2026-05-25,2026-09-07,60,108,15,3,40,-6.625,-3.375,218.25,2.059
2026,2026-05-25,2026-09-07,60,108,15,4,40,-6.375,-3.375,217.25,2.050
2026,2026-05-25,2026-09-07,60,108,15,5,40,-6.125,-3.375,215.00,2.028
2026,2026-05-25,2026-09-07,60,108,15,6,40,-5.875,-3.375,222.50,2.099
2026,2026-05-25,2026-09-07,60,108,15,7,40,-5.625,-3.375,221.50,2.090
2026,2026-05-25,2026-09-07,60,108,15,8,40,-5.375,-3.375,221.50,2.090
2026,2026-05-25,2026-09-07,60,108,15,9,40,-5.125,-3.375,221.00,2.085
2026,2026-05-25,2026-09-07,60,108,15,10,40,-4.875,-3.375,221.00,2.085
2026,2026-05-25,2026-09-07,60,108,15,11,40,-4.625,-3.375,219.00,2.066
2026,2026-05-25,2026-09-07,60,108,15,12,40,-4.375,-3.375,225.75,2.130
2026,2026-05-25,2026-09-07,60,108,15,13,40,-4.125,-3.375,226.00,2.132
2026,2026-05-25,2026-09-07,60,108,15,14,40,-3.875,-3.375,226.75,2.139
2026,2026-05-25,2026-09-07,60,108,15,15,40,-3.625,-3.375,222.75,2.101
2026,2026-05-25,2026-09-07,60,108,15,16,40,-3.375,-3.375,223.75,2.111
2026,2026-05-25,2026-09-07,60,108,15,17,40,-3.125,-3.375,228.25,2.153
2026,2026-05-25,2026-09-07,60,108,15,18,40,-2.875,-3.375,228.25,2.153
2026,2026-05-25,2026-09-07,60,108,15,19,40,-2.625,-3.375,227.50,2.146
2026,2026-05-25,2026-09-07,60,108,15,20,40,-2.375,-3.375,228.25,2.153
2026,2026-05-25,2026-09-07,60,108,15,21,40,-2.125,-3.375,228.25,2.153
2026,2026-05-25,2026-09-07,60,108,15,22,40,-1.875,-3.375,223.25,2.106
2026,2026-05-25,2026-09-07,60,108,15,23,40,-1.625,-3.375,228.00,2.151
2026,2026-05-25,2026-09-07,60,108,15,24,40,-1.375,-3.375,231.25,2.182
2026,2026-05-25,2026-09-07,60,108,15,25,40,-1.125,-3.375,229.50,2.165
2026,2026-05-25,2026-09-07,60,108,15,26,40,-0.875,-3.375,227.50,2.146
2026,2026-05-25,2026-09-07,60,108,15,27,40,-0.625,-3.375,228.75,2.158
2026,2026-05-25,2026-09-07,60,108,15,28,40,-0.375,-3.375,229.50,2.165
2026,2026-05-25,2026-09-07,60,108,15,29,40,-0.125,-3.375,226.25,2.134
2026,2026-05-25,2026-09-07,60,108,15,30,40,0.125,-3.375,228.25,2.153
2026,2026-05-25,2026-09-07,60,108,15,31,40,0.375,-3.375,231.00,2.179
2026,2026-05-25,2026-09-07,60,108,15,32,40,0.625,-3.375,230.00,2.170
2026,2026-05-25,2026-09-07,60,108,15,33,40,0.875,-3.375,226.75,2.139
2026,2026-05-25,2026-09-07,60,108,15,34,40,1.125,-3.375,228.75,2.158
2026,2026-05-25,2026-09-07,60,108,15,35,40,1.375,-3.375,229.75,2.167
2026,2026-05-25,2026-09-07,60,108,15,36,40,1.625,-3.375,226.00,2.132
2026,2026-05-25,2026-09-07,60,108,15,37,40,1.875,-3.375,228.00,2.151
2026,2026-05-25,2026-09-07,60,108,15,38,40,2.125,-3.375,229.50,2.165
2026,2026-05-25,2026-09-07,60,108,15,39,40,2.375,-3.375,229.25,2.163
2026,2026-05-25,2026-09-07,60,108,15,40,40,2.625,-3.375,224.50,2.118
2026,2026-05-25,2026-09-07,60,108,15,41,40,2.875,-3.375,223.00,2.104
2026,2026-05-25,2026-09-07,60,108,15,42,40,3.125,-3.375,228.00,2.151
2026,2026-05-25,2026-09-07,60,108,15,43,40,3.375,-3.375,225.25,2.125
2026,2026-05-25,2026-09-07,60,108,15,44,40,3.625,-3.375,226.00,2.132
2026,2026-05-25,2026-09-07,60,108,15,45,40,3.875,-3.375,227.25,2.144
2026,2026-05-25,2026-09-07,60,108,15,46,40,4.125,-3.375,226.00,2.132
2026,2026-05-25,2026-09-07,60,108,15,47,40,4.375,-3.375,221.50,2.090
2026,2026-05-25,2026-09-07,60,108,15,48,40,4.625,-3.375,219.00,2.066
2026,2026-05-25,2026-09-07,60,108,15,49,40,4.875,-3.375,222.25,2.097
2026,2026-05-25,2026-09-07,60,108,15,50,40,5.125,-3.375,222.25,2.097
2026,2026-05-25,2026-09-07,60,108,15,51,40,5.375,-3.375,223.00,2.104
2026,2026-05-25,2026-09-07,60,108,15,52,40,5.625,-3.375,224.50,2.118
2026,2026-05-25,2026-09-07,60,108,15,53,40,5.875,-3.375,221.00,2.085
2026,2026-05-25,2026-09-07,60,108,15,54,40,6.125,-3.375,217.25,2.050
2026,2026-05-25,2026-09-07,60,108,15,55,40,6.375,-3.375,213.75,2.017
2026,2026-05-25,2026-09-07,60,108,15,56,40,6.625,-3.375,211.50,1.995
2026,2026-05-25,2026-09-07,60,108,15,57,40,6.875,-3.375,215.75,2.035
2026,2026-05-25,2026-09-07,60,108,15,58,40,7.125,-3.375,220.25,2.078
2026,2026-05-25,2026-09-07,60,108,15,59,40,7.375,-3.375,223.25,2.106
2026,2026-05-25,2026-09-07,60,108,15,0,41,-7.375,-3.125,214.00,2.019
2026,2026-05-25,2026-09-07,60,108,15,1,41,-7.125,-3.125,217.75,2.054
2026,2026-05-25,2026-09-07,60,108,15,2,41,-6.875,-3.125,218.75,2.064
2026,2026-05-25,2026-09-07,60,108,15,3,41,-6.625,-3.125,219.25,2.068
2026,2026-05-25,2026-09-07,60,108,15,4,41,-6.375,-3.125,218.50,2.061
2026,2026-05-25,2026-09-07,60,108,15,5,41,-6.125,-3.125,216.25,2.040
2026,2026-05-25,2026-09-07,60,108,15,6,41,-5.875,-3.125,222.75,2.101
2026,2026-05-25,2026-09-07,60,108,15,7,41,-5.625,-3.125,223.25,2.106
2026,2026-05-25,2026-09-07,60,108,15,8,41,-5.375,-3.125,222.50,2.099
2026,2026-05-25,2026-09-07,60,108,15,9,41,-5.125,-3.125,222.00,2.094
2026,2026-05-25,2026-09-07,60,108,15,10,41,-4.875,-3.125,222.00,2.094
2026,2026-05-25,2026-09-07,60,108,15,11,41,-4.625,-3.125,220.25,2.078
2026,2026-05-25,2026-09-07,60,108,15,12,41,-4.375,-3.125,226.50,2.137
2026,2026-05-25,2026-09-07,60,108,15,13,41,-4.125,-3.125,227.50,2.146
2026,2026-05-25,2026-09-07,60,108,15,14,41,-3.875,-3.125,228.25,2.153
2026,2026-05-25,2026-09-07,60,108,15,15,41,-3.625,-3.125,224.25,2.116
2026,2026-05-25,2026-09-07,60,108,15,16,41,-3.375,-3.125,225.00,2.123
2026,2026-05-25,2026-09-07,60,108,15,17,41,-3.125,-3.125,226.00,2.132
2026,2026-05-25,2026-09-07,60,108,15,18,41,-2.875,-3.125,228.75,2.158
2026,2026-05-25,2026-09-07,60,108,15,19,41,-2.625,-3.125,228.25,2.153
2026,2026-05-25,2026-09-07,60,108,15,20,41,-2.375,-3.125,229.75,2.167
2026,2026-05-25,2026-09-07,60,108,15,21,41,-2.125,-3.125,229.75,2.167
2026,2026-05-25,2026-09-07,60,108,15,22,41,-1.875,-3.125,224.50,2.118
2026,2026-05-25,2026-09-07,60,108,15,23,41,-1.625,-3.125,228.00,2.151
2026,2026-05-25,2026-09-07,60,108,15,24,41,-1.375,-3.125,231.25,2.182
2026,2026-05-25,2026-09-07,60,108,15,25,41,-1.125,-3.125,229.75,2.167
2026,2026-05-25,2026-09-07,60,108,15,26,41,-0.875,-3.125,228.00,2.151
2026,2026-05-25,2026-09-07,60,108,15,27,41,-0.625,-3.125,230.25,2.172
2026,2026-05-25,2026-09-07,60,108,15,28,41,-0.375,-3.125,229.75,2.167
2026,2026-05-25,2026-09-07,60,108,15,29,41,-0.125,-3.125,226.50,2.137
2026,2026-05-25,2026-09-07,60,108,15,30,41,0.125,-3.125,229.00,2.160
2026,2026-05-25,2026-09-07,60,108,15,31,41,0.375,-3.125,232.00,2.189
2026,2026-05-25,2026-09-07,60,108,15,32,41,0.625,-3.125,230.50,2.175
2026,2026-05-25,2026-09-07,60,108,15,33,41,0.875,-3.125,227.25,2.144
2026,2026-05-25,2026-09-07,60,108,15,34,41,1.125,-3.125,228.00,2.151
2026,2026-05-25,2026-09-07,60,108,15,35,41,1.375,-3.125,230.25,2.172
2026,2026-05-25,2026-09-07,60,108,15,36,41,1.625,-3.125,226.50,2.137
2026,2026-05-25,2026-09-07,60,108,15,37,41,1.875,-3.125,228.75,2.158
2026,2026-05-25,2026-09-07,60,108,15,38,41,2.125,-3.125,230.50,2.175
2026,2026-05-25,2026-09-07,60,108,15,39,41,2.375,-3.125,229.00,2.160
2026,2026-05-25,2026-09-07,60,108,15,40,41,2.625,-3.125,224.75,2.120
2026,2026-05-25,2026-09-07,60,108,15,41,41,2.875,-3.125,222.50,2.099
2026,2026-05-25,2026-09-07,60,108,15,42,41,3.125,-3.125,228.50,2.156
2026,2026-05-25,2026-09-07,60,108,15,43,41,3.375,-3.125,225.50,2.127
2026,2026-05-25,2026-09-07,60,108,15,44,41,3.625,-3.125,227.00,2.142
2026,2026-05-25,2026-09-07,60,108,15,45,41,3.875,-3.125,228.00,2.151
2026,2026-05-25,2026-09-07,60,108,15,46,41,4.125,-3.125,226.00,2.132
2026,2026-05-25,2026-09-07,60,108,15,47,41,4.375,-3.125,221.50,2.090
2026,2026-05-25,2026-09-07,60,108,15,48,41,4.625,-3.125,219.00,2.066
2026,2026-05-25,2026-09-07,60,108,15,49,41,4.875,-3.125,222.75,2.101
2026,2026-05-25,2026-09-07,60,108,15,50,41,5.125,-3.125,222.50,2.099
2026,2026-05-25,2026-09-07,60,108,15,51,41,5.375,-3.125,224.00,2.113
2026,2026-05-25,2026-09-07,60,108,15,52,41,5.625,-3.125,225.75,2.130
2026,2026-05-25,2026-09-07,60,108,15,53,41,5.875,-3.125,221.75,2.092
2026,2026-05-25,2026-09-07,60,108,15,54,41,6.125,-3.125,218.00,2.057
2026,2026-05-25,2026-09-07,60,108,15,55,41,6.375,-3.125,214.50,2.024
2026,2026-05-25,2026-09-07,60,108,15,56,41,6.625,-3.125,212.25,2.002
2026,2026-05-25,2026-09-07,60,108,15,57,41,6.875,-3.125,216.25,2.040
2026,2026-05-25,2026-09-07,60,108,15,58,41,7.125,-3.125,220.75,2.083
2026,2026-05-25,2026-09-07,60,108,15,59,41,7.375,-3.125,224.50,2.118
2026,2026-05-25,2026-09-07,60,108,15,0,42,-7.375,-2.875,214.50,2.024
2026,2026-05-25,2026-09-07,60,108,15,1,42,-7.125,-2.875,217.75,2.054
2026,2026-05-25,2026-09-07,60,108,15,2,42,-6.875,-2.875,219.25,2.068
2026,2026-05-25,2026-09-07,60,108,15,3,42,-6.625,-2.875,219.50,2.071
2026,2026-05-25,2026-09-07,60,108,15,4,42,-6.375,-2.875,219.50,2.071
2026,2026-05-25,2026-09-07,60,108,15,5,42,-6.125,-2.875,217.00,2.047
2026,2026-05-25,2026-09-07,60,108,15,6,42,-5.875,-2.875,222.50,2.099
2026,2026-05-25,2026-09-07,60,108,15,7,42,-5.625,-2.875,224.00,2.113
2026,2026-05-25,2026-09-07,60,108,15,8,42,-5.375,-2.875,222.75,2.101
2026,2026-05-25,2026-09-07,60,108,15,9,42,-5.125,-2.875,222.25,2.097
2026,2026-05-25,2026-09-07,60,108,15,10,42,-4.875,-2.875,222.50,2.099
2026,2026-05-25,2026-09-07,60,108,15,11,42,-4.625,-2.875,220.75,2.083
2026,2026-05-25,2026-09-07,60,108,15,12,42,-4.375,-2.875,225.75,2.130
2026,2026-05-25,2026-09-07,60,108,15,13,42,-4.125,-2.875,228.25,2.153
2026,2026-05-25,2026-09-07,60,108,15,14,42,-3.875,-2.875,229.00,2.160
2026,2026-05-25,2026-09-07,60,108,15,15,42,-3.625,-2.875,225.00,2.123
2026,2026-05-25,2026-09-07,60,108,15,16,42,-3.375,-2.875,225.25,2.125
2026,2026-05-25,2026-09-07,60,108,15,17,42,-3.125,-2.875,224.25,2.116
2026,2026-05-25,2026-09-07,60,108,15,18,42,-2.875,-2.875,228.00,2.151
2026,2026-05-25,2026-09-07,60,108,15,19,42,-2.625,-2.875,227.75,2.149
2026,2026-05-25,2026-09-07,60,108,15,20,42,-2.375,-2.875,230.75,2.177
2026,2026-05-25,2026-09-07,60,108,15,21,42,-2.125,-2.875,230.50,2.175
2026,2026-05-25,2026-09-07,60,108,15,22,42,-1.875,-2.875,225.25,2.125
2026,2026-05-25,2026-09-07,60,108,15,23,42,-1.625,-2.875,227.50,2.146
2026,2026-05-25,2026-09-07,60,108,15,24,42,-1.375,-2.875,230.50,2.175
2026,2026-05-25,2026-09-07,60,108,15,25,42,-1.125,-2.875,229.75,2.167
2026,2026-05-25,2026-09-07,60,108,15,26,42,-0.875,-2.875,228.50,2.156
2026,2026-05-25,2026-09-07,60,108,15,27,42,-0.625,-2.875,230.50,2.175
2026,2026-05-25,2026-09-07,60,108,15,28,42,-0.375,-2.875,230.75,2.177
2026,2026-05-25,2026-09-07,60,108,15,29,42,-0.125,-2.875,226.25,2.134
2026,2026-05-25,2026-09-07,60,108,15,30,42,0.125,-2.875,229.50,2.165
2026,2026-05-25,2026-09-07,60,108,15,31,42,0.375,-2.875,232.50,2.193
2026,2026-05-25,2026-09-07,60,108,15,32,42,0.625,-2.875,230.25,2.172
2026,2026-05-25,2026-09-07,60,108,15,33,42,0.875,-2.875,227.50,2.146
2026,2026-05-25,2026-09-07,60,108,15,34,42,1.125,-2.875,228.00,2.151
2026,2026-05-25,2026-09-07,60,108,15,35,42,1.375,-2.875,230.25,2.172
2026,2026-05-25,2026-09-07,60,108,15,36,42,1.625,-2.875,227.25,2.144
2026,2026-05-25,2026-09-07,60,108,15,37,42,1.875,-2.875,229.50,2.165
2026,2026-05-25,2026-09-07,60,108,15,38,42,2.125,-2.875,231.25,2.182
2026,2026-05-25,2026-09-07,60,108,15,39,42,2.375,-2.875,229.25,2.163
2026,2026-05-25,2026-09-07,60,108,15,40,42,2.625,-2.875,225.00,2.123
2026,2026-05-25,2026-09-07,60,108,15,41,42,2.875,-2.875,222.50,2.099
2026,2026-05-25,2026-09-07,60,108,15,42,42,3.125,-2.875,228.25,2.153
2026,2026-05-25,2026-09-07,60,108,15,43,42,3.375,-2.875,226.25,2.134
2026,2026-05-25,2026-09-07,60,108,15,44,42,3.625,-2.875,228.00,2.151
2026,2026-05-25,2026-09-07,60,108,15,45,42,3.875,-2.875,229.25,2.163
2026,2026-05-25,2026-09-07,60,108,15,46,42,4.125,-2.875,226.25,2.134
2026,2026-05-25,2026-09-07,60,108,15,47,42,4.375,-2.875,222.25,2.097
2026,2026-05-25,2026-09-07,60,108,15,48,42,4.625,-2.875,219.00,2.066
2026,2026-05-25,2026-09-07,60,108,15,49,42,4.875,-2.875,222.75,2.101
2026,2026-05-25,2026-09-07,60,108,15,50,42,5.125,-2.875,222.75,2.101
2026,2026-05-25,2026-09-07,60,108,15,51,42,5.375,-2.875,225.00,2.123
2026,2026-05-25,2026-09-07,60,108,15,52,42,5.625,-2.875,227.00,2.142
2026,2026-05-25,2026-09-07,60,108,15,53,42,5.875,-2.875,222.75,2.101
2026,2026-05-25,2026-09-07,60,108,15,54,42,6.125,-2.875,219.00,2.066
2026,2026-05-25,2026-09-07,60,108,15,55,42,6.375,-2.875,215.00,2.028
2026,2026-05-25,2026-09-07,60,108,15,56,42,6.625,-2.875,212.25,2.002
2026,2026-05-25,2026-09-07,60,108,15,57,42,6.875,-2.875,216.50,2.042
2026,2026-05-25,2026-09-07,60,108,15,58,42,7.125,-2.875,221.25,2.087
2026,2026-05-25,2026-09-07,60,108,15,59,42,7.375,-2.875,224.75,2.120
2026,2026-05-25,2026-09-07,60,108,15,0,43,-7.375,-2.625,215.00,2.028
2026,2026-05-25,2026-09-07,60,108,15,1,43,-7.125,-2.625,218.75,2.064
2026,2026-05-25,2026-09-07,60,108,15,2,43,-6.875,-2.625,220.00,2.075
2026,2026-05-25,2026-09-07,60,108,15,3,43,-6.625,-2.625,221.00,2.085
2026,2026-05-25,2026-09-07,60,108,15,4,43,-6.375,-2.625,220.75,2.083
2026,2026-05-25,2026-09-07,60,108,15,5,43,-6.125,-2.625,218.25,2.059
2026,2026-05-25,2026-09-07,60,108,15,6,43,-5.875,-2.625,222.50,2.099
2026,2026-05-25,2026-09-07,60,108,15,7,43,-5.625,-2.625,225.50,2.127
2026,2026-05-25,2026-09-07,60,108,15,8,43,-5.375,-2.625,223.75,2.111
2026,2026-05-25,2026-09-07,60,108,15,9,43,-5.125,-2.625,223.50,2.108
2026,2026-05-25,2026-09-07,60,108,15,10,43,-4.875,-2.625,223.50,2.108
2026,2026-05-25,2026-09-07,60,108,15,11,43,-4.625,-2.625,221.75,2.092
2026,2026-05-25,2026-09-07,60,108,15,12,43,-4.375,-2.625,224.25,2.116
2026,2026-05-25,2026-09-07,60,108,15,13,43,-4.125,-2.625,229.75,2.167
2026,2026-05-25,2026-09-07,60,108,15,14,43,-3.875,-2.625,230.50,2.175
2026,2026-05-25,2026-09-07,60,108,15,15,43,-3.625,-2.625,226.50,2.137
2026,2026-05-25,2026-09-07,60,108,15,16,43,-3.375,-2.625,226.25,2.134
2026,2026-05-25,2026-09-07,60,108,15,17,43,-3.125,-2.625,225.75,2.130
2026,2026-05-25,2026-09-07,60,108,15,18,43,-2.875,-2.625,227.75,2.149
2026,2026-05-25,2026-09-07,60,108,15,19,43,-2.625,-2.625,228.50,2.156
2026,2026-05-25,2026-09-07,60,108,15,20,43,-2.375,-2.625,231.50,2.184
2026,2026-05-25,2026-09-07,60,108,15,21,43,-2.125,-2.625,232.25,2.191
2026,2026-05-25,2026-09-07,60,108,15,22,43,-1.875,-2.625,226.75,2.139
2026,2026-05-25,2026-09-07,60,108,15,23,43,-1.625,-2.625,228.00,2.151
2026,2026-05-25,2026-09-07,60,108,15,24,43,-1.375,-2.625,230.75,2.177
2026,2026-05-25,2026-09-07,60,108,15,25,43,-1.125,-2.625,230.00,2.170
2026,2026-05-25,2026-09-07,60,108,15,26,43,-0.875,-2.625,228.75,2.158
2026,2026-05-25,2026-09-07,60,108,15,27,43,-0.625,-2.625,231.25,2.182
2026,2026-05-25,2026-09-07,60,108,15,28,43,-0.375,-2.625,232.25,2.191
2026,2026-05-25,2026-09-07,60,108,15,29,43,-0.125,-2.625,227.00,2.142
2026,2026-05-25,2026-09-07,60,108,15,30,43,0.125,-2.625,230.25,2.172
2026,2026-05-25,2026-09-07,60,108,15,31,43,0.375,-2.625,232.75,2.196
2026,2026-05-25,2026-09-07,60,108,15,32,43,0.625,-2.625,230.50,2.175
2026,2026-05-25,2026-09-07,60,108,15,33,43,0.875,-2.625,228.00,2.151
2026,2026-05-25,2026-09-07,60,108,15,34,43,1.125,-2.625,229.00,2.160
2026,2026-05-25,2026-09-07,60,108,15,35,43,1.375,-2.625,231.25,2.182
2026,2026-05-25,2026-09-07,60,108,15,36,43,1.625,-2.625,228.00,2.151
2026,2026-05-25,2026-09-07,60,108,15,37,43,1.875,-2.625,230.25,2.172
2026,2026-05-25,2026-09-07,60,108,15,38,43,2.125,-2.625,232.50,2.193
2026,2026-05-25,2026-09-07,60,108,15,39,43,2.375,-2.625,229.75,2.167
2026,2026-05-25,2026-09-07,60,108,15,40,43,2.625,-2.625,226.00,2.132
2026,2026-05-25,2026-09-07,60,108,15,41,43,2.875,-2.625,223.75,2.111
2026,2026-05-25,2026-09-07,60,108,15,42,43,3.125,-2.625,228.50,2.156
2026,2026-05-25,2026-09-07,60,108,15,43,43,3.375,-2.625,227.50,2.146
2026,2026-05-25,2026-09-07,60,108,15,44,43,3.625,-2.625,229.00,2.160
2026,2026-05-25,2026-09-07,60,108,15,45,43,3.875,-2.625,230.25,2.172
2026,2026-05-25,2026-09-07,60,108,15,46,43,4.125,-2.625,227.00,2.142
2026,2026-05-25,2026-09-07,60,108,15,47,43,4.375,-2.625,223.25,2.106
2026,2026-05-25,2026-09-07,60,108,15,48,43,4.625,-2.625,219.75,2.073
2026,2026-05-25,2026-09-07,60,108,15,49,43,4.875,-2.625,223.00,2.104
2026,2026-05-25,2026-09-07,60,108,15,50,43,5.125,-2.625,223.00,2.104
2026,2026-05-25,2026-09-07,60,108,15,51,43,5.375,-2.625,226.25,2.134
2026,2026-05-25,2026-09-07,60,108,15,52,43,5.625,-2.625,228.25,2.153
2026,2026-05-25,2026-09-07,60,108,15,53,43,5.875,-2.625,223.75,2.111
2026,2026-05-25,2026-09-07,60,108,15,54,43,6.125,-2.625,220.25,2.078
2026,2026-05-25,2026-09-07,60,108,15,55,43,6.375,-2.625,216.25,2.040
2026,2026-05-25,2026-09-07,60,108,15,56,43,6.625,-2.625,213.50,2.014
2026,2026-05-25,2026-09-07,60,108,15,57,43,6.875,-2.625,217.25,2.050
2026,2026-05-25,2026-09-07,60,108,15,58,43,7.125,-2.625,222.00,2.094
2026,2026-05-25,2026-09-07,60,108,15,59,43,7.375,-2.625,225.50,2.127
2026,2026-05-25,2026-09-07,60,108,15,0,44,-7.375,-2.375,215.75,2.035
2026,2026-05-25,2026-09-07,60,108,15,1,44,-7.125,-2.375,219.50,2.071
2026,2026-05-25,2026-09-07,60,108,15,2,44,-6.875,-2.375,221.25,2.087
2026,2026-05-25,2026-09-07,60,108,15,3,44,-6.625,-2.375,222.50,2.099
2026,2026-05-25,2026-09-07,60,108,15,4,44,-6.375,-2.375,222.00,2.094
2026,2026-05-25,2026-09-07,60,108,15,5,44,-6.125,-2.375,219.75,2.073
2026,2026-05-25,2026-09-07,60,108,15,6,44,-5.875,-2.375,222.25,2.097
2026,2026-05-25,2026-09-07,60,108,15,7,44,-5.625,-2.375,226.75,2.139
2026,2026-05-25,2026-09-07,60,108,15,8,44,-5.375,-2.375,225.00,2.123
2026,2026-05-25,2026-09-07,60,108,15,9,44,-5.125,-2.375,224.50,2.118
2026,2026-05-25,2026-09-07,60,108,15,10,44,-4.875,-2.375,225.00,2.123
2026,2026-05-25,2026-09-07,60,108,15,11,44,-4.625,-2.375,223.25,2.106
2026,2026-05-25,2026-09-07,60,108,15,12,44,-4.375,-2.375,221.00,2.085
2026,2026-05-25,2026-09-07,60,108,15,13,44,-4.125,-2.375,230.75,2.177
2026,2026-05-25,2026-09-07,60,108,15,14,44,-3.875,-2.375,232.25,2.191
2026,2026-05-25,2026-09-07,60,108,15,15,44,-3.625,-2.375,228.25,2.153
2026,2026-05-25,2026-09-07,60,108,15,16,44,-3.375,-2.375,227.25,2.144
2026,2026-05-25,2026-09-07,60,108,15,17,44,-3.125,-2.375,226.75,2.139
2026,2026-05-25,2026-09-07,60,108,15,18,44,-2.875,-2.375,226.50,2.137
2026,2026-05-25,2026-09-07,60,108,15,19,44,-2.625,-2.375,228.75,2.158
2026,2026-05-25,2026-09-07,60,108,15,20,44,-2.375,-2.375,232.50,2.193
2026,2026-05-25,2026-09-07,60,108,15,21,44,-2.125,-2.375,233.75,2.205
2026,2026-05-25,2026-09-07,60,108,15,22,44,-1.875,-2.375,228.50,2.156
2026,2026-05-25,2026-09-07,60,108,15,23,44,-1.625,-2.375,229.75,2.167
2026,2026-05-25,2026-09-07,60,108,15,24,44,-1.375,-2.375,230.25,2.172
2026,2026-05-25,2026-09-07,60,108,15,25,44,-1.125,-2.375,230.50,2.175
2026,2026-05-25,2026-09-07,60,108,15,26,44,-0.875,-2.375,229.50,2.165
2026,2026-05-25,2026-09-07,60,108,15,27,44,-0.625,-2.375,231.75,2.186
2026,2026-05-25,2026-09-07,60,108,15,28,44,-0.375,-2.375,234.00,2.208
2026,2026-05-25,2026-09-07,60,108,15,29,44,-0.125,-2.375,228.50,2.156
2026,2026-05-25,2026-09-07,60,108,15,30,44,0.125,-2.375,230.75,2.177
2026,2026-05-25,2026-09-07,60,108,15,31,44,0.375,-2.375,232.75,2.196
2026,2026-05-25,2026-09-07,60,108,15,32,44,0.625,-2.375,230.75,2.177
2026,2026-05-25,2026-09-07,60,108,15,33,44,0.875,-2.375,228.50,2.156
2026,2026-05-25,2026-09-07,60,108,15,34,44,1.125,-2.375,229.50,2.165
2026,2026-05-25,2026-09-07,60,108,15,35,44,1.375,-2.375,232.50,2.193
2026,2026-05-25,2026-09-07,60,108,15,36,44,1.625,-2.375,228.50,2.156
2026,2026-05-25,2026-09-07,60,108,15,37,44,1.875,-2.375,231.25,2.182
2026,2026-05-25,2026-09-07,60,108,15,38,44,2.125,-2.375,233.00,2.198
2026,2026-05-25,2026-09-07,60,108,15,39,44,2.375,-2.375,229.75,2.167
2026,2026-05-25,2026-09-07,60,108,15,40,44,2.625,-2.375,226.25,2.134
2026,2026-05-25,2026-09-07,60,108,15,41,44,2.875,-2.375,224.25,2.116
2026,2026-05-25,2026-09-07,60,108,15,42,44,3.125,-2.375,228.75,2.158
2026,2026-05-25,2026-09-07,60,108,15,43,44,3.375,-2.375,228.25,2.153
2026,2026-05-25,2026-09-07,60,108,15,44,44,3.625,-2.375,230.00,2.170
2026,2026-05-25,2026-09-07,60,108,15,45,44,3.875,-2.375,231.25,2.182
2026,2026-05-25,2026-09-07,60,108,15,46,44,4.125,-2.375,227.75,2.149
2026,2026-05-25,2026-09-07,60,108,15,47,44,4.375,-2.375,224.00,2.113
2026,2026-05-25,2026-09-07,60,108,15,48,44,4.625,-2.375,220.75,2.083
2026,2026-05-25,2026-09-07,60,108,15,49,44,4.875,-2.375,223.75,2.111
2026,2026-05-25,2026-09-07,60,108,15,50,44,5.125,-2.375,223.25,2.106
2026,2026-05-25,2026-09-07,60,108,15,51,44,5.375,-2.375,226.50,2.137
2026,2026-05-25,2026-09-07,60,108,15,52,44,5.625,-2.375,229.50,2.165
2026,2026-05-25,2026-09-07,60,108,15,53,44,5.875,-2.375,224.50,2.118
2026,2026-05-25,2026-09-07,60,108,15,54,44,6.125,-2.375,221.00,2.085
2026,2026-05-25,2026-09-07,60,108,15,55,44,6.375,-2.375,217.25,2.050
2026,2026-05-25,2026-09-07,60,108,15,56,44,6.625,-2.375,214.50,2.024
2026,2026-05-25,2026-09-07,60,108,15,57,44,6.875,-2.375,217.75,2.054
2026,2026-05-25,2026-09-07,60,108,15,58,44,7.125,-2.375,222.25,2.097
2026,2026-05-25,2026-09-07,60,108,15,59,44,7.375,-2.375,226.00,2.132
2026,2026-05-25,2026-09-07,60,108,15,0,45,-7.375,-2.125,216.25,2.040
2026,2026-05-25,2026-09-07,60,108,15,1,45,-7.125,-2.125,219.75,2.073
2026,2026-05-25,2026-09-07,60,108,15,2,45,-6.875,-2.125,222.25,2.097
2026,2026-05-25,2026-09-07,60,108,15,3,45,-6.625,-2.125,223.25,2.106
2026,2026-05-25,2026-09-07,60,108,15,4,45,-6.375,-2.125,223.00,2.104
2026,2026-05-25,2026-09-07,60,108,15,5,45,-6.125,-2.125,220.50,2.080
2026,2026-05-25,2026-09-07,60,108,15,6,45,-5.875,-2.125,221.25,2.087
2026,2026-05-25,2026-09-07,60,108,15,7,45,-5.625,-2.125,226.75,2.139
2026,2026-05-25,2026-09-07,60,108,15,8,45,-5.375,-2.125,225.50,2.127
2026,2026-05-25,2026-09-07,60,108,15,9,45,-5.125,-2.125,225.25,2.125
2026,2026-05-25,2026-09-07,60,108,15,10,45,-4.875,-2.125,226.00,2.132
2026,2026-05-25,2026-09-07,60,108,15,11,45,-4.625,-2.125,224.50,2.118
2026,2026-05-25,2026-09-07,60,108,15,12,45,-4.375,-2.125,221.75,2.092
2026,2026-05-25,2026-09-07,60,108,15,13,45,-4.125,-2.125,231.00,2.179
2026,2026-05-25,2026-09-07,60,108,15,14,45,-3.875,-2.125,233.25,2.200
2026,2026-05-25,2026-09-07,60,108,15,15,45,-3.625,-2.125,229.00,2.160
2026,2026-05-25,2026-09-07,60,108,15,16,45,-3.375,-2.125,228.00,2.151
2026,2026-05-25,2026-09-07,60,108,15,17,45,-3.125,-2.125,227.75,2.149
2026,2026-05-25,2026-09-07,60,108,15,18,45,-2.875,-2.125,225.75,2.130
2026,2026-05-25,2026-09-07,60,108,15,19,45,-2.625,-2.125,229.00,2.160
2026,2026-05-25,2026-09-07,60,108,15,20,45,-2.375,-2.125,233.00,2.198
2026,2026-05-25,2026-09-07,60,108,15,21,45,-2.125,-2.125,235.00,2.217
2026,2026-05-25,2026-09-07,60,108,15,22,45,-1.875,-2.125,230.00,2.170
2026,2026-05-25,2026-09-07,60,108,15,23,45,-1.625,-2.125,230.50,2.175
2026,2026-05-25,2026-09-07,60,108,15,24,45,-1.375,-2.125,229.50,2.165
2026,2026-05-25,2026-09-07,60,108,15,25,45,-1.125,-2.125,230.25,2.172
2026,2026-05-25,2026-09-07,60,108,15,26,45,-0.875,-2.125,229.75,2.167
2026,2026-05-25,2026-09-07,60,108,15,27,45,-0.625,-2.125,232.50,2.193
2026,2026-05-25,2026-09-07,60,108,15,28,45,-0.375,-2.125,235.25,2.219
2026,2026-05-25,2026-09-07,60,108,15,29,45,-0.125,-2.125,230.25,2.172
2026,2026-05-25,2026-09-07,60,108,15,30,45,0.125,-2.125,231.25,2.182
2026,2026-05-25,2026-09-07,60,108,15,31,45,0.375,-2.125,233.00,2.198
2026,2026-05-25,2026-09-07,60,108,15,32,45,0.625,-2.125,231.25,2.182
2026,2026-05-25,2026-09-07,60,108,15,33,45,0.875,-2.125,229.25,2.163
2026,2026-05-25,2026-09-07,60,108,15,34,45,1.125,-2.125,230.25,2.172
2026,2026-05-25,2026-09-07,60,108,15,35,45,1.375,-2.125,233.50,2.203
2026,2026-05-25,2026-09-07,60,108,15,36,45,1.625,-2.125,230.00,2.170
2026,2026-05-25,2026-09-07,60,108,15,37,45,1.875,-2.125,232.00,2.189
2026,2026-05-25,2026-09-07,60,108,15,38,45,2.125,-2.125,233.50,2.203
2026,2026-05-25,2026-09-07,60,108,15,39,45,2.375,-2.125,230.50,2.175
2026,2026-05-25,2026-09-07,60,108,15,40,45,2.625,-2.125,227.25,2.144
2026,2026-05-25,2026-09-07,60,108,15,41,45,2.875,-2.125,225.25,2.125
2026,2026-05-25,2026-09-07,60,108,15,42,45,3.125,-2.125,229.75,2.167
2026,2026-05-25,2026-09-07,60,108,15,43,45,3.375,-2.125,228.50,2.156
2026,2026-05-25,2026-09-07,60,108,15,44,45,3.625,-2.125,230.75,2.177
2026,2026-05-25,2026-09-07,60,108,15,45,45,3.875,-2.125,232.50,2.193
2026,2026-05-25,2026-09-07,60,108,15,46,45,4.125,-2.125,228.50,2.156
2026,2026-05-25,2026-09-07,60,108,15,47,45,4.375,-2.125,225.00,2.123
2026,2026-05-25,2026-09-07,60,108,15,48,45,4.625,-2.125,222.00,2.094
2026,2026-05-25,2026-09-07,60,108,15,49,45,4.875,-2.125,225.00,2.123
2026,2026-05-25,2026-09-07,60,108,15,50,45,5.125,-2.125,224.00,2.113
2026,2026-05-25,2026-09-07,60,108,15,51,45,5.375,-2.125,227.25,2.144
2026,2026-05-25,2026-09-07,60,108,15,52,45,5.625,-2.125,230.75,2.177
2026,2026-05-25,2026-09-07,60,108,15,53,45,5.875,-2.125,225.50,2.127
2026,2026-05-25,2026-09-07,60,108,15,54,45,6.125,-2.125,222.25,2.097
2026,2026-05-25,2026-09-07,60,108,15,55,45,6.375,-2.125,218.50,2.061
2026,2026-05-25,2026-09-07,60,108,15,56,45,6.625,-2.125,216.00,2.038
2026,2026-05-25,2026-09-07,60,108,15,57,45,6.875,-2.125,219.00,2.066
2026,2026-05-25,2026-09-07,60,108,15,58,45,7.125,-2.125,223.00,2.104
2026,2026-05-25,2026-09-07,60,108,15,59,45,7.375,-2.125,226.75,2.139
2026,2026-05-25,2026-09-07,60,108,15,0,46,-7.375,-1.875,217.00,2.047
2026,2026-05-25,2026-09-07,60,108,15,1,46,-7.125,-1.875,221.00,2.085
2026,2026-05-25,2026-09-07,60,108,15,2,46,-6.875,-1.875,224.00,2.113
2026,2026-05-25,2026-09-07,60,108,15,3,46,-6.625,-1.875,225.00,2.123
2026,2026-05-25,2026-09-07,60,108,15,4,46,-6.375,-1.875,224.50,2.118
2026,2026-05-25,2026-09-07,60,108,15,5,46,-6.125,-1.875,222.25,2.097
2026,2026-05-25,2026-09-07,60,108,15,6,46,-5.875,-1.875,219.75,2.073
2026,2026-05-25,2026-09-07,60,108,15,7,46,-5.625,-1.875,227.00,2.142
2026,2026-05-25,2026-09-07,60,108,15,8,46,-5.375,-1.875,227.00,2.142
2026,2026-05-25,2026-09-07,60,108,15,9,46,-5.125,-1.875,227.00,2.142
2026,2026-05-25,2026-09-07,60,108,15,10,46,-4.875,-1.875,227.50,2.146
2026,2026-05-25,2026-09-07,60,108,15,11,46,-4.625,-1.875,226.00,2.132
2026,2026-05-25,2026-09-07,60,108,15,12,46,-4.375,-1.875,223.50,2.108
2026,2026-05-25,2026-09-07,60,108,15,13,46,-4.125,-1.875,232.00,2.189
2026,2026-05-25,2026-09-07,60,108,15,14,46,-3.875,-1.875,235.25,2.219
2026,2026-05-25,2026-09-07,60,108,15,15,46,-3.625,-1.875,230.25,2.172
2026,2026-05-25,2026-09-07,60,108,15,16,46,-3.375,-1.875,229.50,2.165
2026,2026-05-25,2026-09-07,60,108,15,17,46,-3.125,-1.875,229.25,2.163
2026,2026-05-25,2026-09-07,60,108,15,18,46,-2.875,-1.875,227.25,2.144
2026,2026-05-25,2026-09-07,60,108,15,19,46,-2.625,-1.875,228.75,2.158
2026,2026-05-25,2026-09-07,60,108,15,20,46,-2.375,-1.875,233.75,2.205
2026,2026-05-25,2026-09-07,60,108,15,21,46,-2.125,-1.875,236.75,2.233
2026,2026-05-25,2026-09-07,60,108,15,22,46,-1.875,-1.875,231.50,2.184
2026,2026-05-25,2026-09-07,60,108,15,23,46,-1.625,-1.875,231.75,2.186
2026,2026-05-25,2026-09-07,60,108,15,24,46,-1.375,-1.875,230.50,2.175
2026,2026-05-25,2026-09-07,60,108,15,25,46,-1.125,-1.875,230.25,2.172
2026,2026-05-25,2026-09-07,60,108,15,26,46,-0.875,-1.875,230.25,2.172
2026,2026-05-25,2026-09-07,60,108,15,27,46,-0.625,-1.875,233.25,2.200
2026,2026-05-25,2026-09-07,60,108,15,28,46,-0.375,-1.875,237.00,2.236
2026,2026-05-25,2026-09-07,60,108,15,29,46,-0.125,-1.875,232.00,2.189
2026,2026-05-25,2026-09-07,60,108,15,30,46,0.125,-1.875,233.00,2.198
2026,2026-05-25,2026-09-07,60,108,15,31,46,0.375,-1.875,232.75,2.196
2026,2026-05-25,2026-09-07,60,108,15,32,46,0.625,-1.875,231.50,2.184
2026,2026-05-25,2026-09-07,60,108,15,33,46,0.875,-1.875,229.75,2.167
2026,2026-05-25,2026-09-07,60,108,15,34,46,1.125,-1.875,231.25,2.182
2026,2026-05-25,2026-09-07,60,108,15,35,46,1.375,-1.875,234.50,2.212
2026,2026-05-25,2026-09-07,60,108,15,36,46,1.625,-1.875,231.75,2.186
2026,2026-05-25,2026-09-07,60,108,15,37,46,1.875,-1.875,233.00,2.198
2026,2026-05-25,2026-09-07,60,108,15,38,46,2.125,-1.875,233.75,2.205
2026,2026-05-25,2026-09-07,60,108,15,39,46,2.375,-1.875,231.00,2.179
2026,2026-05-25,2026-09-07,60,108,15,40,46,2.625,-1.875,228.00,2.151
2026,2026-05-25,2026-09-07,60,108,15,41,46,2.875,-1.875,226.25,2.134
2026,2026-05-25,2026-09-07,60,108,15,42,46,3.125,-1.875,231.00,2.179
2026,2026-05-25,2026-09-07,60,108,15,43,46,3.375,-1.875,229.75,2.167
2026,2026-05-25,2026-09-07,60,108,15,44,46,3.625,-1.875,231.75,2.186
2026,2026-05-25,2026-09-07,60,108,15,45,46,3.875,-1.875,233.00,2.198
2026,2026-05-25,2026-09-07,60,108,15,46,46,4.125,-1.875,229.25,2.163
2026,2026-05-25,2026-09-07,60,108,15,47,46,4.375,-1.875,226.00,2.132
2026,2026-05-25,2026-09-07,60,108,15,48,46,4.625,-1.875,223.00,2.104
2026,2026-05-25,2026-09-07,60,108,15,49,46,4.875,-1.875,226.00,2.132
2026,2026-05-25,2026-09-07,60,108,15,50,46,5.125,-1.875,225.25,2.125
2026,2026-05-25,2026-09-07,60,108,15,51,46,5.375,-1.875,227.75,2.149
2026,2026-05-25,2026-09-07,60,108,15,52,46,5.625,-1.875,231.50,2.184
2026,2026-05-25,2026-09-07,60,108,15,53,46,5.875,-1.875,226.50,2.137
2026,2026-05-25,2026-09-07,60,108,15,54,46,6.125,-1.875,223.75,2.111
2026,2026-05-25,2026-09-07,60,108,15,55,46,6.375,-1.875,219.75,2.073
2026,2026-05-25,2026-09-07,60,108,15,56,46,6.625,-1.875,217.25,2.050
2026,2026-05-25,2026-09-07,60,108,15,57,46,6.875,-1.875,220.25,2.078
2026,2026-05-25,2026-09-07,60,108,15,58,46,7.125,-1.875,224.25,2.116
2026,2026-05-25,2026-09-07,60,108,15,59,46,7.375,-1.875,227.25,2.144
2026,2026-05-25,2026-09-07,60,108,15,0,47,-7.375,-1.625,218.00,2.057
2026,2026-05-25,2026-09-07,60,108,15,1,47,-7.125,-1.625,222.00,2.094
2026,2026-05-25,2026-09-07,60,108,15,2,47,-6.875,-1.625,225.00,2.123
2026,2026-05-25,2026-09-07,60,108,15,3,47,-6.625,-1.625,226.00,2.132
2026,2026-05-25,2026-09-07,60,108,15,4,47,-6.375,-1.625,225.75,2.130
2026,2026-05-25,2026-09-07,60,108,15,5,47,-6.125,-1.625,223.50,2.108
2026,2026-05-25,2026-09-07,60,108,15,6,47,-5.875,-1.625,220.50,2.080
2026,2026-05-25,2026-09-07,60,108,15,7,47,-5.625,-1.625,227.25,2.144
2026,2026-05-25,2026-09-07,60,108,15,8,47,-5.375,-1.625,228.25,2.153
2026,2026-05-25,2026-09-07,60,108,15,9,47,-5.125,-1.625,228.25,2.153
2026,2026-05-25,2026-09-07,60,108,15,10,47,-4.875,-1.625,228.75,2.158
2026,2026-05-25,2026-09-07,60,108,15,11,47,-4.625,-1.625,227.25,2.144
2026,2026-05-25,2026-09-07,60,108,15,12,47,-4.375,-1.625,225.00,2.123
2026,2026-05-25,2026-09-07,60,108,15,13,47,-4.125,-1.625,230.25,2.172
2026,2026-05-25,2026-09-07,60,108,15,14,47,-3.875,-1.625,237.00,2.236
2026,2026-05-25,2026-09-07,60,108,15,15,47,-3.625,-1.625,231.50,2.184
2026,2026-05-25,2026-09-07,60,108,15,16,47,-3.375,-1.625,231.00,2.179
2026,2026-05-25,2026-09-07,60,108,15,17,47,-3.125,-1.625,230.75,2.177
2026,2026-05-25,2026-09-07,60,108,15,18,47,-2.875,-1.625,228.75,2.158
2026,2026-05-25,2026-09-07,60,108,15,19,47,-2.625,-1.625,226.50,2.137
2026,2026-05-25,2026-09-07,60,108,15,20,47,-2.375,-1.625,234.25,2.210
2026,2026-05-25,2026-09-07,60,108,15,21,47,-2.125,-1.625,238.50,2.250
2026,2026-05-25,2026-09-07,60,108,15,22,47,-1.875,-1.625,233.25,2.200
2026,2026-05-25,2026-09-07,60,108,15,23,47,-1.625,-1.625,233.25,2.200
2026,2026-05-25,2026-09-07,60,108,15,24,47,-1.375,-1.625,231.75,2.186
2026,2026-05-25,2026-09-07,60,108,15,25,47,-1.125,-1.625,229.75,2.167
2026,2026-05-25,2026-09-07,60,108,15,26,47,-0.875,-1.625,230.50,2.175
2026,2026-05-25,2026-09-07,60,108,15,27,47,-0.625,-1.625,234.00,2.208
2026,2026-05-25,2026-09-07,60,108,15,28,47,-0.375,-1.625,238.25,2.248
2026,2026-05-25,2026-09-07,60,108,15,29,47,-0.125,-1.625,234.00,2.208
2026,2026-05-25,2026-09-07,60,108,15,30,47,0.125,-1.625,235.00,2.217
2026,2026-05-25,2026-09-07,60,108,15,31,47,0.375,-1.625,233.00,2.198
2026,2026-05-25,2026-09-07,60,108,15,32,47,0.625,-1.625,232.00,2.189
2026,2026-05-25,2026-09-07,60,108,15,33,47,0.875,-1.625,230.50,2.175
2026,2026-05-25,2026-09-07,60,108,15,34,47,1.125,-1.625,232.00,2.189
2026,2026-05-25,2026-09-07,60,108,15,35,47,1.375,-1.625,235.50,2.222
2026,2026-05-25,2026-09-07,60,108,15,36,47,1.625,-1.625,233.75,2.205
2026,2026-05-25,2026-09-07,60,108,15,37,47,1.875,-1.625,234.50,2.212
2026,2026-05-25,2026-09-07,60,108,15,38,47,2.125,-1.625,233.75,2.205
2026,2026-05-25,2026-09-07,60,108,15,39,47,2.375,-1.625,231.50,2.184
2026,2026-05-25,2026-09-07,60,108,15,40,47,2.625,-1.625,228.50,2.156
2026,2026-05-25,2026-09-07,60,108,15,41,47,2.875,-1.625,227.25,2.144
2026,2026-05-25,2026-09-07,60,108,15,42,47,3.125,-1.625,232.25,2.191
2026,2026-05-25,2026-09-07,60,108,15,43,47,3.375,-1.625,230.75,2.177
2026,2026-05-25,2026-09-07,60,108,15,44,47,3.625,-1.625,233.25,2.200
2026,2026-05-25,2026-09-07,60,108,15,45,47,3.875,-1.625,233.25,2.200
2026,2026-05-25,2026-09-07,60,108,15,46,47,4.125,-1.625,230.00,2.170
2026,2026-05-25,2026-09-07,60,108,15,47,47,4.375,-1.625,227.00,2.142
2026,2026-05-25,2026-09-07,60,108,15,48,47,4.625,-1.625,224.00,2.113
2026,2026-05-25,2026-09-07,60,108,15,49,47,4.875,-1.625,227.25,2.144
2026,2026-05-25,2026-09-07,60,108,15,50,47,5.125,-1.625,226.50,2.137
2026,2026-05-25,2026-09-07,60,108,15,51,47,5.375,-1.625,229.00,2.160
2026,2026-05-25,2026-09-07,60,108,15,52,47,5.625,-1.625,231.75,2.186
2026,2026-05-25,2026-09-07,60,108,15,53,47,5.875,-1.625,227.25,2.144
2026,2026-05-25,2026-09-07,60,108,15,54,47,6.125,-1.625,224.50,2.118
2026,2026-05-25,2026-09-07,60,108,15,55,47,6.375,-1.625,221.00,2.085
2026,2026-05-25,2026-09-07,60,108,15,56,47,6.625,-1.625,218.50,2.061
2026,2026-05-25,2026-09-07,60,108,15,57,47,6.875,-1.625,221.25,2.087
2026,2026-05-25,2026-09-07,60,108,15,58,47,7.125,-1.625,225.25,2.125
2026,2026-05-25,2026-09-07,60,108,15,59,47,7.375,-1.625,228.25,2.153
2026,2026-05-25,2026-09-07,60,108,15,0,48,-7.375,-1.375,218.50,2.061
2026,2026-05-25,2026-09-07,60,108,15,1,48,-7.125,-1.375,222.75,2.101
2026,2026-05-25,2026-09-07,60,108,15,2,48,-6.875,-1.375,225.25,2.125
2026,2026-05-25,2026-09-07,60,108,15,3,48,-6.625,-1.375,227.00,2.142
2026,2026-05-25,2026-09-07,60,108,15,4,48,-6.375,-1.375,226.75,2.139
2026,2026-05-25,2026-09-07,60,108,15,5,48,-6.125,-1.375,224.25,2.116
2026,2026-05-25,2026-09-07,60,108,15,6,48,-5.875,-1.375,221.25,2.087
2026,2026-05-25,2026-09-07,60,108,15,7,48,-5.625,-1.375,227.50,2.146
2026,2026-05-25,2026-09-07,60,108,15,8,48,-5.375,-1.375,229.25,2.163
2026,2026-05-25,2026-09-07,60,108,15,9,48,-5.125,-1.375,229.25,2.163
2026,2026-05-25,2026-09-07,60,108,15,10,48,-4.875,-1.375,230.00,2.170
2026,2026-05-25,2026-09-07,60,108,15,11,48,-4.625,-1.375,228.50,2.156
2026,2026-05-25,2026-09-07,60,108,15,12,48,-4.375,-1.375,226.00,2.132
2026,2026-05-25,2026-09-07,60,108,15,13,48,-4.125,-1.375,225.75,2.130
2026,2026-05-25,2026-09-07,60,108,15,14,48,-3.875,-1.375,238.25,2.248
2026,2026-05-25,2026-09-07,60,108,15,15,48,-3.625,-1.375,232.75,2.196
2026,2026-05-25,2026-09-07,60,108,15,16,48,-3.375,-1.375,232.25,2.191
2026,2026-05-25,2026-09-07,60,108,15,17,48,-3.125,-1.375,232.00,2.189
2026,2026-05-25,2026-09-07,60,108,15,18,48,-2.875,-1.375,230.00,2.170
2026,2026-05-25,2026-09-07,60,108,15,19,48,-2.625,-1.375,227.25,2.144
2026,2026-05-25,2026-09-07,60,108,15,20,48,-2.375,-1.375,234.75,2.215
2026,2026-05-25,2026-09-07,60,108,15,21,48,-2.125,-1.375,240.00,2.264
2026,2026-05-25,2026-09-07,60,108,15,22,48,-1.875,-1.375,235.50,2.222
2026,2026-05-25,2026-09-07,60,108,15,23,48,-1.625,-1.375,234.75,2.215
2026,2026-05-25,2026-09-07,60,108,15,24,48,-1.375,-1.375,233.50,2.203
2026,2026-05-25,2026-09-07,60,108,15,25,48,-1.125,-1.375,230.75,2.177
2026,2026-05-25,2026-09-07,60,108,15,26,48,-0.875,-1.375,231.00,2.179
2026,2026-05-25,2026-09-07,60,108,15,27,48,-0.625,-1.375,234.50,2.212
2026,2026-05-25,2026-09-07,60,108,15,28,48,-0.375,-1.375,239.00,2.255
2026,2026-05-25,2026-09-07,60,108,15,29,48,-0.125,-1.375,235.75,2.224
2026,2026-05-25,2026-09-07,60,108,15,30,48,0.125,-1.375,236.50,2.231
2026,2026-05-25,2026-09-07,60,108,15,31,48,0.375,-1.375,234.25,2.210
2026,2026-05-25,2026-09-07,60,108,15,32,48,0.625,-1.375,232.00,2.189
2026,2026-05-25,2026-09-07,60,108,15,33,48,0.875,-1.375,231.00,2.179
2026,2026-05-25,2026-09-07,60,108,15,34,48,1.125,-1.375,232.50,2.193
2026,2026-05-25,2026-09-07,60,108,15,35,48,1.375,-1.375,236.50,2.231
2026,2026-05-25,2026-09-07,60,108,15,36,48,1.625,-1.375,234.75,2.215
2026,2026-05-25,2026-09-07,60,108,15,37,48,1.875,-1.375,236.50,2.231
2026,2026-05-25,2026-09-07,60,108,15,38,48,2.125,-1.375,234.25,2.210
2026,2026-05-25,2026-09-07,60,108,15,39,48,2.375,-1.375,232.00,2.189
2026,2026-05-25,2026-09-07,60,108,15,40,48,2.625,-1.375,229.50,2.165
2026,2026-05-25,2026-09-07,60,108,15,41,48,2.875,-1.375,228.00,2.151
2026,2026-05-25,2026-09-07,60,108,15,42,48,3.125,-1.375,233.00,2.198
2026,2026-05-25,2026-09-07,60,108,15,43,48,3.375,-1.375,232.00,2.189
2026,2026-05-25,2026-09-07,60,108,15,44,48,3.625,-1.375,234.50,2.212
2026,2026-05-25,2026-09-07,60,108,15,45,48,3.875,-1.375,234.00,2.208
2026,2026-05-25,2026-09-07,60,108,15,46,48,4.125,-1.375,230.75,2.177
2026,2026-05-25,2026-09-07,60,108,15,47,48,4.375,-1.375,227.75,2.149
2026,2026-05-25,2026-09-07,60,108,15,48,48,4.625,-1.375,225.00,2.123
2026,2026-05-25,2026-09-07,60,108,15,49,48,4.875,-1.375,228.25,2.153
2026,2026-05-25,2026-09-07,60,108,15,50,48,5.125,-1.375,227.25,2.144
2026,2026-05-25,2026-09-07,60,108,15,51,48,5.375,-1.375,230.00,2.170
2026,2026-05-25,2026-09-07,60,108,15,52,48,5.625,-1.375,232.50,2.193
2026,2026-05-25,2026-09-07,60,108,15,53,48,5.875,-1.375,227.25,2.144
2026,2026-05-25,2026-09-07,60,108,15,54,48,6.125,-1.375,225.00,2.123
2026,2026-05-25,2026-09-07,60,108,15,55,48,6.375,-1.375,221.50,2.090
2026,2026-05-25,2026-09-07,60,108,15,56,48,6.625,-1.375,219.25,2.068
2026,2026-05-25,2026-09-07,60,108,15,57,48,6.875,-1.375,222.00,2.094
2026,2026-05-25,2026-09-07,60,108,15,58,48,7.125,-1.375,226.00,2.132
2026,2026-05-25,2026-09-07,60,108,15,59,48,7.375,-1.375,229.00,2.160
2026,2026-05-25,2026-09-07,60,108,15,0,49,-7.375,-1.125,218.75,2.064
2026,2026-05-25,2026-09-07,60,108,15,1,49,-7.125,-1.125,222.75,2.101
2026,2026-05-25,2026-09-07,60,108,15,2,49,-6.875,-1.125,225.50,2.127
2026,2026-05-25,2026-09-07,60,108,15,3,49,-6.625,-1.125,227.50,2.146
2026,2026-05-25,2026-09-07,60,108,15,4,49,-6.375,-1.125,227.00,2.142
2026,2026-05-25,2026-09-07,60,108,15,5,49,-6.125,-1.125,225.00,2.123
2026,2026-05-25,2026-09-07,60,108,15,6,49,-5.875,-1.125,221.25,2.087
2026,2026-05-25,2026-09-07,60,108,15,7,49,-5.625,-1.125,227.25,2.144
2026,2026-05-25,2026-09-07,60,108,15,8,49,-5.375,-1.125,229.75,2.167
2026,2026-05-25,2026-09-07,60,108,15,9,49,-5.125,-1.125,230.00,2.170
2026,2026-05-25,2026-09-07,60,108,15,10,49,-4.875,-1.125,230.50,2.175
2026,2026-05-25,2026-09-07,60,108,15,11,49,-4.625,-1.125,229.25,2.163
2026,2026-05-25,2026-09-07,60,108,15,12,49,-4.375,-1.125,226.75,2.139
2026,2026-05-25,2026-09-07,60,108,15,13,49,-4.125,-1.125,226.75,2.139
2026,2026-05-25,2026-09-07,60,108,15,14,49,-3.875,-1.125,239.50,2.259
2026,2026-05-25,2026-09-07,60,108,15,15,49,-3.625,-1.125,233.75,2.205
2026,2026-05-25,2026-09-07,60,108,15,16,49,-3.375,-1.125,233.25,2.200
2026,2026-05-25,2026-09-07,60,108,15,17,49,-3.125,-1.125,233.25,2.200
2026,2026-05-25,2026-09-07,60,108,15,18,49,-2.875,-1.125,230.75,2.177
2026,2026-05-25,2026-09-07,60,108,15,19,49,-2.625,-1.125,228.00,2.151
2026,2026-05-25,2026-09-07,60,108,15,20,49,-2.375,-1.125,234.25,2.210
2026,2026-05-25,2026-09-07,60,108,15,21,49,-2.125,-1.125,241.25,2.276
2026,2026-05-25,2026-09-07,60,108,15,22,49,-1.875,-1.125,237.00,2.236
2026,2026-05-25,2026-09-07,60,108,15,23,49,-1.625,-1.125,236.00,2.226
2026,2026-05-25,2026-09-07,60,108,15,24,49,-1.375,-1.125,234.75,2.215
2026,2026-05-25,2026-09-07,60,108,15,25,49,-1.125,-1.125,232.00,2.189
2026,2026-05-25,2026-09-07,60,108,15,26,49,-0.875,-1.125,230.25,2.172
2026,2026-05-25,2026-09-07,60,108,15,27,49,-0.625,-1.125,234.75,2.215
2026,2026-05-25,2026-09-07,60,108,15,28,49,-0.375,-1.125,240.00,2.264
2026,2026-05-25,2026-09-07,60,108,15,29,49,-0.125,-1.125,237.50,2.241
2026,2026-05-25,2026-09-07,60,108,15,30,49,0.125,-1.125,238.00,2.245
2026,2026-05-25,2026-09-07,60,108,15,31,49,0.375,-1.125,235.75,2.224
2026,2026-05-25,2026-09-07,60,108,15,32,49,0.625,-1.125,232.50,2.193
2026,2026-05-25,2026-09-07,60,108,15,33,49,0.875,-1.125,231.25,2.182
2026,2026-05-25,2026-09-07,60,108,15,34,49,1.125,-1.125,233.50,2.203
2026,2026-05-25,2026-09-07,60,108,15,35,49,1.375,-1.125,237.50,2.241
2026,2026-05-25,2026-09-07,60,108,15,36,49,1.625,-1.125,236.00,2.226
2026,2026-05-25,2026-09-07,60,108,15,37,49,1.875,-1.125,238.25,2.248
2026,2026-05-25,2026-09-07,60,108,15,38,49,2.125,-1.125,236.00,2.226
2026,2026-05-25,2026-09-07,60,108,15,39,49,2.375,-1.125,232.25,2.191
2026,2026-05-25,2026-09-07,60,108,15,40,49,2.625,-1.125,229.75,2.167
2026,2026-05-25,2026-09-07,60,108,15,41,49,2.875,-1.125,228.75,2.158
2026,2026-05-25,2026-09-07,60,108,15,42,49,3.125,-1.125,234.00,2.208
2026,2026-05-25,2026-09-07,60,108,15,43,49,3.375,-1.125,232.75,2.196
2026,2026-05-25,2026-09-07,60,108,15,44,49,3.625,-1.125,235.50,2.222
2026,2026-05-25,2026-09-07,60,108,15,45,49,3.875,-1.125,235.50,2.222
2026,2026-05-25,2026-09-07,60,108,15,46,49,4.125,-1.125,231.00,2.179
2026,2026-05-25,2026-09-07,60,108,15,47,49,4.375,-1.125,228.00,2.151
2026,2026-05-25,2026-09-07,60,108,15,48,49,4.625,-1.125,225.50,2.127
2026,2026-05-25,2026-09-07,60,108,15,49,49,4.875,-1.125,228.75,2.158
2026,2026-05-25,2026-09-07,60,108,15,50,49,5.125,-1.125,228.00,2.151
2026,2026-05-25,2026-09-07,60,108,15,51,49,5.375,-1.125,230.75,2.177
2026,2026-05-25,2026-09-07,60,108,15,52,49,5.625,-1.125,233.00,2.198
2026,2026-05-25,2026-09-07,60,108,15,53,49,5.875,-1.125,227.75,2.149
2026,2026-05-25,2026-09-07,60,108,15,54,49,6.125,-1.125,225.50,2.127
2026,2026-05-25,2026-09-07,60,108,15,55,49,6.375,-1.125,222.00,2.094
2026,2026-05-25,2026-09-07,60,108,15,56,49,6.625,-1.125,219.75,2.073
2026,2026-05-25,2026-09-07,60,108,15,57,49,6.875,-1.125,222.50,2.099
2026,2026-05-25,2026-09-07,60,108,15,58,49,7.125,-1.125,226.50,2.137
2026,2026-05-25,2026-09-07,60,108,15,59,49,7.375,-1.125,229.50,2.165
2026,2026-05-25,2026-09-07,60,108,15,0,50,-7.375,-0.875,218.00,2.057
2026,2026-05-25,2026-09-07,60,108,15,1,50,-7.125,-0.875,221.75,2.092
2026,2026-05-25,2026-09-07,60,108,15,2,50,-6.875,-0.875,224.50,2.118
2026,2026-05-25,2026-09-07,60,108,15,3,50,-6.625,-0.875,226.50,2.137
2026,2026-05-25,2026-09-07,60,108,15,4,50,-6.375,-0.875,226.50,2.137
2026,2026-05-25,2026-09-07,60,108,15,5,50,-6.125,-0.875,224.25,2.116
2026,2026-05-25,2026-09-07,60,108,15,6,50,-5.875,-0.875,220.25,2.078
2026,2026-05-25,2026-09-07,60,108,15,7,50,-5.625,-0.875,226.25,2.134
2026,2026-05-25,2026-09-07,60,108,15,8,50,-5.375,-0.875,228.50,2.156
2026,2026-05-25,2026-09-07,60,108,15,9,50,-5.125,-0.875,229.25,2.163
2026,2026-05-25,2026-09-07,60,108,15,10,50,-4.875,-0.875,230.00,2.170
2026,2026-05-25,2026-09-07,60,108,15,11,50,-4.625,-0.875,228.50,2.156
2026,2026-05-25,2026-09-07,60,108,15,12,50,-4.375,-0.875,226.00,2.132
2026,2026-05-25,2026-09-07,60,108,15,13,50,-4.125,-0.875,226.00,2.132
2026,2026-05-25,2026-09-07,60,108,15,14,50,-3.875,-0.875,238.00,2.245
2026,2026-05-25,2026-09-07,60,108,15,15,50,-3.625,-0.875,233.00,2.198
2026,2026-05-25,2026-09-07,60,108,15,16,50,-3.375,-0.875,232.25,2.191
2026,2026-05-25,2026-09-07,60,108,15,17,50,-3.125,-0.875,232.25,2.191
2026,2026-05-25,2026-09-07,60,108,15,18,50,-2.875,-0.875,230.25,2.172
2026,2026-05-25,2026-09-07,60,108,15,19,50,-2.625,-0.875,227.25,2.144
2026,2026-05-25,2026-09-07,60,108,15,20,50,-2.375,-0.875,228.50,2.156
2026,2026-05-25,2026-09-07,60,108,15,21,50,-2.125,-0.875,240.00,2.264
2026,2026-05-25,2026-09-07,60,108,15,22,50,-1.875,-0.875,236.25,2.229
2026,2026-05-25,2026-09-07,60,108,15,23,50,-1.625,-0.875,235.00,2.217
2026,2026-05-25,2026-09-07,60,108,15,24,50,-1.375,-0.875,234.00,2.208
2026,2026-05-25,2026-09-07,60,108,15,25,50,-1.125,-0.875,231.00,2.179
2026,2026-05-25,2026-09-07,60,108,15,26,50,-0.875,-0.875,228.00,2.151
2026,2026-05-25,2026-09-07,60,108,15,27,50,-0.625,-0.875,233.00,2.198
2026,2026-05-25,2026-09-07,60,108,15,28,50,-0.375,-0.875,238.75,2.252
2026,2026-05-25,2026-09-07,60,108,15,29,50,-0.125,-0.875,237.25,2.238
2026,2026-05-25,2026-09-07,60,108,15,30,50,0.125,-0.875,237.00,2.236
2026,2026-05-25,2026-09-07,60,108,15,31,50,0.375,-0.875,234.75,2.215
2026,2026-05-25,2026-09-07,60,108,15,32,50,0.625,-0.875,231.50,2.184
2026,2026-05-25,2026-09-07,60,108,15,33,50,0.875,-0.875,229.00,2.160
2026,2026-05-25,2026-09-07,60,108,15,34,50,1.125,-0.875,231.75,2.186
2026,2026-05-25,2026-09-07,60,108,15,35,50,1.375,-0.875,236.25,2.229
2026,2026-05-25,2026-09-07,60,108,15,36,50,1.625,-0.875,234.50,2.212
2026,2026-05-25,2026-09-07,60,108,15,37,50,1.875,-0.875,238.00,2.245
2026,2026-05-25,2026-09-07,60,108,15,38,50,2.125,-0.875,235.25,2.219
2026,2026-05-25,2026-09-07,60,108,15,39,50,2.375,-0.875,231.25,2.182
2026,2026-05-25,2026-09-07,60,108,15,40,50,2.625,-0.875,228.50,2.156
2026,2026-05-25,2026-09-07,60,108,15,41,50,2.875,-0.875,227.50,2.146
2026,2026-05-25,2026-09-07,60,108,15,42,50,3.125,-0.875,232.75,2.196
2026,2026-05-25,2026-09-07,60,108,15,43,50,3.375,-0.875,231.75,2.186
2026,2026-05-25,2026-09-07,60,108,15,44,50,3.625,-0.875,234.00,2.208
2026,2026-05-25,2026-09-07,60,108,15,45,50,3.875,-0.875,234.25,2.210
2026,2026-05-25,2026-09-07,60,108,15,46,50,4.125,-0.875,230.75,2.177
2026,2026-05-25,2026-09-07,60,108,15,47,50,4.375,-0.875,226.75,2.139
2026,2026-05-25,2026-09-07,60,108,15,48,50,4.625,-0.875,224.25,2.116
2026,2026-05-25,2026-09-07,60,108,15,49,50,4.875,-0.875,227.50,2.146
2026,2026-05-25,2026-09-07,60,108,15,50,50,5.125,-0.875,227.25,2.144
2026,2026-05-25,2026-09-07,60,108,15,51,50,5.375,-0.875,229.75,2.167
2026,2026-05-25,2026-09-07,60,108,15,52,50,5.625,-0.875,232.25,2.191
2026,2026-05-25,2026-09-07,60,108,15,53,50,5.875,-0.875,227.00,2.142
2026,2026-05-25,2026-09-07,60,108,15,54,50,6.125,-0.875,225.00,2.123
2026,2026-05-25,2026-09-07,60,108,15,55,50,6.375,-0.875,221.00,2.085
2026,2026-05-25,2026-09-07,60,108,15,56,50,6.625,-0.875,218.75,2.064
2026,2026-05-25,2026-09-07,60,108,15,57,50,6.875,-0.875,221.50,2.090
2026,2026-05-25,2026-09-07,60,108,15,58,50,7.125,-0.875,225.75,2.130
2026,2026-05-25,2026-09-07,60,108,15,59,50,7.375,-0.875,228.75,2.158
2026,2026-05-25,2026-09-07,60,108,15,0,51,-7.375,-0.625,217.25,2.050
2026,2026-05-25,2026-09-07,60,108,15,1,51,-7.125,-0.625,221.00,2.085
2026,2026-05-25,2026-09-07,60,108,15,2,51,-6.875,-0.625,223.75,2.111
2026,2026-05-25,2026-09-07,60,108,15,3,51,-6.625,-0.625,226.00,2.132
2026,2026-05-25,2026-09-07,60,108,15,4,51,-6.375,-0.625,225.75,2.130
2026,2026-05-25,2026-09-07,60,108,15,5,51,-6.125,-0.625,223.75,2.111
2026,2026-05-25,2026-09-07,60,108,15,6,51,-5.875,-0.625,219.75,2.073
2026,2026-05-25,2026-09-07,60,108,15,7,51,-5.625,-0.625,224.50,2.118
2026,2026-05-25,2026-09-07,60,108,15,8,51,-5.375,-0.625,227.25,2.144
2026,2026-05-25,2026-09-07,60,108,15,9,51,-5.125,-0.625,228.50,2.156
2026,2026-05-25,2026-09-07,60,108,15,10,51,-4.875,-0.625,229.00,2.160
2026,2026-05-25,2026-09-07,60,108,15,11,51,-4.625,-0.625,227.50,2.146
2026,2026-05-25,2026-09-07,60,108,15,12,51,-4.375,-0.625,225.25,2.125
2026,2026-05-25,2026-09-07,60,108,15,13,51,-4.125,-0.625,225.75,2.130
2026,2026-05-25,2026-09-07,60,108,15,14,51,-3.875,-0.625,235.50,2.222
2026,2026-05-25,2026-09-07,60,108,15,15,51,-3.625,-0.625,232.25,2.191
2026,2026-05-25,2026-09-07,60,108,15,16,51,-3.375,-0.625,231.75,2.186
2026,2026-05-25,2026-09-07,60,108,15,17,51,-3.125,-0.625,231.50,2.184
2026,2026-05-25,2026-09-07,60,108,15,18,51,-2.875,-0.625,229.25,2.163
2026,2026-05-25,2026-09-07,60,108,15,19,51,-2.625,-0.625,226.50,2.137
2026,2026-05-25,2026-09-07,60,108,15,20,51,-2.375,-0.625,228.25,2.153
2026,2026-05-25,2026-09-07,60,108,15,21,51,-2.125,-0.625,238.00,2.245
2026,2026-05-25,2026-09-07,60,108,15,22,51,-1.875,-0.625,235.50,2.222
2026,2026-05-25,2026-09-07,60,108,15,23,51,-1.625,-0.625,234.25,2.210
2026,2026-05-25,2026-09-07,60,108,15,24,51,-1.375,-0.625,233.00,2.198
2026,2026-05-25,2026-09-07,60,108,15,25,51,-1.125,-0.625,230.25,2.172
2026,2026-05-25,2026-09-07,60,108,15,26,51,-0.875,-0.625,227.25,2.144
2026,2026-05-25,2026-09-07,60,108,15,27,51,-0.625,-0.625,230.50,2.175
2026,2026-05-25,2026-09-07,60,108,15,28,51,-0.375,-0.625,237.00,2.236
2026,2026-05-25,2026-09-07,60,108,15,29,51,-0.125,-0.625,236.25,2.229
2026,2026-05-25,2026-09-07,60,108,15,30,51,0.125,-0.625,236.25,2.229
2026,2026-05-25,2026-09-07,60,108,15,31,51,0.375,-0.625,234.25,2.210
2026,2026-05-25,2026-09-07,60,108,15,32,51,0.625,-0.625,230.75,2.177
2026,2026-05-25,2026-09-07,60,108,15,33,51,0.875,-0.625,227.50,2.146
2026,2026-05-25,2026-09-07,60,108,15,34,51,1.125,-0.625,230.25,2.172
2026,2026-05-25,2026-09-07,60,108,15,35,51,1.375,-0.625,234.75,2.215
2026,2026-05-25,2026-09-07,60,108,15,36,51,1.625,-0.625,233.25,2.200
2026,2026-05-25,2026-09-07,60,108,15,37,51,1.875,-0.625,237.00,2.236
2026,2026-05-25,2026-09-07,60,108,15,38,51,2.125,-0.625,234.25,2.210
2026,2026-05-25,2026-09-07,60,108,15,39,51,2.375,-0.625,230.75,2.177
2026,2026-05-25,2026-09-07,60,108,15,40,51,2.625,-0.625,227.25,2.144
2026,2026-05-25,2026-09-07,60,108,15,41,51,2.875,-0.625,226.00,2.132
2026,2026-05-25,2026-09-07,60,108,15,42,51,3.125,-0.625,231.25,2.182
2026,2026-05-25,2026-09-07,60,108,15,43,51,3.375,-0.625,230.25,2.172
2026,2026-05-25,2026-09-07,60,108,15,44,51,3.625,-0.625,233.00,2.198
2026,2026-05-25,2026-09-07,60,108,15,45,51,3.875,-0.625,232.50,2.193
2026,2026-05-25,2026-09-07,60,108,15,46,51,4.125,-0.625,230.25,2.172
2026,2026-05-25,2026-09-07,60,108,15,47,51,4.375,-0.625,226.25,2.134
2026,2026-05-25,2026-09-07,60,108,15,48,51,4.625,-0.625,223.00,2.104
2026,2026-05-25,2026-09-07,60,108,15,49,51,4.875,-0.625,226.50,2.137
2026,2026-05-25,2026-09-07,60,108,15,50,51,5.125,-0.625,226.00,2.132
2026,2026-05-25,2026-09-07,60,108,15,51,51,5.375,-0.625,228.75,2.158
2026,2026-05-25,2026-09-07,60,108,15,52,51,5.625,-0.625,231.50,2.184
2026,2026-05-25,2026-09-07,60,108,15,53,51,5.875,-0.625,226.00,2.132
2026,2026-05-25,2026-09-07,60,108,15,54,51,6.125,-0.625,224.00,2.113
2026,2026-05-25,2026-09-07,60,108,15,55,51,6.375,-0.625,220.50,2.080
2026,2026-05-25,2026-09-07,60,108,15,56,51,6.625,-0.625,217.75,2.054
2026,2026-05-25,2026-09-07,60,108,15,57,51,6.875,-0.625,220.75,2.083
2026,2026-05-25,2026-09-07,60,108,15,58,51,7.125,-0.625,224.75,2.120
2026,2026-05-25,2026-09-07,60,108,15,59,51,7.375,-0.625,228.00,2.151
2026,2026-05-25,2026-09-07,60,108,15,0,52,-7.375,-0.375,216.50,2.042
2026,2026-05-25,2026-09-07,60,108,15,1,52,-7.125,-0.375,220.25,2.078
2026,2026-05-25,2026-09-07,60,108,15,2,52,-6.875,-0.375,223.00,2.104
2026,2026-05-25,2026-09-07,60,108,15,3,52,-6.625,-0.375,225.25,2.125
2026,2026-05-25,2026-09-07,60,108,15,4,52,-6.375,-0.375,225.50,2.127
2026,2026-05-25,2026-09-07,60,108,15,5,52,-6.125,-0.375,222.75,2.101
2026,2026-05-25,2026-09-07,60,108,15,6,52,-5.875,-0.375,218.75,2.064
2026,2026-05-25,2026-09-07,60,108,15,7,52,-5.625,-0.375,223.00,2.104
2026,2026-05-25,2026-09-07,60,108,15,8,52,-5.375,-0.375,225.75,2.130
2026,2026-05-25,2026-09-07,60,108,15,9,52,-5.125,-0.375,227.75,2.149
2026,2026-05-25,2026-09-07,60,108,15,10,52,-4.875,-0.375,228.50,2.156
2026,2026-05-25,2026-09-07,60,108,15,11,52,-4.625,-0.375,227.00,2.142
2026,2026-05-25,2026-09-07,60,108,15,12,52,-4.375,-0.375,225.00,2.123
2026,2026-05-25,2026-09-07,60,108,15,13,52,-4.125,-0.375,225.25,2.125
2026,2026-05-25,2026-09-07,60,108,15,14,52,-3.875,-0.375,228.50,2.156
2026,2026-05-25,2026-09-07,60,108,15,15,52,-3.625,-0.375,231.25,2.182
2026,2026-05-25,2026-09-07,60,108,15,16,52,-3.375,-0.375,230.75,2.177
2026,2026-05-25,2026-09-07,60,108,15,17,52,-3.125,-0.375,230.75,2.177
2026,2026-05-25,2026-09-07,60,108,15,18,52,-2.875,-0.375,228.75,2.158
2026,2026-05-25,2026-09-07,60,108,15,19,52,-2.625,-0.375,226.00,2.132
2026,2026-05-25,2026-09-07,60,108,15,20,52,-2.375,-0.375,227.75,2.149
2026,2026-05-25,2026-09-07,60,108,15,21,52,-2.125,-0.375,236.00,2.226
2026,2026-05-25,2026-09-07,60,108,15,22,52,-1.875,-0.375,234.75,2.215
2026,2026-05-25,2026-09-07,60,108,15,23,52,-1.625,-0.375,233.25,2.200
2026,2026-05-25,2026-09-07,60,108,15,24,52,-1.375,-0.375,232.50,2.193
2026,2026-05-25,2026-09-07,60,108,15,25,52,-1.125,-0.375,229.50,2.165
2026,2026-05-25,2026-09-07,60,108,15,26,52,-0.875,-0.375,226.75,2.139
2026,2026-05-25,2026-09-07,60,108,15,27,52,-0.625,-0.375,228.50,2.156
2026,2026-05-25,2026-09-07,60,108,15,28,52,-0.375,-0.375,235.25,2.219
2026,2026-05-25,2026-09-07,60,108,15,29,52,-0.125,-0.375,234.75,2.215
2026,2026-05-25,2026-09-07,60,108,15,30,52,0.125,-0.375,235.50,2.222
2026,2026-05-25,2026-09-07,60,108,15,31,52,0.375,-0.375,233.50,2.203
2026,2026-05-25,2026-09-07,60,108,15,32,52,0.625,-0.375,230.25,2.172
2026,2026-05-25,2026-09-07,60,108,15,33,52,0.875,-0.375,227.25,2.144
2026,2026-05-25,2026-09-07,60,108,15,34,52,1.125,-0.375,228.25,2.153
2026,2026-05-25,2026-09-07,60,108,15,35,52,1.375,-0.375,233.25,2.200
2026,2026-05-25,2026-09-07,60,108,15,36,52,1.625,-0.375,232.00,2.189
2026,2026-05-25,2026-09-07,60,108,15,37,52,1.875,-0.375,236.00,2.226
2026,2026-05-25,2026-09-07,60,108,15,38,52,2.125,-0.375,233.75,2.205
2026,2026-05-25,2026-09-07,60,108,15,39,52,2.375,-0.375,230.25,2.172
2026,2026-05-25,2026-09-07,60,108,15,40,52,2.625,-0.375,226.75,2.139
2026,2026-05-25,2026-09-07,60,108,15,41,52,2.875,-0.375,224.50,2.118
2026,2026-05-25,2026-09-07,60,108,15,42,52,3.125,-0.375,230.00,2.170
2026,2026-05-25,2026-09-07,60,108,15,43,52,3.375,-0.375,229.00,2.160
2026,2026-05-25,2026-09-07,60,108,15,44,52,3.625,-0.375,232.00,2.189
2026,2026-05-25,2026-09-07,60,108,15,45,52,3.875,-0.375,231.50,2.184
2026,2026-05-25,2026-09-07,60,108,15,46,52,4.125,-0.375,229.50,2.165
2026,2026-05-25,2026-09-07,60,108,15,47,52,4.375,-0.375,226.00,2.132
2026,2026-05-25,2026-09-07,60,108,15,48,52,4.625,-0.375,222.25,2.097
2026,2026-05-25,2026-09-07,60,108,15,49,52,4.875,-0.375,225.25,2.125
2026,2026-05-25,2026-09-07,60,108,15,50,52,5.125,-0.375,224.75,2.120
2026,2026-05-25,2026-09-07,60,108,15,51,52,5.375,-0.375,228.00,2.151
2026,2026-05-25,2026-09-07,60,108,15,52,52,5.625,-0.375,230.75,2.177
2026,2026-05-25,2026-09-07,60,108,15,53,52,5.875,-0.375,225.00,2.123
2026,2026-05-25,2026-09-07,60,108,15,54,52,6.125,-0.375,223.25,2.106
2026,2026-05-25,2026-09-07,60,108,15,55,52,6.375,-0.375,220.25,2.078
2026,2026-05-25,2026-09-07,60,108,15,56,52,6.625,-0.375,217.50,2.052
2026,2026-05-25,2026-09-07,60,108,15,57,52,6.875,-0.375,219.75,2.073
2026,2026-05-25,2026-09-07,60,108,15,58,52,7.125,-0.375,224.00,2.113
2026,2026-05-25,2026-09-07,60,108,15,59,52,7.375,-0.375,227.00,2.142
2026,2026-05-25,2026-09-07,60,108,15,0,53,-7.375,-0.125,216.00,2.038
2026,2026-05-25,2026-09-07,60,108,15,1,53,-7.125,-0.125,219.50,2.071
2026,2026-05-25,2026-09-07,60,108,15,2,53,-6.875,-0.125,222.00,2.094
2026,2026-05-25,2026-09-07,60,108,15,3,53,-6.625,-0.125,225.00,2.123
2026,2026-05-25,2026-09-07,60,108,15,4,53,-6.375,-0.125,225.00,2.123
2026,2026-05-25,2026-09-07,60,108,15,5,53,-6.125,-0.125,222.00,2.094
2026,2026-05-25,2026-09-07,60,108,15,6,53,-5.875,-0.125,218.00,2.057
2026,2026-05-25,2026-09-07,60,108,15,7,53,-5.625,-0.125,221.50,2.090
2026,2026-05-25,2026-09-07,60,108,15,8,53,-5.375,-0.125,224.75,2.120
2026,2026-05-25,2026-09-07,60,108,15,9,53,-5.125,-0.125,227.00,2.142
2026,2026-05-25,2026-09-07,60,108,15,10,53,-4.875,-0.125,227.50,2.146
2026,2026-05-25,2026-09-07,60,108,15,11,53,-4.625,-0.125,226.50,2.137
2026,2026-05-25,2026-09-07,60,108,15,12,53,-4.375,-0.125,224.50,2.118
2026,2026-05-25,2026-09-07,60,108,15,13,53,-4.125,-0.125,225.00,2.123
2026,2026-05-25,2026-09-07,60,108,15,14,53,-3.875,-0.125,228.00,2.151
2026,2026-05-25,2026-09-07,60,108,15,15,53,-3.625,-0.125,230.75,2.177
2026,2026-05-25,2026-09-07,60,108,15,16,53,-3.375,-0.125,230.00,2.170
2026,2026-05-25,2026-09-07,60,108,15,17,53,-3.125,-0.125,230.00,2.170
2026,2026-05-25,2026-09-07,60,108,15,18,53,-2.875,-0.125,228.00,2.151
2026,2026-05-25,2026-09-07,60,108,15,19,53,-2.625,-0.125,225.75,2.130
2026,2026-05-25,2026-09-07,60,108,15,20,53,-2.375,-0.125,227.50,2.146
2026,2026-05-25,2026-09-07,60,108,15,21,53,-2.125,-0.125,231.00,2.179
2026,2026-05-25,2026-09-07,60,108,15,22,53,-1.875,-0.125,233.50,2.203
2026,2026-05-25,2026-09-07,60,108,15,23,53,-1.625,-0.125,232.75,2.196
2026,2026-05-25,2026-09-07,60,108,15,24,53,-1.375,-0.125,231.50,2.184
2026,2026-05-25,2026-09-07,60,108,15,25,53,-1.125,-0.125,228.75,2.158
2026,2026-05-25,2026-09-07,60,108,15,26,53,-0.875,-0.125,226.50,2.137
2026,2026-05-25,2026-09-07,60,108,15,27,53,-0.625,-0.125,228.00,2.151
2026,2026-05-25,2026-09-07,60,108,15,28,53,-0.375,-0.125,233.25,2.200
2026,2026-05-25,2026-09-07,60,108,15,29,53,-0.125,-0.125,233.25,2.200
2026,2026-05-25,2026-09-07,60,108,15,30,53,0.125,-0.125,234.75,2.215
2026,2026-05-25,2026-09-07,60,108,15,31,53,0.375,-0.125,232.75,2.196
2026,2026-05-25,2026-09-07,60,108,15,32,53,0.625,-0.125,229.50,2.165
2026,2026-05-25,2026-09-07,60,108,15,33,53,0.875,-0.125,226.75,2.139
2026,2026-05-25,2026-09-07,60,108,15,34,53,1.125,-0.125,227.50,2.146
2026,2026-05-25,2026-09-07,60,108,15,35,53,1.375,-0.125,231.75,2.186
2026,2026-05-25,2026-09-07,60,108,15,36,53,1.625,-0.125,230.75,2.177
2026,2026-05-25,2026-09-07,60,108,15,37,53,1.875,-0.125,234.50,2.212
2026,2026-05-25,2026-09-07,60,108,15,38,53,2.125,-0.125,233.00,2.198
2026,2026-05-25,2026-09-07,60,108,15,39,53,2.375,-0.125,230.00,2.170
2026,2026-05-25,2026-09-07,60,108,15,40,53,2.625,-0.125,226.50,2.137
2026,2026-05-25,2026-09-07,60,108,15,41,53,2.875,-0.125,224.00,2.113
2026,2026-05-25,2026-09-07,60,108,15,42,53,3.125,-0.125,228.50,2.156
2026,2026-05-25,2026-09-07,60,108,15,43,53,3.375,-0.125,227.75,2.149
2026,2026-05-25,2026-09-07,60,108,15,44,53,3.625,-0.125,230.75,2.177
2026,2026-05-25,2026-09-07,60,108,15,45,53,3.875,-0.125,230.25,2.172
2026,2026-05-25,2026-09-07,60,108,15,46,53,4.125,-0.125,228.50,2.156
2026,2026-05-25,2026-09-07,60,108,15,47,53,4.375,-0.125,225.75,2.130
2026,2026-05-25,2026-09-07,60,108,15,48,53,4.625,-0.125,222.00,2.094
2026,2026-05-25,2026-09-07,60,108,15,49,53,4.875,-0.125,224.25,2.116
2026,2026-05-25,2026-09-07,60,108,15,50,53,5.125,-0.125,223.75,2.111
2026,2026-05-25,2026-09-07,60,108,15,51,53,5.375,-0.125,227.00,2.142
2026,2026-05-25,2026-09-07,60,108,15,52,53,5.625,-0.125,229.75,2.167
2026,2026-05-25,2026-09-07,60,108,15,53,53,5.875,-0.125,224.00,2.113
2026,2026-05-25,2026-09-07,60,108,15,54,53,6.125,-0.125,222.25,2.097
2026,2026-05-25,2026-09-07,60,108,15,55,53,6.375,-0.125,219.50,2.071
2026,2026-05-25,2026-09-07,60,108,15,56,53,6.625,-0.125,217.25,2.050
2026,2026-05-25,2026-09-07,60,108,15,57,53,6.875,-0.125,219.50,2.071
2026,2026-05-25,2026-09-07,60,108,15,58,53,7.125,-0.125,223.00,2.104
2026,2026-05-25,2026-09-07,60,108,15,59,53,7.375,-0.125,226.25,2.134
2026,2026-05-25,2026-09-07,60,108,15,0,54,-7.375,0.125,215.00,2.028
2026,2026-05-25,2026-09-07,60,108,15,1,54,-7.125,0.125,218.75,2.064
2026,2026-05-25,2026-09-07,60,108,15,2,54,-6.875,0.125,221.75,2.092
2026,2026-05-25,2026-09-07,60,108,15,3,54,-6.625,0.125,224.50,2.118
2026,2026-05-25,2026-09-07,60,108,15,4,54,-6.375,0.125,224.75,2.120
2026,2026-05-25,2026-09-07,60,108,15,5,54,-6.125,0.125,221.25,2.087
2026,2026-05-25,2026-09-07,60,108,15,6,54,-5.875,0.125,217.50,2.052
2026,2026-05-25,2026-09-07,60,108,15,7,54,-5.625,0.125,220.00,2.075
2026,2026-05-25,2026-09-07,60,108,15,8,54,-5.375,0.125,223.25,2.106
2026,2026-05-25,2026-09-07,60,108,15,9,54,-5.125,0.125,226.50,2.137
2026,2026-05-25,2026-09-07,60,108,15,10,54,-4.875,0.125,227.25,2.144
2026,2026-05-25,2026-09-07,60,108,15,11,54,-4.625,0.125,226.25,2.134
2026,2026-05-25,2026-09-07,60,108,15,12,54,-4.375,0.125,224.25,2.116
2026,2026-05-25,2026-09-07,60,108,15,13,54,-4.125,0.125,224.25,2.116
2026,2026-05-25,2026-09-07,60,108,15,14,54,-3.875,0.125,227.00,2.142
2026,2026-05-25,2026-09-07,60,108,15,15,54,-3.625,0.125,229.50,2.165
2026,2026-05-25,2026-09-07,60,108,15,16,54,-3.375,0.125,229.25,2.163
2026,2026-05-25,2026-09-07,60,108,15,17,54,-3.125,0.125,229.25,2.163
2026,2026-05-25,2026-09-07,60,108,15,18,54,-2.875,0.125,227.75,2.149
2026,2026-05-25,2026-09-07,60,108,15,19,54,-2.625,0.125,225.25,2.125
2026,2026-05-25,2026-09-07,60,108,15,20,54,-2.375,0.125,227.00,2.142
2026,2026-05-25,2026-09-07,60,108,15,21,54,-2.125,0.125,230.75,2.177
2026,2026-05-25,2026-09-07,60,108,15,22,54,-1.875,0.125,231.75,2.186
2026,2026-05-25,2026-09-07,60,108,15,23,54,-1.625,0.125,231.75,2.186
2026,2026-05-25,2026-09-07,60,108,15,24,54,-1.375,0.125,231.00,2.179
2026,2026-05-25,2026-09-07,60,108,15,25,54,-1.125,0.125,228.50,2.156
2026,2026-05-25,2026-09-07,60,108,15,26,54,-0.875,0.125,226.00,2.132
2026,2026-05-25,2026-09-07,60,108,15,27,54,-0.625,0.125,227.75,2.149
2026,2026-05-25,2026-09-07,60,108,15,28,54,-0.375,0.125,230.75,2.177
2026,2026-05-25,2026-09-07,60,108,15,29,54,-0.125,0.125,231.50,2.184
2026,2026-05-25,2026-09-07,60,108,15,30,54,0.125,0.125,233.50,2.203
2026,2026-05-25,2026-09-07,60,108,15,31,54,0.375,0.125,232.00,2.189
2026,2026-05-25,2026-09-07,60,108,15,32,54,0.625,0.125,229.25,2.163
2026,2026-05-25,2026-09-07,60,108,15,33,54,0.875,0.125,226.50,2.137
2026,2026-05-25,2026-09-07,60,108,15,34,54,1.125,0.125,227.25,2.144
2026,2026-05-25,2026-09-07,60,108,15,35,54,1.375,0.125,230.00,2.170
2026,2026-05-25,2026-09-07,60,108,15,36,54,1.625,0.125,229.00,2.160
2026,2026-05-25,2026-09-07,60,108,15,37,54,1.875,0.125,233.25,2.200
2026,2026-05-25,2026-09-07,60,108,15,38,54,2.125,0.125,231.50,2.184
2026,2026-05-25,2026-09-07,60,108,15,39,54,2.375,0.125,229.75,2.167
2026,2026-05-25,2026-09-07,60,108,15,40,54,2.625,0.125,226.25,2.134
2026,2026-05-25,2026-09-07,60,108,15,41,54,2.875,0.125,223.75,2.111
2026,2026-05-25,2026-09-07,60,108,15,42,54,3.125,0.125,227.50,2.146
2026,2026-05-25,2026-09-07,60,108,15,43,54,3.375,0.125,226.50,2.137
2026,2026-05-25,2026-09-07,60,108,15,44,54,3.625,0.125,229.50,2.165
2026,2026-05-25,2026-09-07,60,108,15,45,54,3.875,0.125,229.00,2.160
2026,2026-05-25,2026-09-07,60,108,15,46,54,4.125,0.125,227.50,2.146
2026,2026-05-25,2026-09-07,60,108,15,47,54,4.375,0.125,225.25,2.125
2026,2026-05-25,2026-09-07,60,108,15,48,54,4.625,0.125,221.75,2.092
2026,2026-05-25,2026-09-07,60,108,15,49,54,4.875,0.125,224.00,2.113
2026,2026-05-25,2026-09-07,60,108,15,50,54,5.125,0.125,222.50,2.099
2026,2026-05-25,2026-09-07,60,108,15,51,54,5.375,0.125,226.00,2.132
2026,2026-05-25,2026-09-07,60,108,15,52,54,5.625,0.125,229.00,2.160
2026,2026-05-25,2026-09-07,60,108,15,53,54,5.875,0.125,223.00,2.104
2026,2026-05-25,2026-09-07,60,108,15,54,54,6.125,0.125,221.25,2.087
2026,2026-05-25,2026-09-07,60,108,15,55,54,6.375,0.125,218.50,2.061
2026,2026-05-25,2026-09-07,60,108,15,56,54,6.625,0.125,217.00,2.047
2026,2026-05-25,2026-09-07,60,108,15,57,54,6.875,0.125,219.50,2.071
2026,2026-05-25,2026-09-07,60,108,15,58,54,7.125,0.125,222.75,2.101
2026,2026-05-25,2026-09-07,60,108,15,59,54,7.375,0.125,225.25,2.125
2026,2026-05-25,2026-09-07,60,108,15,0,55,-7.375,0.375,214.25,2.021
2026,2026-05-25,2026-09-07,60,108,15,1,55,-7.125,0.375,218.25,2.059
2026,2026-05-25,2026-09-07,60,108,15,2,55,-6.875,0.375,221.50,2.090
2026,2026-05-25,2026-09-07,60,108,15,3,55,-6.625,0.375,224.25,2.116
2026,2026-05-25,2026-09-07,60,108,15,4,55,-6.375,0.375,224.25,2.116
2026,2026-05-25,2026-09-07,60,108,15,5,55,-6.125,0.375,220.50,2.080
2026,2026-05-25,2026-09-07,60,108,15,6,55,-5.875,0.375,216.50,2.042
2026,2026-05-25,2026-09-07,60,108,15,7,55,-5.625,0.375,219.50,2.071
2026,2026-05-25,2026-09-07,60,108,15,8,55,-5.375,0.375,222.25,2.097
2026,2026-05-25,2026-09-07,60,108,15,9,55,-5.125,0.375,225.75,2.130
2026,2026-05-25,2026-09-07,60,108,15,10,55,-4.875,0.375,226.75,2.139
2026,2026-05-25,2026-09-07,60,108,15,11,55,-4.625,0.375,225.75,2.130
2026,2026-05-25,2026-09-07,60,108,15,12,55,-4.375,0.375,224.00,2.113
2026,2026-05-25,2026-09-07,60,108,15,13,55,-4.125,0.375,223.75,2.111
2026,2026-05-25,2026-09-07,60,108,15,14,55,-3.875,0.375,226.50,2.137
2026,2026-05-25,2026-09-07,60,108,15,15,55,-3.625,0.375,227.25,2.144
2026,2026-05-25,2026-09-07,60,108,15,16,55,-3.375,0.375,228.50,2.156
2026,2026-05-25,2026-09-07,60,108,15,17,55,-3.125,0.375,228.75,2.158
2026,2026-05-25,2026-09-07,60,108,15,18,55,-2.875,0.375,227.25,2.144
2026,2026-05-25,2026-09-07,60,108,15,19,55,-2.625,0.375,225.00,2.123
2026,2026-05-25,2026-09-07,60,108,15,20,55,-2.375,0.375,226.75,2.139
2026,2026-05-25,2026-09-07,60,108,15,21,55,-2.125,0.375,230.50,2.175
2026,2026-05-25,2026-09-07,60,108,15,22,55,-1.875,0.375,228.75,2.158
2026,2026-05-25,2026-09-07,60,108,15,23,55,-1.625,0.375,231.25,2.182
2026,2026-05-25,2026-09-07,60,108,15,24,55,-1.375,0.375,230.25,2.172
2026,2026-05-25,2026-09-07,60,108,15,25,55,-1.125,0.375,228.25,2.153
2026,2026-05-25,2026-09-07,60,108,15,26,55,-0.875,0.375,225.75,2.130
2026,2026-05-25,2026-09-07,60,108,15,27,55,-0.625,0.375,227.25,2.144
2026,2026-05-25,2026-09-07,60,108,15,28,55,-0.375,0.375,230.50,2.175
2026,2026-05-25,2026-09-07,60,108,15,29,55,-0.125,0.375,229.75,2.167
2026,2026-05-25,2026-09-07,60,108,15,30,55,0.125,0.375,231.75,2.186
2026,2026-05-25,2026-09-07,60,108,15,31,55,0.375,0.375,231.50,2.184
2026,2026-05-25,2026-09-07,60,108,15,32,55,0.625,0.375,229.00,2.160
2026,2026-05-25,2026-09-07,60,108,15,33,55,0.875,0.375,226.25,2.134
2026,2026-05-25,2026-09-07,60,108,15,34,55,1.125,0.375,226.75,2.139
2026,2026-05-25,2026-09-07,60,108,15,35,55,1.375,0.375,229.25,2.163
2026,2026-05-25,2026-09-07,60,108,15,36,55,1.625,0.375,227.50,2.146
2026,2026-05-25,2026-09-07,60,108,15,37,55,1.875,0.375,232.00,2.189
2026,2026-05-25,2026-09-07,60,108,15,38,55,2.125,0.375,230.25,2.172
2026,2026-05-25,2026-09-07,60,108,15,39,55,2.375,0.375,229.25,2.163
2026,2026-05-25,2026-09-07,60,108,15,40,55,2.625,0.375,226.00,2.132
2026,2026-05-25,2026-09-07,60,108,15,41,55,2.875,0.375,223.50,2.108
2026,2026-05-25,2026-09-07,60,108,15,42,55,3.125,0.375,227.25,2.144
2026,2026-05-25,2026-09-07,60,108,15,43,55,3.375,0.375,225.00,2.123
2026,2026-05-25,2026-09-07,60,108,15,44,55,3.625,0.375,228.25,2.153
2026,2026-05-25,2026-09-07,60,108,15,45,55,3.875,0.375,228.00,2.151
2026,2026-05-25,2026-09-07,60,108,15,46,55,4.125,0.375,226.50,2.137
2026,2026-05-25,2026-09-07,60,108,15,47,55,4.375,0.375,224.25,2.116
2026,2026-05-25,2026-09-07,60,108,15,48,55,4.625,0.375,221.50,2.090
2026,2026-05-25,2026-09-07,60,108,15,49,55,4.875,0.375,224.00,2.113
2026,2026-05-25,2026-09-07,60,108,15,50,55,5.125,0.375,222.50,2.099
2026,2026-05-25,2026-09-07,60,108,15,51,55,5.375,0.375,225.00,2.123
2026,2026-05-25,2026-09-07,60,108,15,52,55,5.625,0.375,228.00,2.151
2026,2026-05-25,2026-09-07,60,108,15,53,55,5.875,0.375,221.75,2.092
2026,2026-05-25,2026-09-07,60,108,15,54,55,6.125,0.375,220.25,2.078
2026,2026-05-25,2026-09-07,60,108,15,55,55,6.375,0.375,217.75,2.054
2026,2026-05-25,2026-09-07,60,108,15,56,55,6.625,0.375,216.25,2.040
2026,2026-05-25,2026-09-07,60,108,15,57,55,6.875,0.375,219.50,2.071
2026,2026-05-25,2026-09-07,60,108,15,58,55,7.125,0.375,222.75,2.101
2026,2026-05-25,2026-09-07,60,108,15,59,55,7.375,0.375,225.00,2.123
2026,2026-05-25,2026-09-07,60,108,15,0,56,-7.375,0.625,213.75,2.017
2026,2026-05-25,2026-09-07,60,108,15,1,56,-7.125,0.625,218.00,2.057
2026,2026-05-25,2026-09-07,60,108,15,2,56,-6.875,0.625,220.75,2.083
2026,2026-05-25,2026-09-07,60,108,15,3,56,-6.625,0.625,224.00,2.113
2026,2026-05-25,2026-09-07,60,108,15,4,56,-6.375,0.625,223.50,2.108
2026,2026-05-25,2026-09-07,60,108,15,5,56,-6.125,0.625,219.75,2.073
2026,2026-05-25,2026-09-07,60,108,15,6,56,-5.875,0.625,216.00,2.038
2026,2026-05-25,2026-09-07,60,108,15,7,56,-5.625,0.625,218.50,2.061
2026,2026-05-25,2026-09-07,60,108,15,8,56,-5.375,0.625,221.00,2.085
2026,2026-05-25,2026-09-07,60,108,15,9,56,-5.125,0.625,225.00,2.123
2026,2026-05-25,2026-09-07,60,108,15,10,56,-4.875,0.625,226.50,2.137
2026,2026-05-25,2026-09-07,60,108,15,11,56,-4.625,0.625,225.50,2.127
2026,2026-05-25,2026-09-07,60,108,15,12,56,-4.375,0.625,223.50,2.108
2026,2026-05-25,2026-09-07,60,108,15,13,56,-4.125,0.625,222.75,2.101
2026,2026-05-25,2026-09-07,60,108,15,14,56,-3.875,0.625,225.50,2.127
2026,2026-05-25,2026-09-07,60,108,15,15,56,-3.625,0.625,223.00,2.104
2026,2026-05-25,2026-09-07,60,108,15,16,56,-3.375,0.625,228.00,2.151
2026,2026-05-25,2026-09-07,60,108,15,17,56,-3.125,0.625,228.50,2.156
2026,2026-05-25,2026-09-07,60,108,15,18,56,-2.875,0.625,227.00,2.142
2026,2026-05-25,2026-09-07,60,108,15,19,56,-2.625,0.625,224.75,2.120
2026,2026-05-25,2026-09-07,60,108,15,20,56,-2.375,0.625,226.25,2.134
2026,2026-05-25,2026-09-07,60,108,15,21,56,-2.125,0.625,230.00,2.170
2026,2026-05-25,2026-09-07,60,108,15,22,56,-1.875,0.625,224.25,2.116
2026,2026-05-25,2026-09-07,60,108,15,23,56,-1.625,0.625,230.50,2.175
2026,2026-05-25,2026-09-07,60,108,15,24,56,-1.375,0.625,230.00,2.170
2026,2026-05-25,2026-09-07,60,108,15,25,56,-1.125,0.625,227.75,2.149
2026,2026-05-25,2026-09-07,60,108,15,26,56,-0.875,0.625,225.50,2.127
2026,2026-05-25,2026-09-07,60,108,15,27,56,-0.625,0.625,227.00,2.142
2026,2026-05-25,2026-09-07,60,108,15,28,56,-0.375,0.625,230.25,2.172
2026,2026-05-25,2026-09-07,60,108,15,29,56,-0.125,0.625,227.25,2.144
2026,2026-05-25,2026-09-07,60,108,15,30,56,0.125,0.625,229.75,2.167
2026,2026-05-25,2026-09-07,60,108,15,31,56,0.375,0.625,231.00,2.179
2026,2026-05-25,2026-09-07,60,108,15,32,56,0.625,0.625,228.50,2.156
2026,2026-05-25,2026-09-07,60,108,15,33,56,0.875,0.625,225.75,2.130
2026,2026-05-25,2026-09-07,60,108,15,34,56,1.125,0.625,226.50,2.137
2026,2026-05-25,2026-09-07,60,108,15,35,56,1.375,0.625,229.00,2.160
2026,2026-05-25,2026-09-07,60,108,15,36,56,1.625,0.625,226.00,2.132
2026,2026-05-25,2026-09-07,60,108,15,37,56,1.875,0.625,230.50,2.175
2026,2026-05-25,2026-09-07,60,108,15,38,56,2.125,0.625,229.00,2.160
2026,2026-05-25,2026-09-07,60,108,15,39,56,2.375,0.625,228.50,2.156
2026,2026-05-25,2026-09-07,60,108,15,40,56,2.625,0.625,225.50,2.127
2026,2026-05-25,2026-09-07,60,108,15,41,56,2.875,0.625,223.25,2.106
2026,2026-05-25,2026-09-07,60,108,15,42,56,3.125,0.625,227.00,2.142
2026,2026-05-25,2026-09-07,60,108,15,43,56,3.375,0.625,224.75,2.120
2026,2026-05-25,2026-09-07,60,108,15,44,56,3.625,0.625,227.25,2.144
2026,2026-05-25,2026-09-07,60,108,15,45,56,3.875,0.625,226.75,2.139
2026,2026-05-25,2026-09-07,60,108,15,46,56,4.125,0.625,225.25,2.125
2026,2026-05-25,2026-09-07,60,108,15,47,56,4.375,0.625,223.25,2.106
2026,2026-05-25,2026-09-07,60,108,15,48,56,4.625,0.625,221.25,2.087
2026,2026-05-25,2026-09-07,60,108,15,49,56,4.875,0.625,223.75,2.111
2026,2026-05-25,2026-09-07,60,108,15,50,56,5.125,0.625,222.25,2.097
2026,2026-05-25,2026-09-07,60,108,15,51,56,5.375,0.625,225.00,2.123
2026,2026-05-25,2026-09-07,60,108,15,52,56,5.625,0.625,227.00,2.142
2026,2026-05-25,2026-09-07,60,108,15,53,56,5.875,0.625,221.00,2.085
2026,2026-05-25,2026-09-07,60,108,15,54,56,6.125,0.625,219.25,2.068
2026,2026-05-25,2026-09-07,60,108,15,55,56,6.375,0.625,216.75,2.045
2026,2026-05-25,2026-09-07,60,108,15,56,56,6.625,0.625,215.25,2.031
2026,2026-05-25,2026-09-07,60,108,15,57,56,6.875,0.625,219.25,2.068
2026,2026-05-25,2026-09-07,60,108,15,58,56,7.125,0.625,222.75,2.101
2026,2026-05-25,2026-09-07,60,108,15,59,56,7.375,0.625,225.00,2.123
2026,2026-05-25,2026-09-07,60,108,15,0,57,-7.375,0.875,213.50,2.014
2026,2026-05-25,2026-09-07,60,108,15,1,57,-7.125,0.875,217.50,2.052
2026,2026-05-25,2026-09-07,60,108,15,2,57,-6.875,0.875,220.50,2.080
2026,2026-05-25,2026-09-07,60,108,15,3,57,-6.625,0.875,223.50,2.108
2026,2026-05-25,2026-09-07,60,108,15,4,57,-6.375,0.875,223.00,2.104
2026,2026-05-25,2026-09-07,60,108,15,5,57,-6.125,0.875,219.00,2.066
2026,2026-05-25,2026-09-07,60,108,15,6,57,-5.875,0.875,215.25,2.031
2026,2026-05-25,2026-09-07,60,108,15,7,57,-5.625,0.875,218.00,2.057
2026,2026-05-25,2026-09-07,60,108,15,8,57,-5.375,0.875,220.25,2.078
2026,2026-05-25,2026-09-07,60,108,15,9,57,-5.125,0.875,224.25,2.116
2026,2026-05-25,2026-09-07,60,108,15,10,57,-4.875,0.875,226.25,2.134
2026,2026-05-25,2026-09-07,60,108,15,11,57,-4.625,0.875,225.25,2.125
2026,2026-05-25,2026-09-07,60,108,15,12,57,-4.375,0.875,223.25,2.106
2026,2026-05-25,2026-09-07,60,108,15,13,57,-4.125,0.875,222.25,2.097
2026,2026-05-25,2026-09-07,60,108,15,14,57,-3.875,0.875,225.00,2.123
2026,2026-05-25,2026-09-07,60,108,15,15,57,-3.625,0.875,221.25,2.087
2026,2026-05-25,2026-09-07,60,108,15,16,57,-3.375,0.875,227.75,2.149
2026,2026-05-25,2026-09-07,60,108,15,17,57,-3.125,0.875,228.25,2.153
2026,2026-05-25,2026-09-07,60,108,15,18,57,-2.875,0.875,226.50,2.137
2026,2026-05-25,2026-09-07,60,108,15,19,57,-2.625,0.875,224.25,2.116
2026,2026-05-25,2026-09-07,60,108,15,20,57,-2.375,0.875,226.00,2.132
2026,2026-05-25,2026-09-07,60,108,15,21,57,-2.125,0.875,229.75,2.167
2026,2026-05-25,2026-09-07,60,108,15,22,57,-1.875,0.875,223.50,2.108
2026,2026-05-25,2026-09-07,60,108,15,23,57,-1.625,0.875,229.50,2.165
2026,2026-05-25,2026-09-07,60,108,15,24,57,-1.375,0.875,229.50,2.165
2026,2026-05-25,2026-09-07,60,108,15,25,57,-1.125,0.875,227.50,2.146
2026,2026-05-25,2026-09-07,60,108,15,26,57,-0.875,0.875,225.00,2.123
2026,2026-05-25,2026-09-07,60,108,15,27,57,-0.625,0.875,226.75,2.139
2026,2026-05-25,2026-09-07,60,108,15,28,57,-0.375,0.875,229.75,2.167
2026,2026-05-25,2026-09-07,60,108,15,29,57,-0.125,0.875,226.75,2.139
2026,2026-05-25,2026-09-07,60,108,15,30,57,0.125,0.875,227.75,2.149
2026,2026-05-25,2026-09-07,60,108,15,31,57,0.375,0.875,230.25,2.172
2026,2026-05-25,2026-09-07,60,108,15,32,57,0.625,0.875,228.25,2.153
2026,2026-05-25,2026-09-07,60,108,15,33,57,0.875,0.875,225.50,2.127
2026,2026-05-25,2026-09-07,60,108,15,34,57,1.125,0.875,226.25,2.134
2026,2026-05-25,2026-09-07,60,108,15,35,57,1.375,0.875,228.75,2.158
2026,2026-05-25,2026-09-07,60,108,15,36,57,1.625,0.875,225.75,2.130
2026,2026-05-25,2026-09-07,60,108,15,37,57,1.875,0.875,229.00,2.160
2026,2026-05-25,2026-09-07,60,108,15,38,57,2.125,0.875,227.50,2.146
2026,2026-05-25,2026-09-07,60,108,15,39,57,2.375,0.875,227.25,2.144
2026,2026-05-25,2026-09-07,60,108,15,40,57,2.625,0.875,225.25,2.125
2026,2026-05-25,2026-09-07,60,108,15,41,57,2.875,0.875,223.00,2.104
2026,2026-05-25,2026-09-07,60,108,15,42,57,3.125,0.875,226.75,2.139
2026,2026-05-25,2026-09-07,60,108,15,43,57,3.375,0.875,224.50,2.118
2026,2026-05-25,2026-09-07,60,108,15,44,57,3.625,0.875,226.50,2.137
2026,2026-05-25,2026-09-07,60,108,15,45,57,3.875,0.875,225.25,2.125
2026,2026-05-25,2026-09-07,60,108,15,46,57,4.125,0.875,224.00,2.113
2026,2026-05-25,2026-09-07,60,108,15,47,57,4.375,0.875,222.00,2.094
2026,2026-05-25,2026-09-07,60,108,15,48,57,4.625,0.875,220.50,2.080
2026,2026-05-25,2026-09-07,60,108,15,49,57,4.875,0.875,223.50,2.108
2026,2026-05-25,2026-09-07,60,108,15,50,57,5.125,0.875,222.00,2.094
2026,2026-05-25,2026-09-07,60,108,15,51,57,5.375,0.875,225.00,2.123
2026,2026-05-25,2026-09-07,60,108,15,52,57,5.625,0.875,226.75,2.139
2026,2026-05-25,2026-09-07,60,108,15,53,57,5.875,0.875,219.75,2.073
2026,2026-05-25,2026-09-07,60,108,15,54,57,6.125,0.875,218.50,2.061
2026,2026-05-25,2026-09-07,60,108,15,55,57,6.375,0.875,216.00,2.038
2026,2026-05-25,2026-09-07,60,108,15,56,57,6.625,0.875,214.50,2.024
2026,2026-05-25,2026-09-07,60,108,15,57,57,6.875,0.875,218.50,2.061
2026,2026-05-25,2026-09-07,60,108,15,58,57,7.125,0.875,222.75,2.101
2026,2026-05-25,2026-09-07,60,108,15,59,57,7.375,0.875,225.00,2.123
2026,2026-05-25,2026-09-07,60,108,15,0,58,-7.375,1.125,213.25,2.012
2026,2026-05-25,2026-09-07,60,108,15,1,58,-7.125,1.125,217.25,2.050
2026,2026-05-25,2026-09-07,60,108,15,2,58,-6.875,1.125,220.00,2.075
2026,2026-05-25,2026-09-07,60,108,15,3,58,-6.625,1.125,223.25,2.106
2026,2026-05-25,2026-09-07,60,108,15,4,58,-6.375,1.125,222.25,2.097
2026,2026-05-25,2026-09-07,60,108,15,5,58,-6.125,1.125,218.50,2.061
2026,2026-05-25,2026-09-07,60,108,15,6,58,-5.875,1.125,214.50,2.024
2026,2026-05-25,2026-09-07,60,108,15,7,58,-5.625,1.125,217.50,2.052
2026,2026-05-25,2026-09-07,60,108,15,8,58,-5.375,1.125,219.50,2.071
2026,2026-05-25,2026-09-07,60,108,15,9,58,-5.125,1.125,223.50,2.108
2026,2026-05-25,2026-09-07,60,108,15,10,58,-4.875,1.125,225.75,2.130
2026,2026-05-25,2026-09-07,60,108,15,11,58,-4.625,1.125,224.75,2.120
2026,2026-05-25,2026-09-07,60,108,15,12,58,-4.375,1.125,223.00,2.104
2026,2026-05-25,2026-09-07,60,108,15,13,58,-4.125,1.125,221.50,2.090
2026,2026-05-25,2026-09-07,60,108,15,14,58,-3.875,1.125,224.25,2.116
2026,2026-05-25,2026-09-07,60,108,15,15,58,-3.625,1.125,220.75,2.083
2026,2026-05-25,2026-09-07,60,108,15,16,58,-3.375,1.125,227.00,2.142
2026,2026-05-25,2026-09-07,60,108,15,17,58,-3.125,1.125,227.75,2.149
2026,2026-05-25,2026-09-07,60,108,15,18,58,-2.875,1.125,226.25,2.134
2026,2026-05-25,2026-09-07,60,108,15,19,58,-2.625,1.125,224.00,2.113
2026,2026-05-25,2026-09-07,60,108,15,20,58,-2.375,1.125,225.75,2.130
2026,2026-05-25,2026-09-07,60,108,15,21,58,-2.125,1.125,229.00,2.160
2026,2026-05-25,2026-09-07,60,108,15,22,58,-1.875,1.125,222.75,2.101
2026,2026-05-25,2026-09-07,60,108,15,23,58,-1.625,1.125,226.75,2.139
2026,2026-05-25,2026-09-07,60,108,15,24,58,-1.375,1.125,229.25,2.163
2026,2026-05-25,2026-09-07,60,108,15,25,58,-1.125,1.125,227.25,2.144
2026,2026-05-25,2026-09-07,60,108,15,26,58,-0.875,1.125,224.75,2.120
2026,2026-05-25,2026-09-07,60,108,15,27,58,-0.625,1.125,226.50,2.137
2026,2026-05-25,2026-09-07,60,108,15,28,58,-0.375,1.125,229.50,2.165
2026,2026-05-25,2026-09-07,60,108,15,29,58,-0.125,1.125,226.25,2.134
2026,2026-05-25,2026-09-07,60,108,15,30,58,0.125,1.125,225.50,2.127
2026,2026-05-25,2026-09-07,60,108,15,31,58,0.375,1.125,228.75,2.158
2026,2026-05-25,2026-09-07,60,108,15,32,58,0.625,1.125,228.00,2.151
2026,2026-05-25,2026-09-07,60,108,15,33,58,0.875,1.125,225.25,2.125
2026,2026-05-25,2026-09-07,60,108,15,34,58,1.125,1.125,226.00,2.132
2026,2026-05-25,2026-09-07,60,108,15,35,58,1.375,1.125,228.50,2.156
2026,2026-05-25,2026-09-07,60,108,15,36,58,1.625,1.125,225.50,2.127
2026,2026-05-25,2026-09-07,60,108,15,37,58,1.875,1.125,228.00,2.151
2026,2026-05-25,2026-09-07,60,108,15,38,58,2.125,1.125,226.00,2.132
2026,2026-05-25,2026-09-07,60,108,15,39,58,2.375,1.125,226.00,2.132
2026,2026-05-25,2026-09-07,60,108,15,40,58,2.625,1.125,225.00,2.123
2026,2026-05-25,2026-09-07,60,108,15,41,58,2.875,1.125,222.75,2.101
2026,2026-05-25,2026-09-07,60,108,15,42,58,3.125,1.125,226.50,2.137
2026,2026-05-25,2026-09-07,60,108,15,43,58,3.375,1.125,224.25,2.116
2026,2026-05-25,2026-09-07,60,108,15,44,58,3.625,1.125,226.50,2.137
2026,2026-05-25,2026-09-07,60,108,15,45,58,3.875,1.125,224.00,2.113
2026,2026-05-25,2026-09-07,60,108,15,46,58,4.125,1.125,222.75,2.101
2026,2026-05-25,2026-09-07,60,108,15,47,58,4.375,1.125,221.00,2.085
2026,2026-05-25,2026-09-07,60,108,15,48,58,4.625,1.125,219.50,2.071
2026,2026-05-25,2026-09-07,60,108,15,49,58,4.875,1.125,223.25,2.106
2026,2026-05-25,2026-09-07,60,108,15,50,58,5.125,1.125,222.00,2.094
2026,2026-05-25,2026-09-07,60,108,15,51,58,5.375,1.125,225.00,2.123
2026,2026-05-25,2026-09-07,60,108,15,52,58,5.625,1.125,226.75,2.139
2026,2026-05-25,2026-09-07,60,108,15,53,58,5.875,1.125,219.00,2.066
2026,2026-05-25,2026-09-07,60,108,15,54,58,6.125,1.125,217.25,2.050
2026,2026-05-25,2026-09-07,60,108,15,55,58,6.375,1.125,214.75,2.026
2026,2026-05-25,2026-09-07,60,108,15,56,58,6.625,1.125,213.50,2.014
2026,2026-05-25,2026-09-07,60,108,15,57,58,6.875,1.125,217.75,2.054
2026,2026-05-25,2026-09-07,60,108,15,58,58,7.125,1.125,222.25,2.097
2026,2026-05-25,2026-09-07,60,108,15,59,58,7.375,1.125,225.00,2.123
2026,2026-05-25,2026-09-07,60,108,15,0,59,-7.375,1.375,212.75,2.007
2026,2026-05-25,2026-09-07,60,108,15,1,59,-7.125,1.375,216.75,2.045
2026,2026-05-25,2026-09-07,60,108,15,2,59,-6.875,1.375,219.50,2.071
2026,2026-05-25,2026-09-07,60,108,15,3,59,-6.625,1.375,223.00,2.104
2026,2026-05-25,2026-09-07,60,108,15,4,59,-6.375,1.375,221.50,2.090
2026,2026-05-25,2026-09-07,60,108,15,5,59,-6.125,1.375,217.50,2.052
2026,2026-05-25,2026-09-07,60,108,15,6,59,-5.875,1.375,214.25,2.021
2026,2026-05-25,2026-09-07,60,108,15,7,59,-5.625,1.375,217.25,2.050
2026,2026-05-25,2026-09-07,60,108,15,8,59,-5.375,1.375,218.50,2.061
2026,2026-05-25,2026-09-07,60,108,15,9,59,-5.125,1.375,222.75,2.101
2026,2026-05-25,2026-09-07,60,108,15,10,59,-4.875,1.375,225.50,2.127
2026,2026-05-25,2026-09-07,60,108,15,11,59,-4.625,1.375,224.50,2.118
2026,2026-05-25,2026-09-07,60,108,15,12,59,-4.375,1.375,222.50,2.099
2026,2026-05-25,2026-09-07,60,108,15,13,59,-4.125,1.375,220.75,2.083
2026,2026-05-25,2026-09-07,60,108,15,14,59,-3.875,1.375,223.75,2.111
2026,2026-05-25,2026-09-07,60,108,15,15,59,-3.625,1.375,220.50,2.080
2026,2026-05-25,2026-09-07,60,108,15,16,59,-3.375,1.375,225.00,2.123
2026,2026-05-25,2026-09-07,60,108,15,17,59,-3.125,1.375,227.50,2.146
2026,2026-05-25,2026-09-07,60,108,15,18,59,-2.875,1.375,226.00,2.132
2026,2026-05-25,2026-09-07,60,108,15,19,59,-2.625,1.375,223.75,2.111
2026,2026-05-25,2026-09-07,60,108,15,20,59,-2.375,1.375,225.50,2.127
2026,2026-05-25,2026-09-07,60,108,15,21,59,-2.125,1.375,228.25,2.153
2026,2026-05-25,2026-09-07,60,108,15,22,59,-1.875,1.375,222.50,2.099
2026,2026-05-25,2026-09-07,60,108,15,23,59,-1.625,1.375,223.00,2.104
2026,2026-05-25,2026-09-07,60,108,15,24,59,-1.375,1.375,229.00,2.160
2026,2026-05-25,2026-09-07,60,108,15,25,59,-1.125,1.375,226.75,2.139
2026,2026-05-25,2026-09-07,60,108,15,26,59,-0.875,1.375,224.50,2.118
2026,2026-05-25,2026-09-07,60,108,15,27,59,-0.625,1.375,226.00,2.132
2026,2026-05-25,2026-09-07,60,108,15,28,59,-0.375,1.375,229.25,2.163
2026,2026-05-25,2026-09-07,60,108,15,29,59,-0.125,1.375,226.00,2.132
2026,2026-05-25,2026-09-07,60,108,15,30,59,0.125,1.375,224.25,2.116
2026,2026-05-25,2026-09-07,60,108,15,31,59,0.375,1.375,227.25,2.144
2026,2026-05-25,2026-09-07,60,108,15,32,59,0.625,1.375,227.75,2.149
2026,2026-05-25,2026-09-07,60,108,15,33,59,0.875,1.375,225.00,2.123
2026,2026-05-25,2026-09-07,60,108,15,34,59,1.125,1.375,225.75,2.130
2026,2026-05-25,2026-09-07,60,108,15,35,59,1.375,1.375,228.25,2.153
2026,2026-05-25,2026-09-07,60,108,15,36,59,1.625,1.375,225.25,2.125
2026,2026-05-25,2026-09-07,60,108,15,37,59,1.875,1.375,228.00,2.151
2026,2026-05-25,2026-09-07,60,108,15,38,59,2.125,1.375,224.25,2.116
2026,2026-05-25,2026-09-07,60,108,15,39,59,2.375,1.375,224.75,2.120
2026,2026-05-25,2026-09-07,60,108,15,40,59,2.625,1.375,223.75,2.111
2026,2026-05-25,2026-09-07,60,108,15,41,59,2.875,1.375,222.50,2.099
2026,2026-05-25,2026-09-07,60,108,15,42,59,3.125,1.375,226.25,2.134
2026,2026-05-25,2026-09-07,60,108,15,43,59,3.375,1.375,224.00,2.113
2026,2026-05-25,2026-09-07,60,108,15,44,59,3.625,1.375,226.50,2.137
2026,2026-05-25,2026-09-07,60,108,15,45,59,3.875,1.375,223.75,2.111
2026,2026-05-25,2026-09-07,60,108,15,46,59,4.125,1.375,221.50,2.090
2026,2026-05-25,2026-09-07,60,108,15,47,59,4.375,1.375,219.75,2.073
2026,2026-05-25,2026-09-07,60,108,15,48,59,4.625,1.375,218.25,2.059
2026,2026-05-25,2026-09-07,60,108,15,49,59,4.875,1.375,222.75,2.101
2026,2026-05-25,2026-09-07,60,108,15,50,59,5.125,1.375,222.00,2.094
2026,2026-05-25,2026-09-07,60,108,15,51,59,5.375,1.375,225.00,2.123
2026,2026-05-25,2026-09-07,60,108,15,52,59,5.625,1.375,226.75,2.139
2026,2026-05-25,2026-09-07,60,108,15,53,59,5.875,1.375,219.00,2.066
2026,2026-05-25,2026-09-07,60,108,15,54,59,6.125,1.375,216.50,2.042
2026,2026-05-25,2026-09-07,60,108,15,55,59,6.375,1.375,214.00,2.019
2026,2026-05-25,2026-09-07,60,108,15,56,59,6.625,1.375,212.50,2.005
2026,2026-05-25,2026-09-07,60,108,15,57,59,6.875,1.375,217.00,2.047
2026,2026-05-25,2026-09-07,60,108,15,58,59,7.125,1.375,221.50,2.090
2026,2026-05-25,2026-09-07,60,108,15,59,59,7.375,1.375,225.00,2.123
2026,2026-05-25,2026-09-07,60,108,15,0,60,-7.375,1.625,212.50,2.005
2026,2026-05-25,2026-09-07,60,108,15,1,60,-7.125,1.625,216.25,2.040
2026,2026-05-25,2026-09-07,60,108,15,2,60,-6.875,1.625,219.25,2.068
2026,2026-05-25,2026-09-07,60,108,15,3,60,-6.625,1.625,222.25,2.097
2026,2026-05-25,2026-09-07,60,108,15,4,60,-6.375,1.625,221.00,2.085
2026,2026-05-25,2026-09-07,60,108,15,5,60,-6.125,1.625,217.25,2.050
2026,2026-05-25,2026-09-07,60,108,15,6,60,-5.875,1.625,213.75,2.017
2026,2026-05-25,2026-09-07,60,108,15,7,60,-5.625,1.625,217.00,2.047
2026,2026-05-25,2026-09-07,60,108,15,8,60,-5.375,1.625,218.00,2.057
2026,2026-05-25,2026-09-07,60,108,15,9,60,-5.125,1.625,221.75,2.092
2026,2026-05-25,2026-09-07,60,108,15,10,60,-4.875,1.625,225.25,2.125
2026,2026-05-25,2026-09-07,60,108,15,11,60,-4.625,1.625,224.25,2.116
2026,2026-05-25,2026-09-07,60,108,15,12,60,-4.375,1.625,222.25,2.097
2026,2026-05-25,2026-09-07,60,108,15,13,60,-4.125,1.625,220.25,2.078
2026,2026-05-25,2026-09-07,60,108,15,14,60,-3.875,1.625,223.50,2.108
2026,2026-05-25,2026-09-07,60,108,15,15,60,-3.625,1.625,220.25,2.078
2026,2026-05-25,2026-09-07,60,108,15,16,60,-3.375,1.625,222.50,2.099
2026,2026-05-25,2026-09-07,60,108,15,17,60,-3.125,1.625,227.25,2.144
2026,2026-05-25,2026-09-07,60,108,15,18,60,-2.875,1.625,225.75,2.130
2026,2026-05-25,2026-09-07,60,108,15,19,60,-2.625,1.625,223.25,2.106
2026,2026-05-25,2026-09-07,60,108,15,20,60,-2.375,1.625,225.00,2.123
2026,2026-05-25,2026-09-07,60,108,15,21,60,-2.125,1.625,227.75,2.149
2026,2026-05-25,2026-09-07,60,108,15,22,60,-1.875,1.625,222.00,2.094
2026,2026-05-25,2026-09-07,60,108,15,23,60,-1.625,1.625,222.75,2.101
2026,2026-05-25,2026-09-07,60,108,15,24,60,-1.375,1.625,228.50,2.156
2026,2026-05-25,2026-09-07,60,108,15,25,60,-1.125,1.625,226.50,2.137
2026,2026-05-25,2026-09-07,60,108,15,26,60,-0.875,1.625,224.25,2.116
2026,2026-05-25,2026-09-07,60,108,15,27,60,-0.625,1.625,225.75,2.130
2026,2026-05-25,2026-09-07,60,108,15,28,60,-0.375,1.625,229.00,2.160
2026,2026-05-25,2026-09-07,60,108,15,29,60,-0.125,1.625,225.75,2.130
2026,2026-05-25,2026-09-07,60,108,15,30,60,0.125,1.625,224.00,2.113
2026,2026-05-25,2026-09-07,60,108,15,31,60,0.375,1.625,224.75,2.120
2026,2026-05-25,2026-09-07,60,108,15,32,60,0.625,1.625,226.50,2.137
2026,2026-05-25,2026-09-07,60,108,15,33,60,0.875,1.625,224.75,2.120
2026,2026-05-25,2026-09-07,60,108,15,34,60,1.125,1.625,225.50,2.127
2026,2026-05-25,2026-09-07,60,108,15,35,60,1.375,1.625,228.00,2.151
2026,2026-05-25,2026-09-07,60,108,15,36,60,1.625,1.625,225.00,2.123
2026,2026-05-25,2026-09-07,60,108,15,37,60,1.875,1.625,228.00,2.151
2026,2026-05-25,2026-09-07,60,108,15,38,60,2.125,1.625,223.50,2.108
2026,2026-05-25,2026-09-07,60,108,15,39,60,2.375,1.625,223.25,2.106
2026,2026-05-25,2026-09-07,60,108,15,40,60,2.625,1.625,222.50,2.099
2026,2026-05-25,2026-09-07,60,108,15,41,60,2.875,1.625,222.25,2.097
2026,2026-05-25,2026-09-07,60,108,15,42,60,3.125,1.625,226.00,2.132
2026,2026-05-25,2026-09-07,60,108,15,43,60,3.375,1.625,224.00,2.113
2026,2026-05-25,2026-09-07,60,108,15,44,60,3.625,1.625,226.50,2.137
2026,2026-05-25,2026-09-07,60,108,15,45,60,3.875,1.625,223.50,2.108
2026,2026-05-25,2026-09-07,60,108,15,46,60,4.125,1.625,220.75,2.083
2026,2026-05-25,2026-09-07,60,108,15,47,60,4.375,1.625,218.75,2.064
2026,2026-05-25,2026-09-07,60,108,15,48,60,4.625,1.625,217.25,2.050
2026,2026-05-25,2026-09-07,60,108,15,49,60,4.875,1.625,221.75,2.092
2026,2026-05-25,2026-09-07,60,108,15,50,60,5.125,1.625,222.00,2.094
2026,2026-05-25,2026-09-07,60,108,15,51,60,5.375,1.625,225.00,2.123
2026,2026-05-25,2026-09-07,60,108,15,52,60,5.625,1.625,226.75,2.139
2026,2026-05-25,2026-09-07,60,108,15,53,60,5.875,1.625,218.75,2.064
2026,2026-05-25,2026-09-07,60,108,15,54,60,6.125,1.625,216.25,2.040
2026,2026-05-25,2026-09-07,60,108,15,55,60,6.375,1.625,213.00,2.009
2026,2026-05-25,2026-09-07,60,108,15,56,60,6.625,1.625,211.75,1.998
2026,2026-05-25,2026-09-07,60,108,15,57,60,6.875,1.625,216.25,2.040
2026,2026-05-25,2026-09-07,60,108,15,58,60,7.125,1.625,220.75,2.083
2026,2026-05-25,2026-09-07,60,108,15,59,60,7.375,1.625,224.50,2.118
2026,2026-05-25,2026-09-07,60,108,15,0,61,-7.375,1.875,212.25,2.002
2026,2026-05-25,2026-09-07,60,108,15,1,61,-7.125,1.875,216.00,2.038
2026,2026-05-25,2026-09-07,60,108,15,2,61,-6.875,1.875,219.00,2.066
2026,2026-05-25,2026-09-07,60,108,15,3,61,-6.625,1.875,221.50,2.090
2026,2026-05-25,2026-09-07,60,108,15,4,61,-6.375,1.875,220.25,2.078
2026,2026-05-25,2026-09-07,60,108,15,5,61,-6.125,1.875,217.00,2.047
2026,2026-05-25,2026-09-07,60,108,15,6,61,-5.875,1.875,213.50,2.014
2026,2026-05-25,2026-09-07,60,108,15,7,61,-5.625,1.875,216.50,2.042
2026,2026-05-25,2026-09-07,60,108,15,8,61,-5.375,1.875,217.75,2.054
2026,2026-05-25,2026-09-07,60,108,15,9,61,-5.125,1.875,221.25,2.087
2026,2026-05-25,2026-09-07,60,108,15,10,61,-4.875,1.875,224.75,2.120
2026,2026-05-25,2026-09-07,60,108,15,11,61,-4.625,1.875,224.00,2.113
2026,2026-05-25,2026-09-07,60,108,15,12,61,-4.375,1.875,221.75,2.092
2026,2026-05-25,2026-09-07,60,108,15,13,61,-4.125,1.875,219.75,2.073
2026,2026-05-25,2026-09-07,60,108,15,14,61,-3.875,1.875,223.00,2.104
2026,2026-05-25,2026-09-07,60,108,15,15,61,-3.625,1.875,219.75,2.073
2026,2026-05-25,2026-09-07,60,108,15,16,61,-3.375,1.875,221.00,2.085
2026,2026-05-25,2026-09-07,60,108,15,17,61,-3.125,1.875,226.75,2.139
2026,2026-05-25,2026-09-07,60,108,15,18,61,-2.875,1.875,225.25,2.125
2026,2026-05-25,2026-09-07,60,108,15,19,61,-2.625,1.875,223.00,2.104
2026,2026-05-25,2026-09-07,60,108,15,20,61,-2.375,1.875,224.75,2.120
2026,2026-05-25,2026-09-07,60,108,15,21,61,-2.125,1.875,227.25,2.144
2026,2026-05-25,2026-09-07,60,108,15,22,61,-1.875,1.875,221.75,2.092
2026,2026-05-25,2026-09-07,60,108,15,23,61,-1.625,1.875,222.50,2.099
2026,2026-05-25,2026-09-07,60,108,15,24,61,-1.375,1.875,226.25,2.134
2026,2026-05-25,2026-09-07,60,108,15,25,61,-1.125,1.875,226.25,2.134
2026,2026-05-25,2026-09-07,60,108,15,26,61,-0.875,1.875,223.75,2.111
2026,2026-05-25,2026-09-07,60,108,15,27,61,-0.625,1.875,225.50,2.127
2026,2026-05-25,2026-09-07,60,108,15,28,61,-0.375,1.875,228.50,2.156
2026,2026-05-25,2026-09-07,60,108,15,29,61,-0.125,1.875,225.50,2.127
2026,2026-05-25,2026-09-07,60,108,15,30,61,0.125,1.875,223.75,2.111
2026,2026-05-25,2026-09-07,60,108,15,31,61,0.375,1.875,223.50,2.108
2026,2026-05-25,2026-09-07,60,108,15,32,61,0.625,1.875,225.00,2.123
2026,2026-05-25,2026-09-07,60,108,15,33,61,0.875,1.875,224.25,2.116
2026,2026-05-25,2026-09-07,60,108,15,34,61,1.125,1.875,225.25,2.125
2026,2026-05-25,2026-09-07,60,108,15,35,61,1.375,1.875,227.75,2.149
2026,2026-05-25,2026-09-07,60,108,15,36,61,1.625,1.875,225.00,2.123
2026,2026-05-25,2026-09-07,60,108,15,37,61,1.875,1.875,228.00,2.151
2026,2026-05-25,2026-09-07,60,108,15,38,61,2.125,1.875,223.25,2.106
2026,2026-05-25,2026-09-07,60,108,15,39,61,2.375,1.875,221.75,2.092
2026,2026-05-25,2026-09-07,60,108,15,40,61,2.625,1.875,221.25,2.087
2026,2026-05-25,2026-09-07,60,108,15,41,61,2.875,1.875,221.50,2.090
2026,2026-05-25,2026-09-07,60,108,15,42,61,3.125,1.875,225.75,2.130
2026,2026-05-25,2026-09-07,60,108,15,43,61,3.375,1.875,224.00,2.113
2026,2026-05-25,2026-09-07,60,108,15,44,61,3.625,1.875,226.50,2.137
2026,2026-05-25,2026-09-07,60,108,15,45,61,3.875,1.875,223.25,2.106
2026,2026-05-25,2026-09-07,60,108,15,46,61,4.125,1.875,220.50,2.080
2026,2026-05-25,2026-09-07,60,108,15,47,61,4.375,1.875,217.50,2.052
2026,2026-05-25,2026-09-07,60,108,15,48,61,4.625,1.875,216.25,2.040
2026,2026-05-25,2026-09-07,60,108,15,49,61,4.875,1.875,220.50,2.080
2026,2026-05-25,2026-09-07,60,108,15,50,61,5.125,1.875,221.50,2.090
2026,2026-05-25,2026-09-07,60,108,15,51,61,5.375,1.875,225.00,2.123
2026,2026-05-25,2026-09-07,60,108,15,52,61,5.625,1.875,226.75,2.139
2026,2026-05-25,2026-09-07,60,108,15,53,61,5.875,1.875,218.75,2.064
2026,2026-05-25,2026-09-07,60,108,15,54,61,6.125,1.875,216.25,2.040
2026,2026-05-25,2026-09-07,60,108,15,55,61,6.375,1.875,212.75,2.007
2026,2026-05-25,2026-09-07,60,108,15,56,61,6.625,1.875,210.75,1.988
2026,2026-05-25,2026-09-07,60,108,15,57,61,6.875,1.875,215.25,2.031
2026,2026-05-25,2026-09-07,60,108,15,58,61,7.125,1.875,220.00,2.075
2026,2026-05-25,2026-09-07,60,108,15,59,61,7.375,1.875,223.75,2.111
2026,2026-05-25,2026-09-07,60,108,15,0,62,-7.375,2.125,211.75,1.998
2026,2026-05-25,2026-09-07,60,108,15,1,62,-7.125,2.125,215.75,2.035
2026,2026-05-25,2026-09-07,60,108,15,2,62,-6.875,2.125,218.50,2.061
2026,2026-05-25,2026-09-07,60,108,15,3,62,-6.625,2.125,221.00,2.085
2026,2026-05-25,2026-09-07,60,108,15,4,62,-6.375,2.125,220.00,2.075
2026,2026-05-25,2026-09-07,60,108,15,5,62,-6.125,2.125,216.75,2.045
2026,2026-05-25,2026-09-07,60,108,15,6,62,-5.875,2.125,213.25,2.012
2026,2026-05-25,2026-09-07,60,108,15,7,62,-5.625,2.125,216.25,2.040
2026,2026-05-25,2026-09-07,60,108,15,8,62,-5.375,2.125,217.50,2.052
2026,2026-05-25,2026-09-07,60,108,15,9,62,-5.125,2.125,220.50,2.080
2026,2026-05-25,2026-09-07,60,108,15,10,62,-4.875,2.125,224.50,2.118
2026,2026-05-25,2026-09-07,60,108,15,11,62,-4.625,2.125,223.50,2.108
2026,2026-05-25,2026-09-07,60,108,15,12,62,-4.375,2.125,221.25,2.087
2026,2026-05-25,2026-09-07,60,108,15,13,62,-4.125,2.125,219.50,2.071
2026,2026-05-25,2026-09-07,60,108,15,14,62,-3.875,2.125,222.75,2.101
2026,2026-05-25,2026-09-07,60,108,15,15,62,-3.625,2.125,219.50,2.071
2026,2026-05-25,2026-09-07,60,108,15,16,62,-3.375,2.125,220.75,2.083
2026,2026-05-25,2026-09-07,60,108,15,17,62,-3.125,2.125,226.25,2.134
2026,2026-05-25,2026-09-07,60,108,15,18,62,-2.875,2.125,225.00,2.123
2026,2026-05-25,2026-09-07,60,108,15,19,62,-2.625,2.125,222.75,2.101
2026,2026-05-25,2026-09-07,60,108,15,20,62,-2.375,2.125,224.50,2.118
2026,2026-05-25,2026-09-07,60,108,15,21,62,-2.125,2.125,227.00,2.142
2026,2026-05-25,2026-09-07,60,108,15,22,62,-1.875,2.125,221.50,2.090
2026,2026-05-25,2026-09-07,60,108,15,23,62,-1.625,2.125,222.00,2.094
2026,2026-05-25,2026-09-07,60,108,15,24,62,-1.375,2.125,223.00,2.104
2026,2026-05-25,2026-09-07,60,108,15,25,62,-1.125,2.125,226.00,2.132
2026,2026-05-25,2026-09-07,60,108,15,26,62,-0.875,2.125,223.50,2.108
2026,2026-05-25,2026-09-07,60,108,15,27,62,-0.625,2.125,225.25,2.125
2026,2026-05-25,2026-09-07,60,108,15,28,62,-0.375,2.125,228.50,2.156
2026,2026-05-25,2026-09-07,60,108,15,29,62,-0.125,2.125,225.25,2.125
2026,2026-05-25,2026-09-07,60,108,15,30,62,0.125,2.125,223.50,2.108
2026,2026-05-25,2026-09-07,60,108,15,31,62,0.375,2.125,223.25,2.106
2026,2026-05-25,2026-09-07,60,108,15,32,62,0.625,2.125,223.00,2.104
2026,2026-05-25,2026-09-07,60,108,15,33,62,0.875,2.125,224.00,2.113
2026,2026-05-25,2026-09-07,60,108,15,34,62,1.125,2.125,224.75,2.120
2026,2026-05-25,2026-09-07,60,108,15,35,62,1.375,2.125,227.25,2.144
2026,2026-05-25,2026-09-07,60,108,15,36,62,1.625,2.125,225.00,2.123
2026,2026-05-25,2026-09-07,60,108,15,37,62,1.875,2.125,228.00,2.151
2026,2026-05-25,2026-09-07,60,108,15,38,62,2.125,2.125,223.00,2.104
2026,2026-05-25,2026-09-07,60,108,15,39,62,2.375,2.125,221.25,2.087
2026,2026-05-25,2026-09-07,60,108,15,40,62,2.625,2.125,219.75,2.073
2026,2026-05-25,2026-09-07,60,108,15,41,62,2.875,2.125,220.25,2.078
2026,2026-05-25,2026-09-07,60,108,15,42,62,3.125,2.125,225.50,2.127
2026,2026-05-25,2026-09-07,60,108,15,43,62,3.375,2.125,224.00,2.113
2026,2026-05-25,2026-09-07,60,108,15,44,62,3.625,2.125,226.50,2.137
2026,2026-05-25,2026-09-07,60,108,15,45,62,3.875,2.125,223.00,2.104
2026,2026-05-25,2026-09-07,60,108,15,46,62,4.125,2.125,220.25,2.078
2026,2026-05-25,2026-09-07,60,108,15,47,62,4.375,2.125,217.25,2.050
2026,2026-05-25,2026-09-07,60,108,15,48,62,4.625,2.125,215.00,2.028
2026,2026-05-25,2026-09-07,60,108,15,49,62,4.875,2.125,219.50,2.071
2026,2026-05-25,2026-09-07,60,108,15,50,62,5.125,2.125,220.75,2.083
2026,2026-05-25,2026-09-07,60,108,15,51,62,5.375,2.125,225.00,2.123
2026,2026-05-25,2026-09-07,60,108,15,52,62,5.625,2.125,226.75,2.139
2026,2026-05-25,2026-09-07,60,108,15,53,62,5.875,2.125,218.50,2.061
2026,2026-05-25,2026-09-07,60,108,15,54,62,6.125,2.125,216.00,2.038
2026,2026-05-25,2026-09-07,60,108,15,55,62,6.375,2.125,212.75,2.007
2026,2026-05-25,2026-09-07,60,108,15,56,62,6.625,2.125,210.25,1.983
2026,2026-05-25,2026-09-07,60,108,15,57,62,6.875,2.125,214.50,2.024
2026,2026-05-25,2026-09-07,60,108,15,58,62,7.125,2.125,219.25,2.068
2026,2026-05-25,2026-09-07,60,108,15,59,62,7.375,2.125,223.00,2.104
2026,2026-05-25,2026-09-07,60,108,15,0,63,-7.375,2.375,211.50,1.995
2026,2026-05-25,2026-09-07,60,108,15,1,63,-7.125,2.375,215.50,2.033
2026,2026-05-25,2026-09-07,60,108,15,2,63,-6.875,2.375,218.00,2.057
2026,2026-05-25,2026-09-07,60,108,15,3,63,-6.625,2.375,220.75,2.083
2026,2026-05-25,2026-09-07,60,108,15,4,63,-6.375,2.375,219.75,2.073
2026,2026-05-25,2026-09-07,60,108,15,5,63,-6.125,2.375,216.25,2.040
2026,2026-05-25,2026-09-07,60,108,15,6,63,-5.875,2.375,213.00,2.009
2026,2026-05-25,2026-09-07,60,108,15,7,63,-5.625,2.375,216.00,2.038
2026,2026-05-25,2026-09-07,60,108,15,8,63,-5.375,2.375,217.00,2.047
2026,2026-05-25,2026-09-07,60,108,15,9,63,-5.125,2.375,219.75,2.073
2026,2026-05-25,2026-09-07,60,108,15,10,63,-4.875,2.375,223.75,2.111
2026,2026-05-25,2026-09-07,60,108,15,11,63,-4.625,2.375,223.25,2.106
2026,2026-05-25,2026-09-07,60,108,15,12,63,-4.375,2.375,221.00,2.085
2026,2026-05-25,2026-09-07,60,108,15,13,63,-4.125,2.375,219.25,2.068
2026,2026-05-25,2026-09-07,60,108,15,14,63,-3.875,2.375,222.50,2.099
2026,2026-05-25,2026-09-07,60,108,15,15,63,-3.625,2.375,219.25,2.068
2026,2026-05-25,2026-09-07,60,108,15,16,63,-3.375,2.375,220.50,2.080
2026,2026-05-25,2026-09-07,60,108,15,17,63,-3.125,2.375,224.50,2.118
2026,2026-05-25,2026-09-07,60,108,15,18,63,-2.875,2.375,224.75,2.120
2026,2026-05-25,2026-09-07,60,108,15,19,63,-2.625,2.375,222.50,2.099
2026,2026-05-25,2026-09-07,60,108,15,20,63,-2.375,2.375,224.50,2.118
2026,2026-05-25,2026-09-07,60,108,15,21,63,-2.125,2.375,226.75,2.139
2026,2026-05-25,2026-09-07,60,108,15,22,63,-1.875,2.375,221.25,2.087
2026,2026-05-25,2026-09-07,60,108,15,23,63,-1.625,2.375,221.75,2.092
2026,2026-05-25,2026-09-07,60,108,15,24,63,-1.375,2.375,222.75,2.101
2026,2026-05-25,2026-09-07,60,108,15,25,63,-1.125,2.375,225.75,2.130
2026,2026-05-25,2026-09-07,60,108,15,26,63,-0.875,2.375,223.25,2.106
2026,2026-05-25,2026-09-07,60,108,15,27,63,-0.625,2.375,225.00,2.123
2026,2026-05-25,2026-09-07,60,108,15,28,63,-0.375,2.375,228.50,2.156
2026,2026-05-25,2026-09-07,60,108,15,29,63,-0.125,2.375,224.75,2.120
2026,2026-05-25,2026-09-07,60,108,15,30,63,0.125,2.375,223.25,2.106
2026,2026-05-25,2026-09-07,60,108,15,31,63,0.375,2.375,223.00,2.104
2026,2026-05-25,2026-09-07,60,108,15,32,63,0.625,2.375,221.25,2.087
2026,2026-05-25,2026-09-07,60,108,15,33,63,0.875,2.375,222.50,2.099
2026,2026-05-25,2026-09-07,60,108,15,34,63,1.125,2.375,224.50,2.118
2026,2026-05-25,2026-09-07,60,108,15,35,63,1.375,2.375,227.25,2.144
2026,2026-05-25,2026-09-07,60,108,15,36,63,1.625,2.375,225.00,2.123
2026,2026-05-25,2026-09-07,60,108,15,37,63,1.875,2.375,228.00,2.151
2026,2026-05-25,2026-09-07,60,108,15,38,63,2.125,2.375,222.75,2.101
2026,2026-05-25,2026-09-07,60,108,15,39,63,2.375,2.375,221.00,2.085
2026,2026-05-25,2026-09-07,60,108,15,40,63,2.625,2.375,218.25,2.059
2026,2026-05-25,2026-09-07,60,108,15,41,63,2.875,2.375,218.75,2.064
2026,2026-05-25,2026-09-07,60,108,15,42,63,3.125,2.375,225.25,2.125
2026,2026-05-25,2026-09-07,60,108,15,43,63,3.375,2.375,224.00,2.113
2026,2026-05-25,2026-09-07,60,108,15,44,63,3.625,2.375,226.50,2.137
2026,2026-05-25,2026-09-07,60,108,15,45,63,3.875,2.375,222.75,2.101
2026,2026-05-25,2026-09-07,60,108,15,46,63,4.125,2.375,220.25,2.078
2026,2026-05-25,2026-09-07,60,108,15,47,63,4.375,2.375,217.00,2.047
2026,2026-05-25,2026-09-07,60,108,15,48,63,4.625,2.375,214.25,2.021
2026,2026-05-25,2026-09-07,60,108,15,49,63,4.875,2.375,218.50,2.061
2026,2026-05-25,2026-09-07,60,108,15,50,63,5.125,2.375,219.75,2.073
2026,2026-05-25,2026-09-07,60,108,15,51,63,5.375,2.375,224.50,2.118
2026,2026-05-25,2026-09-07,60,108,15,52,63,5.625,2.375,226.75,2.139
2026,2026-05-25,2026-09-07,60,108,15,53,63,5.875,2.375,218.50,2.061
2026,2026-05-25,2026-09-07,60,108,15,54,63,6.125,2.375,216.00,2.038
2026,2026-05-25,2026-09-07,60,108,15,55,63,6.375,2.375,212.75,2.007
2026,2026-05-25,2026-09-07,60,108,15,56,63,6.625,2.375,210.25,1.983
2026,2026-05-25,2026-09-07,60,108,15,57,63,6.875,2.375,214.00,2.019
2026,2026-05-25,2026-09-07,60,108,15,58,63,7.125,2.375,218.50,2.061
2026,2026-05-25,2026-09-07,60,108,15,59,63,7.375,2.375,222.25,2.097
2026,2026-05-25,2026-09-07,60,108,15,0,64,-7.375,2.625,211.25,1.993
2026,2026-05-25,2026-09-07,60,108,15,1,64,-7.125,2.625,214.75,2.026
2026,2026-05-25,2026-09-07,60,108,15,2,64,-6.875,2.625,218.00,2.057
2026,2026-05-25,2026-09-07,60,108,15,3,64,-6.625,2.625,220.00,2.075
2026,2026-05-25,2026-09-07,60,108,15,4,64,-6.375,2.625,219.50,2.071
2026,2026-05-25,2026-09-07,60,108,15,5,64,-6.125,2.625,216.00,2.038
2026,2026-05-25,2026-09-07,60,108,15,6,64,-5.875,2.625,212.50,2.005
2026,2026-05-25,2026-09-07,60,108,15,7,64,-5.625,2.625,215.75,2.035
2026,2026-05-25,2026-09-07,60,108,15,8,64,-5.375,2.625,216.75,2.045
2026,2026-05-25,2026-09-07,60,108,15,9,64,-5.125,2.625,218.75,2.064
2026,2026-05-25,2026-09-07,60,108,15,10,64,-4.875,2.625,223.00,2.104
2026,2026-05-25,2026-09-07,60,108,15,11,64,-4.625,2.625,223.25,2.106
2026,2026-05-25,2026-09-07,60,108,15,12,64,-4.375,2.625,220.50,2.080
2026,2026-05-25,2026-09-07,60,108,15,13,64,-4.125,2.625,219.00,2.066
2026,2026-05-25,2026-09-07,60,108,15,14,64,-3.875,2.625,222.25,2.097
2026,2026-05-25,2026-09-07,60,108,15,15,64,-3.625,2.625,219.00,2.066
2026,2026-05-25,2026-09-07,60,108,15,16,64,-3.375,2.625,220.25,2.078
2026,2026-05-25,2026-09-07,60,108,15,17,64,-3.125,2.625,222.25,2.097
2026,2026-05-25,2026-09-07,60,108,15,18,64,-2.875,2.625,224.50,2.118
2026,2026-05-25,2026-09-07,60,108,15,19,64,-2.625,2.625,222.25,2.097
2026,2026-05-25,2026-09-07,60,108,15,20,64,-2.375,2.625,224.50,2.118
2026,2026-05-25,2026-09-07,60,108,15,21,64,-2.125,2.625,226.50,2.137
2026,2026-05-25,2026-09-07,60,108,15,22,64,-1.875,2.625,220.75,2.083
2026,2026-05-25,2026-09-07,60,108,15,23,64,-1.625,2.625,221.50,2.090
2026,2026-05-25,2026-09-07,60,108,15,24,64,-1.375,2.625,222.50,2.099
2026,2026-05-25,2026-09-07,60,108,15,25,64,-1.125,2.625,223.25,2.106
2026,2026-05-25,2026-09-07,60,108,15,26,64,-0.875,2.625,223.00,2.104
2026,2026-05-25,2026-09-07,60,108,15,27,64,-0.625,2.625,224.75,2.120
2026,2026-05-25,2026-09-07,60,108,15,28,64,-0.375,2.625,228.50,2.156
2026,2026-05-25,2026-09-07,60,108,15,29,64,-0.125,2.625,224.50,2.118
2026,2026-05-25,2026-09-07,60,108,15,30,64,0.125,2.625,222.75,2.101
2026,2026-05-25,2026-09-07,60,108,15,31,64,0.375,2.625,222.75,2.101
2026,2026-05-25,2026-09-07,60,108,15,32,64,0.625,2.625,221.00,2.085
2026,2026-05-25,2026-09-07,60,108,15,33,64,0.875,2.625,220.75,2.083
2026,2026-05-25,2026-09-07,60,108,15,34,64,1.125,2.625,224.25,2.116
2026,2026-05-25,2026-09-07,60,108,15,35,64,1.375,2.625,227.25,2.144
2026,2026-05-25,2026-09-07,60,108,15,36,64,1.625,2.625,225.00,2.123
2026,2026-05-25,2026-09-07,60,108,15,37,64,1.875,2.625,228.00,2.151
2026,2026-05-25,2026-09-07,60,108,15,38,64,2.125,2.625,222.50,2.099
2026,2026-05-25,2026-09-07,60,108,15,39,64,2.375,2.625,220.75,2.083
2026,2026-05-25,2026-09-07,60,108,15,40,64,2.625,2.625,218.00,2.057
2026,2026-05-25,2026-09-07,60,108,15,41,64,2.875,2.625,217.50,2.052
2026,2026-05-25,2026-09-07,60,108,15,42,64,3.125,2.625,224.25,2.116
2026,2026-05-25,2026-09-07,60,108,15,43,64,3.375,2.625,224.00,2.113
2026,2026-05-25,2026-09-07,60,108,15,44,64,3.625,2.625,226.50,2.137
2026,2026-05-25,2026-09-07,60,108,15,45,64,3.875,2.625,222.75,2.101
2026,2026-05-25,2026-09-07,60,108,15,46,64,4.125,2.625,220.00,2.075
2026,2026-05-25,2026-09-07,60,108,15,47,64,4.375,2.625,217.00,2.047
2026,2026-05-25,2026-09-07,60,108,15,48,64,4.625,2.625,214.25,2.021
2026,2026-05-25,2026-09-07,60,108,15,49,64,4.875,2.625,217.25,2.050
2026,2026-05-25,2026-09-07,60,108,15,50,64,5.125,2.625,218.75,2.064
2026,2026-05-25,2026-09-07,60,108,15,51,64,5.375,2.625,223.50,2.108
2026,2026-05-25,2026-09-07,60,108,15,52,64,5.625,2.625,226.75,2.139
2026,2026-05-25,2026-09-07,60,108,15,53,64,5.875,2.625,218.25,2.059
2026,2026-05-25,2026-09-07,60,108,15,54,64,6.125,2.625,216.00,2.038
2026,2026-05-25,2026-09-07,60,108,15,55,64,6.375,2.625,212.50,2.005
2026,2026-05-25,2026-09-07,60,108,15,56,64,6.625,2.625,210.25,1.983
2026,2026-05-25,2026-09-07,60,108,15,57,64,6.875,2.625,214.00,2.019
2026,2026-05-25,2026-09-07,60,108,15,58,64,7.125,2.625,217.75,2.054
2026,2026-05-25,2026-09-07,60,108,15,59,64,7.375,2.625,221.25,2.087
2026,2026-05-25,2026-09-07,60,108,15,0,65,-7.375,2.875,211.00,1.991
2026,2026-05-25,2026-09-07,60,108,15,1,65,-7.125,2.875,214.75,2.026
2026,2026-05-25,2026-09-07,60,108,15,2,65,-6.875,2.875,218.00,2.057
2026,2026-05-25,2026-09-07,60,108,15,3,65,-6.625,2.875,219.75,2.073
2026,2026-05-25,2026-09-07,60,108,15,4,65,-6.375,2.875,219.00,2.066
2026,2026-05-25,2026-09-07,60,108,15,5,65,-6.125,2.875,215.75,2.035
2026,2026-05-25,2026-09-07,60,108,15,6,65,-5.875,2.875,212.25,2.002
2026,2026-05-25,2026-09-07,60,108,15,7,65,-5.625,2.875,215.50,2.033
2026,2026-05-25,2026-09-07,60,108,15,8,65,-5.375,2.875,216.50,2.042
2026,2026-05-25,2026-09-07,60,108,15,9,65,-5.125,2.875,218.50,2.061
2026,2026-05-25,2026-09-07,60,108,15,10,65,-4.875,2.875,222.50,2.099
2026,2026-05-25,2026-09-07,60,108,15,11,65,-4.625,2.875,223.25,2.106
2026,2026-05-25,2026-09-07,60,108,15,12,65,-4.375,2.875,220.25,2.078
2026,2026-05-25,2026-09-07,60,108,15,13,65,-4.125,2.875,218.50,2.061
2026,2026-05-25,2026-09-07,60,108,15,14,65,-3.875,2.875,221.75,2.092
2026,2026-05-25,2026-09-07,60,108,15,15,65,-3.625,2.875,218.75,2.064
2026,2026-05-25,2026-09-07,60,108,15,16,65,-3.375,2.875,220.00,2.075
2026,2026-05-25,2026-09-07,60,108,15,17,65,-3.125,2.875,221.75,2.092
2026,2026-05-25,2026-09-07,60,108,15,18,65,-2.875,2.875,224.25,2.116
2026,2026-05-25,2026-09-07,60,108,15,19,65,-2.625,2.875,222.25,2.097
2026,2026-05-25,2026-09-07,60,108,15,20,65,-2.375,2.875,224.50,2.118
2026,2026-05-25,2026-09-07,60,108,15,21,65,-2.125,2.875,226.00,2.132
2026,2026-05-25,2026-09-07,60,108,15,22,65,-1.875,2.875,220.50,2.080
2026,2026-05-25,2026-09-07,60,108,15,23,65,-1.625,2.875,221.25,2.087
2026,2026-05-25,2026-09-07,60,108,15,24,65,-1.375,2.875,222.25,2.097
2026,2026-05-25,2026-09-07,60,108,15,25,65,-1.125,2.875,220.75,2.083
2026,2026-05-25,2026-09-07,60,108,15,26,65,-0.875,2.875,222.75,2.101
2026,2026-05-25,2026-09-07,60,108,15,27,65,-0.625,2.875,224.75,2.120
2026,2026-05-25,2026-09-07,60,108,15,28,65,-0.375,2.875,228.50,2.156
2026,2026-05-25,2026-09-07,60,108,15,29,65,-0.125,2.875,224.25,2.116
2026,2026-05-25,2026-09-07,60,108,15,30,65,0.125,2.875,222.50,2.099
2026,2026-05-25,2026-09-07,60,108,15,31,65,0.375,2.875,222.50,2.099
2026,2026-05-25,2026-09-07,60,108,15,32,65,0.625,2.875,220.75,2.083
2026,2026-05-25,2026-09-07,60,108,15,33,65,0.875,2.875,218.75,2.064
2026,2026-05-25,2026-09-07,60,108,15,34,65,1.125,2.875,223.75,2.111
2026,2026-05-25,2026-09-07,60,108,15,35,65,1.375,2.875,227.25,2.144
2026,2026-05-25,2026-09-07,60,108,15,36,65,1.625,2.875,225.00,2.123
2026,2026-05-25,2026-09-07,60,108,15,37,65,1.875,2.875,228.00,2.151
2026,2026-05-25,2026-09-07,60,108,15,38,65,2.125,2.875,222.25,2.097
2026,2026-05-25,2026-09-07,60,108,15,39,65,2.375,2.875,220.50,2.080
2026,2026-05-25,2026-09-07,60,108,15,40,65,2.625,2.875,217.75,2.054
2026,2026-05-25,2026-09-07,60,108,15,41,65,2.875,2.875,216.25,2.040
2026,2026-05-25,2026-09-07,60,108,15,42,65,3.125,2.875,223.00,2.104
2026,2026-05-25,2026-09-07,60,108,15,43,65,3.375,2.875,224.00,2.113
2026,2026-05-25,2026-09-07,60,108,15,44,65,3.625,2.875,226.50,2.137
2026,2026-05-25,2026-09-07,60,108,15,45,65,3.875,2.875,222.75,2.101
2026,2026-05-25,2026-09-07,60,108,15,46,65,4.125,2.875,219.75,2.073
2026,2026-05-25,2026-09-07,60,108,15,47,65,4.375,2.875,216.75,2.045
2026,2026-05-25,2026-09-07,60,108,15,48,65,4.625,2.875,214.00,2.019
2026,2026-05-25,2026-09-07,60,108,15,49,65,4.875,2.875,217.25,2.050
2026,2026-05-25,2026-09-07,60,108,15,50,65,5.125,2.875,217.75,2.054
2026,2026-05-25,2026-09-07,60,108,15,51,65,5.375,2.875,222.75,2.101
2026,2026-05-25,2026-09-07,60,108,15,52,65,5.625,2.875,226.25,2.134
2026,2026-05-25,2026-09-07,60,108,15,53,65,5.875,2.875,218.25,2.059
2026,2026-05-25,2026-09-07,60,108,15,54,65,6.125,2.875,215.75,2.035
2026,2026-05-25,2026-09-07,60,108,15,55,65,6.375,2.875,212.50,2.005
2026,2026-05-25,2026-09-07,60,108,15,56,65,6.625,2.875,210.25,1.983
2026,2026-05-25,2026-09-07,60,108,15,57,65,6.875,2.875,214.00,2.019
2026,2026-05-25,2026-09-07,60,108,15,58,65,7.125,2.875,217.75,2.054
2026,2026-05-25,2026-09-07,60,108,15,59,65,7.375,2.875,220.50,2.080
2026,2026-05-25,2026-09-07,60,108,15,0,66,-7.375,3.125,210.75,1.988
2026,2026-05-25,2026-09-07,60,108,15,1,66,-7.125,3.125,214.75,2.026
2026,2026-05-25,2026-09-07,60,108,15,2,66,-6.875,3.125,217.75,2.054
2026,2026-05-25,2026-09-07,60,108,15,3,66,-6.625,3.125,219.50,2.071
2026,2026-05-25,2026-09-07,60,108,15,4,66,-6.375,3.125,218.75,2.064
2026,2026-05-25,2026-09-07,60,108,15,5,66,-6.125,3.125,215.50,2.033
2026,2026-05-25,2026-09-07,60,108,15,6,66,-5.875,3.125,212.00,2.000
2026,2026-05-25,2026-09-07,60,108,15,7,66,-5.625,3.125,215.00,2.028
2026,2026-05-25,2026-09-07,60,108,15,8,66,-5.375,3.125,216.25,2.040
2026,2026-05-25,2026-09-07,60,108,15,9,66,-5.125,3.125,218.25,2.059
2026,2026-05-25,2026-09-07,60,108,15,10,66,-4.875,3.125,222.00,2.094
2026,2026-05-25,2026-09-07,60,108,15,11,66,-4.625,3.125,223.25,2.106
2026,2026-05-25,2026-09-07,60,108,15,12,66,-4.375,3.125,220.00,2.075
2026,2026-05-25,2026-09-07,60,108,15,13,66,-4.125,3.125,218.25,2.059
2026,2026-05-25,2026-09-07,60,108,15,14,66,-3.875,3.125,221.50,2.090
2026,2026-05-25,2026-09-07,60,108,15,15,66,-3.625,3.125,218.25,2.059
2026,2026-05-25,2026-09-07,60,108,15,16,66,-3.375,3.125,219.50,2.071
2026,2026-05-25,2026-09-07,60,108,15,17,66,-3.125,3.125,221.25,2.087
2026,2026-05-25,2026-09-07,60,108,15,18,66,-2.875,3.125,223.75,2.111
2026,2026-05-25,2026-09-07,60,108,15,19,66,-2.625,3.125,222.25,2.097
2026,2026-05-25,2026-09-07,60,108,15,20,66,-2.375,3.125,224.50,2.118
2026,2026-05-25,2026-09-07,60,108,15,21,66,-2.125,3.125,225.75,2.130
2026,2026-05-25,2026-09-07,60,108,15,22,66,-1.875,3.125,220.25,2.078
2026,2026-05-25,2026-09-07,60,108,15,23,66,-1.625,3.125,221.00,2.085
2026,2026-05-25,2026-09-07,60,108,15,24,66,-1.375,3.125,222.00,2.094
2026,2026-05-25,2026-09-07,60,108,15,25,66,-1.125,3.125,220.50,2.080
2026,2026-05-25,2026-09-07,60,108,15,26,66,-0.875,3.125,222.50,2.099
2026,2026-05-25,2026-09-07,60,108,15,27,66,-0.625,3.125,224.75,2.120
2026,2026-05-25,2026-09-07,60,108,15,28,66,-0.375,3.125,228.50,2.156
2026,2026-05-25,2026-09-07,60,108,15,29,66,-0.125,3.125,224.00,2.113
2026,2026-05-25,2026-09-07,60,108,15,30,66,0.125,3.125,222.25,2.097
2026,2026-05-25,2026-09-07,60,108,15,31,66,0.375,3.125,222.25,2.097
2026,2026-05-25,2026-09-07,60,108,15,32,66,0.625,3.125,220.50,2.080
2026,2026-05-25,2026-09-07,60,108,15,33,66,0.875,3.125,218.50,2.061
2026,2026-05-25,2026-09-07,60,108,15,34,66,1.125,3.125,222.25,2.097
2026,2026-05-25,2026-09-07,60,108,15,35,66,1.375,3.125,227.25,2.144
2026,2026-05-25,2026-09-07,60,108,15,36,66,1.625,3.125,225.00,2.123
2026,2026-05-25,2026-09-07,60,108,15,37,66,1.875,3.125,228.00,2.151
2026,2026-05-25,2026-09-07,60,108,15,38,66,2.125,3.125,222.00,2.094
2026,2026-05-25,2026-09-07,60,108,15,39,66,2.375,3.125,220.25,2.078
2026,2026-05-25,2026-09-07,60,108,15,40,66,2.625,3.125,217.75,2.054
2026,2026-05-25,2026-09-07,60,108,15,41,66,2.875,3.125,216.00,2.038
2026,2026-05-25,2026-09-07,60,108,15,42,66,3.125,3.125,221.75,2.092
2026,2026-05-25,2026-09-07,60,108,15,43,66,3.375,3.125,223.00,2.104
2026,2026-05-25,2026-09-07,60,108,15,44,66,3.625,3.125,226.50,2.137
2026,2026-05-25,2026-09-07,60,108,15,45,66,3.875,3.125,222.75,2.101
2026,2026-05-25,2026-09-07,60,108,15,46,66,4.125,3.125,219.50,2.071
2026,2026-05-25,2026-09-07,60,108,15,47,66,4.375,3.125,216.50,2.042
2026,2026-05-25,2026-09-07,60,108,15,48,66,4.625,3.125,213.75,2.017
2026,2026-05-25,2026-09-07,60,108,15,49,66,4.875,3.125,217.25,2.050
2026,2026-05-25,2026-09-07,60,108,15,50,66,5.125,3.125,217.50,2.052
2026,2026-05-25,2026-09-07,60,108,15,51,66,5.375,3.125,221.75,2.092
2026,2026-05-25,2026-09-07,60,108,15,52,66,5.625,3.125,225.25,2.125
2026,2026-05-25,2026-09-07,60,108,15,53,66,5.875,3.125,218.25,2.059
2026,2026-05-25,2026-09-07,60,108,15,54,66,6.125,3.125,215.75,2.035
2026,2026-05-25,2026-09-07,60,108,15,55,66,6.375,3.125,212.50,2.005
2026,2026-05-25,2026-09-07,60,108,15,56,66,6.625,3.125,210.00,1.981
2026,2026-05-25,2026-09-07,60,108,15,57,66,6.875,3.125,214.00,2.019
2026,2026-05-25,2026-09-07,60,108,15,58,66,7.125,3.125,217.75,2.054
2026,2026-05-25,2026-09-07,60,108,15,59,66,7.375,3.125,220.50,2.080
2026,2026-05-25,2026-09-07,60,108,15,0,67,-7.375,3.375,210.75,1.988
2026,2026-05-25,2026-09-07,60,108,15,1,67,-7.125,3.375,214.75,2.026
2026,2026-05-25,2026-09-07,60,108,15,2,67,-6.875,3.375,217.25,2.050
2026,2026-05-25,2026-09-07,60,108,15,3,67,-6.625,3.375,219.00,2.066
2026,2026-05-25,2026-09-07,60,108,15,4,67,-6.375,3.375,218.50,2.061
2026,2026-05-25,2026-09-07,60,108,15,5,67,-6.125,3.375,215.00,2.028
2026,2026-05-25,2026-09-07,60,108,15,6,67,-5.875,3.375,211.75,1.998
2026,2026-05-25,2026-09-07,60,108,15,7,67,-5.625,3.375,214.75,2.026
2026,2026-05-25,2026-09-07,60,108,15,8,67,-5.375,3.375,216.00,2.038
2026,2026-05-25,2026-09-07,60,108,15,9,67,-5.125,3.375,218.25,2.059
2026,2026-05-25,2026-09-07,60,108,15,10,67,-4.875,3.375,221.75,2.092
2026,2026-05-25,2026-09-07,60,108,15,11,67,-4.625,3.375,223.25,2.106
2026,2026-05-25,2026-09-07,60,108,15,12,67,-4.375,3.375,219.75,2.073
2026,2026-05-25,2026-09-07,60,108,15,13,67,-4.125,3.375,218.00,2.057
2026,2026-05-25,2026-09-07,60,108,15,14,67,-3.875,3.375,221.25,2.087
2026,2026-05-25,2026-09-07,60,108,15,15,67,-3.625,3.375,218.00,2.057
2026,2026-05-25,2026-09-07,60,108,15,16,67,-3.375,3.375,219.25,2.068
2026,2026-05-25,2026-09-07,60,108,15,17,67,-3.125,3.375,221.00,2.085
2026,2026-05-25,2026-09-07,60,108,15,18,67,-2.875,3.375,222.50,2.099
2026,2026-05-25,2026-09-07,60,108,15,19,67,-2.625,3.375,222.25,2.097
2026,2026-05-25,2026-09-07,60,108,15,20,67,-2.375,3.375,224.50,2.118
2026,2026-05-25,2026-09-07,60,108,15,21,67,-2.125,3.375,225.50,2.127
2026,2026-05-25,2026-09-07,60,108,15,22,67,-1.875,3.375,220.00,2.075
2026,2026-05-25,2026-09-07,60,108,15,23,67,-1.625,3.375,220.75,2.083
2026,2026-05-25,2026-09-07,60,108,15,24,67,-1.375,3.375,221.50,2.090
2026,2026-05-25,2026-09-07,60,108,15,25,67,-1.125,3.375,220.25,2.078
2026,2026-05-25,2026-09-07,60,108,15,26,67,-0.875,3.375,220.00,2.075
2026,2026-05-25,2026-09-07,60,108,15,27,67,-0.625,3.375,224.75,2.120
2026,2026-05-25,2026-09-07,60,108,15,28,67,-0.375,3.375,228.50,2.156
2026,2026-05-25,2026-09-07,60,108,15,29,67,-0.125,3.375,223.75,2.111
2026,2026-05-25,2026-09-07,60,108,15,30,67,0.125,3.375,222.00,2.094
2026,2026-05-25,2026-09-07,60,108,15,31,67,0.375,3.375,222.00,2.094
2026,2026-05-25,2026-09-07,60,108,15,32,67,0.625,3.375,220.25,2.078
2026,2026-05-25,2026-09-07,60,108,15,33,67,0.875,3.375,218.25,2.059
2026,2026-05-25,2026-09-07,60,108,15,34,67,1.125,3.375,220.50,2.080
2026,2026-05-25,2026-09-07,60,108,15,35,67,1.375,3.375,227.25,2.144
2026,2026-05-25,2026-09-07,60,108,15,36,67,1.625,3.375,225.00,2.123
2026,2026-05-25,2026-09-07,60,108,15,37,67,1.875,3.375,228.00,2.151
2026,2026-05-25,2026-09-07,60,108,15,38,67,2.125,3.375,221.75,2.092
2026,2026-05-25,2026-09-07,60,108,15,39,67,2.375,3.375,220.00,2.075
2026,2026-05-25,2026-09-07,60,108,15,40,67,2.625,3.375,217.50,2.052
2026,2026-05-25,2026-09-07,60,108,15,41,67,2.875,3.375,215.75,2.035
2026,2026-05-25,2026-09-07,60,108,15,42,67,3.125,3.375,221.25,2.087
2026,2026-05-25,2026-09-07,60,108,15,43,67,3.375,3.375,222.00,2.094
2026,2026-05-25,2026-09-07,60,108,15,44,67,3.625,3.375,226.50,2.137
2026,2026-05-25,2026-09-07,60,108,15,45,67,3.875,3.375,222.75,2.101
2026,2026-05-25,2026-09-07,60,108,15,46,67,4.125,3.375,219.50,2.071
2026,2026-05-25,2026-09-07,60,108,15,47,67,4.375,3.375,216.50,2.042
2026,2026-05-25,2026-09-07,60,108,15,48,67,4.625,3.375,213.75,2.017
2026,2026-05-25,2026-09-07,60,108,15,49,67,4.875,3.375,217.25,2.050
2026,2026-05-25,2026-09-07,60,108,15,50,67,5.125,3.375,217.50,2.052
2026,2026-05-25,2026-09-07,60,108,15,51,67,5.375,3.375,221.00,2.085
2026,2026-05-25,2026-09-07,60,108,15,52,67,5.625,3.375,224.50,2.118
2026,2026-05-25,2026-09-07,60,108,15,53,67,5.875,3.375,217.75,2.054
2026,2026-05-25,2026-09-07,60,108,15,54,67,6.125,3.375,215.50,2.033
2026,2026-05-25,2026-09-07,60,108,15,55,67,6.375,3.375,212.25,2.002
2026,2026-05-25,2026-09-07,60,108,15,56,67,6.625,3.375,210.00,1.981
2026,2026-05-25,2026-09-07,60,108,15,57,67,6.875,3.375,214.00,2.019
2026,2026-05-25,2026-09-07,60,108,15,58,67,7.125,3.375,217.75,2.054
2026,2026-05-25,2026-09-07,60,108,15,59,67,7.375,3.375,220.50,2.080
2026,2026-05-25,2026-09-07,60,108,15,0,68,-7.375,3.625,210.75,1.988
2026,2026-05-25,2026-09-07,60,108,15,1,68,-7.125,3.625,214.75,2.026
2026,2026-05-25,2026-09-07,60,108,15,2,68,-6.875,3.625,217.00,2.047
2026,2026-05-25,2026-09-07,60,108,15,3,68,-6.625,3.625,218.75,2.064
2026,2026-05-25,2026-09-07,60,108,15,4,68,-6.375,3.625,218.25,2.059
2026,2026-05-25,2026-09-07,60,108,15,5,68,-6.125,3.625,214.75,2.026
2026,2026-05-25,2026-09-07,60,108,15,6,68,-5.875,3.625,211.50,1.995
2026,2026-05-25,2026-09-07,60,108,15,7,68,-5.625,3.625,214.50,2.024
2026,2026-05-25,2026-09-07,60,108,15,8,68,-5.375,3.625,215.75,2.035
2026,2026-05-25,2026-09-07,60,108,15,9,68,-5.125,3.625,218.25,2.059
2026,2026-05-25,2026-09-07,60,108,15,10,68,-4.875,3.625,221.25,2.087
2026,2026-05-25,2026-09-07,60,108,15,11,68,-4.625,3.625,223.25,2.106
2026,2026-05-25,2026-09-07,60,108,15,12,68,-4.375,3.625,219.50,2.071
2026,2026-05-25,2026-09-07,60,108,15,13,68,-4.125,3.625,217.75,2.054
2026,2026-05-25,2026-09-07,60,108,15,14,68,-3.875,3.625,221.00,2.085
2026,2026-05-25,2026-09-07,60,108,15,15,68,-3.625,3.625,217.75,2.054
2026,2026-05-25,2026-09-07,60,108,15,16,68,-3.375,3.625,219.00,2.066
2026,2026-05-25,2026-09-07,60,108,15,17,68,-3.125,3.625,221.00,2.085
2026,2026-05-25,2026-09-07,60,108,15,18,68,-2.875,3.625,221.00,2.085
2026,2026-05-25,2026-09-07,60,108,15,19,68,-2.625,3.625,222.25,2.097
2026,2026-05-25,2026-09-07,60,108,15,20,68,-2.375,3.625,224.50,2.118
2026,2026-05-25,2026-09-07,60,108,15,21,68,-2.125,3.625,225.25,2.125
2026,2026-05-25,2026-09-07,60,108,15,22,68,-1.875,3.625,219.75,2.073
2026,2026-05-25,2026-09-07,60,108,15,23,68,-1.625,3.625,220.50,2.080
2026,2026-05-25,2026-09-07,60,108,15,24,68,-1.375,3.625,221.25,2.087
2026,2026-05-25,2026-09-07,60,108,15,25,68,-1.125,3.625,220.00,2.075
2026,2026-05-25,2026-09-07,60,108,15,26,68,-0.875,3.625,219.25,2.068
2026,2026-05-25,2026-09-07,60,108,15,27,68,-0.625,3.625,224.75,2.120
2026,2026-05-25,2026-09-07,60,108,15,28,68,-0.375,3.625,228.50,2.156
2026,2026-05-25,2026-09-07,60,108,15,29,68,-0.125,3.625,223.50,2.108
2026,2026-05-25,2026-09-07,60,108,15,30,68,0.125,3.625,221.75,2.092
2026,2026-05-25,2026-09-07,60,108,15,31,68,0.375,3.625,221.75,2.092
2026,2026-05-25,2026-09-07,60,108,15,32,68,0.625,3.625,220.00,2.075
2026,2026-05-25,2026-09-07,60,108,15,33,68,0.875,3.625,218.00,2.057
2026,2026-05-25,2026-09-07,60,108,15,34,68,1.125,3.625,220.25,2.078
2026,2026-05-25,2026-09-07,60,108,15,35,68,1.375,3.625,226.50,2.137
2026,2026-05-25,2026-09-07,60,108,15,36,68,1.625,3.625,225.00,2.123
2026,2026-05-25,2026-09-07,60,108,15,37,68,1.875,3.625,228.00,2.151
2026,2026-05-25,2026-09-07,60,108,15,38,68,2.125,3.625,221.50,2.090
2026,2026-05-25,2026-09-07,60,108,15,39,68,2.375,3.625,219.75,2.073
2026,2026-05-25,2026-09-07,60,108,15,40,68,2.625,3.625,217.25,2.050
2026,2026-05-25,2026-09-07,60,108,15,41,68,2.875,3.625,215.75,2.035
2026,2026-05-25,2026-09-07,60,108,15,42,68,3.125,3.625,221.25,2.087
2026,2026-05-25,2026-09-07,60,108,15,43,68,3.375,3.625,220.75,2.083
2026,2026-05-25,2026-09-07,60,108,15,44,68,3.625,3.625,226.00,2.132
2026,2026-05-25,2026-09-07,60,108,15,45,68,3.875,3.625,222.75,2.101
2026,2026-05-25,2026-09-07,60,108,15,46,68,4.125,3.625,219.25,2.068
2026,2026-05-25,2026-09-07,60,108,15,47,68,4.375,3.625,216.25,2.040
2026,2026-05-25,2026-09-07,60,108,15,48,68,4.625,3.625,213.50,2.014
2026,2026-05-25,2026-09-07,60,108,15,49,68,4.875,3.625,217.25,2.050
2026,2026-05-25,2026-09-07,60,108,15,50,68,5.125,3.625,217.50,2.052
2026,2026-05-25,2026-09-07,60,108,15,51,68,5.375,3.625,221.00,2.085
2026,2026-05-25,2026-09-07,60,108,15,52,68,5.625,3.625,223.50,2.108
2026,2026-05-25,2026-09-07,60,108,15,53,68,5.875,3.625,216.75,2.045
2026,2026-05-25,2026-09-07,60,108,15,54,68,6.125,3.625,215.50,2.033
2026,2026-05-25,2026-09-07,60,108,15,55,68,6.375,3.625,212.25,2.002
2026,2026-05-25,2026-09-07,60,108,15,56,68,6.625,3.625,210.00,1.981
2026,2026-05-25,2026-09-07,60,108,15,57,68,6.875,3.625,214.00,2.019
2026,2026-05-25,2026-09-07,60,108,15,58,68,7.125,3.625,217.75,2.054
2026,2026-05-25,2026-09-07,60,108,15,59,68,7.375,3.625,220.50,2.080
2026,2026-05-25,2026-09-07,60,108,15,0,69,-7.375,3.875,210.75,1.988
2026,2026-05-25,2026-09-07,60,108,15,1,69,-7.125,3.875,214.75,2.026
2026,2026-05-25,2026-09-07,60,108,15,2,69,-6.875,3.875,216.75,2.045
2026,2026-05-25,2026-09-07,60,108,15,3,69,-6.625,3.875,218.25,2.059
2026,2026-05-25,2026-09-07,60,108,15,4,69,-6.375,3.875,218.00,2.057
2026,2026-05-25,2026-09-07,60,108,15,5,69,-6.125,3.875,214.50,2.024
2026,2026-05-25,2026-09-07,60,108,15,6,69,-5.875,3.875,211.25,1.993
2026,2026-05-25,2026-09-07,60,108,15,7,69,-5.625,3.875,214.25,2.021
2026,2026-05-25,2026-09-07,60,108,15,8,69,-5.375,3.875,215.75,2.035
2026,2026-05-25,2026-09-07,60,108,15,9,69,-5.125,3.875,218.25,2.059
2026,2026-05-25,2026-09-07,60,108,15,10,69,-4.875,3.875,221.00,2.085
2026,2026-05-25,2026-09-07,60,108,15,11,69,-4.625,3.875,222.75,2.101
2026,2026-05-25,2026-09-07,60,108,15,12,69,-4.375,3.875,219.25,2.068
2026,2026-05-25,2026-09-07,60,108,15,13,69,-4.125,3.875,217.50,2.052
2026,2026-05-25,2026-09-07,60,108,15,14,69,-3.875,3.875,220.75,2.083
2026,2026-05-25,2026-09-07,60,108,15,15,69,-3.625,3.875,217.50,2.052
2026,2026-05-25,2026-09-07,60,108,15,16,69,-3.375,3.875,218.75,2.064
2026,2026-05-25,2026-09-07,60,108,15,17,69,-3.125,3.875,221.00,2.085
2026,2026-05-25,2026-09-07,60,108,15,18,69,-2.875,3.875,221.00,2.085
2026,2026-05-25,2026-09-07,60,108,15,19,69,-2.625,3.875,222.25,2.097
2026,2026-05-25,2026-09-07,60,108,15,20,69,-2.375,3.875,224.50,2.118
2026,2026-05-25,2026-09-07,60,108,15,21,69,-2.125,3.875,225.00,2.123
2026,2026-05-25,2026-09-07,60,108,15,22,69,-1.875,3.875,219.50,2.071
2026,2026-05-25,2026-09-07,60,108,15,23,69,-1.625,3.875,220.25,2.078
2026,2026-05-25,2026-09-07,60,108,15,24,69,-1.375,3.875,221.00,2.085
2026,2026-05-25,2026-09-07,60,108,15,25,69,-1.125,3.875,220.00,2.075
2026,2026-05-25,2026-09-07,60,108,15,26,69,-0.875,3.875,219.25,2.068
2026,2026-05-25,2026-09-07,60,108,15,27,69,-0.625,3.875,224.75,2.120
2026,2026-05-25,2026-09-07,60,108,15,28,69,-0.375,3.875,228.50,2.156
2026,2026-05-25,2026-09-07,60,108,15,29,69,-0.125,3.875,223.25,2.106
2026,2026-05-25,2026-09-07,60,108,15,30,69,0.125,3.875,221.50,2.090
2026,2026-05-25,2026-09-07,60,108,15,31,69,0.375,3.875,221.50,2.090
2026,2026-05-25,2026-09-07,60,108,15,32,69,0.625,3.875,219.75,2.073
2026,2026-05-25,2026-09-07,60,108,15,33,69,0.875,3.875,218.00,2.057
2026,2026-05-25,2026-09-07,60,108,15,34,69,1.125,3.875,220.25,2.078
2026,2026-05-25,2026-09-07,60,108,15,35,69,1.375,3.875,224.75,2.120
2026,2026-05-25,2026-09-07,60,108,15,36,69,1.625,3.875,225.00,2.123
2026,2026-05-25,2026-09-07,60,108,15,37,69,1.875,3.875,228.00,2.151
2026,2026-05-25,2026-09-07,60,108,15,38,69,2.125,3.875,221.25,2.087
2026,2026-05-25,2026-09-07,60,108,15,39,69,2.375,3.875,219.50,2.071
2026,2026-05-25,2026-09-07,60,108,15,40,69,2.625,3.875,217.00,2.047
2026,2026-05-25,2026-09-07,60,108,15,41,69,2.875,3.875,215.75,2.035
2026,2026-05-25,2026-09-07,60,108,15,42,69,3.125,3.875,221.25,2.087
2026,2026-05-25,2026-09-07,60,108,15,43,69,3.375,3.875,220.50,2.080
2026,2026-05-25,2026-09-07,60,108,15,44,69,3.625,3.875,225.00,2.123
2026,2026-05-25,2026-09-07,60,108,15,45,69,3.875,3.875,222.75,2.101
2026,2026-05-25,2026-09-07,60,108,15,46,69,4.125,3.875,219.00,2.066
2026,2026-05-25,2026-09-07,60,108,15,47,69,4.375,3.875,216.00,2.038
2026,2026-05-25,2026-09-07,60,108,15,48,69,4.625,3.875,213.25,2.012
2026,2026-05-25,2026-09-07,60,108,15,49,69,4.875,3.875,217.25,2.050
2026,2026-05-25,2026-09-07,60,108,15,50,69,5.125,3.875,217.50,2.052
2026,2026-05-25,2026-09-07,60,108,15,51,69,5.375,3.875,221.00,2.085
2026,2026-05-25,2026-09-07,60,108,15,52,69,5.625,3.875,223.25,2.106
2026,2026-05-25,2026-09-07,60,108,15,53,69,5.875,3.875,216.00,2.038
2026,2026-05-25,2026-09-07,60,108,15,54,69,6.125,3.875,215.00,2.028
2026,2026-05-25,2026-09-07,60,108,15,55,69,6.375,3.875,212.25,2.002
2026,2026-05-25,2026-09-07,60,108,15,56,69,6.625,3.875,210.00,1.981
2026,2026-05-25,2026-09-07,60,108,15,57,69,6.875,3.875,214.00,2.019
2026,2026-05-25,2026-09-07,60,108,15,58,69,7.125,3.875,217.75,2.054
2026,2026-05-25,2026-09-07,60,108,15,59,69,7.375,3.875,220.50,2.080
2026,2026-05-25,2026-09-07,60,108,15,0,70,-7.375,4.125,210.75,1.988
2026,2026-05-25,2026-09-07,60,108,15,1,70,-7.125,4.125,214.75,2.026
2026,2026-05-25,2026-09-07,60,108,15,2,70,-6.875,4.125,216.50,2.042
2026,2026-05-25,2026-09-07,60,108,15,3,70,-6.625,4.125,217.75,2.054
2026,2026-05-25,2026-09-07,60,108,15,4,70,-6.375,4.125,217.75,2.054
2026,2026-05-25,2026-09-07,60,108,15,5,70,-6.125,4.125,214.25,2.021
2026,2026-05-25,2026-09-07,60,108,15,6,70,-5.875,4.125,210.75,1.988
2026,2026-05-25,2026-09-07,60,108,15,7,70,-5.625,4.125,214.25,2.021
2026,2026-05-25,2026-09-07,60,108,15,8,70,-5.375,4.125,215.75,2.035
2026,2026-05-25,2026-09-07,60,108,15,9,70,-5.125,4.125,218.25,2.059
2026,2026-05-25,2026-09-07,60,108,15,10,70,-4.875,4.125,221.00,2.085
2026,2026-05-25,2026-09-07,60,108,15,11,70,-4.625,4.125,222.25,2.097
2026,2026-05-25,2026-09-07,60,108,15,12,70,-4.375,4.125,218.75,2.064
2026,2026-05-25,2026-09-07,60,108,15,13,70,-4.125,4.125,217.25,2.050
2026,2026-05-25,2026-09-07,60,108,15,14,70,-3.875,4.125,220.50,2.080
2026,2026-05-25,2026-09-07,60,108,15,15,70,-3.625,4.125,217.25,2.050
2026,2026-05-25,2026-09-07,60,108,15,16,70,-3.375,4.125,218.75,2.064
2026,2026-05-25,2026-09-07,60,108,15,17,70,-3.125,4.125,221.00,2.085
2026,2026-05-25,2026-09-07,60,108,15,18,70,-2.875,4.125,221.00,2.085
2026,2026-05-25,2026-09-07,60,108,15,19,70,-2.625,4.125,222.00,2.094
2026,2026-05-25,2026-09-07,60,108,15,20,70,-2.375,4.125,224.25,2.116
2026,2026-05-25,2026-09-07,60,108,15,21,70,-2.125,4.125,224.75,2.120
2026,2026-05-25,2026-09-07,60,108,15,22,70,-1.875,4.125,219.25,2.068
2026,2026-05-25,2026-09-07,60,108,15,23,70,-1.625,4.125,220.00,2.075
2026,2026-05-25,2026-09-07,60,108,15,24,70,-1.375,4.125,220.75,2.083
2026,2026-05-25,2026-09-07,60,108,15,25,70,-1.125,4.125,220.00,2.075
2026,2026-05-25,2026-09-07,60,108,15,26,70,-0.875,4.125,219.25,2.068
2026,2026-05-25,2026-09-07,60,108,15,27,70,-0.625,4.125,222.25,2.097
2026,2026-05-25,2026-09-07,60,108,15,28,70,-0.375,4.125,228.50,2.156
2026,2026-05-25,2026-09-07,60,108,15,29,70,-0.125,4.125,223.00,2.104
2026,2026-05-25,2026-09-07,60,108,15,30,70,0.125,4.125,221.25,2.087
2026,2026-05-25,2026-09-07,60,108,15,31,70,0.375,4.125,221.25,2.087
2026,2026-05-25,2026-09-07,60,108,15,32,70,0.625,4.125,219.50,2.071
2026,2026-05-25,2026-09-07,60,108,15,33,70,0.875,4.125,218.00,2.057
2026,2026-05-25,2026-09-07,60,108,15,34,70,1.125,4.125,220.25,2.078
2026,2026-05-25,2026-09-07,60,108,15,35,70,1.375,4.125,224.25,2.116
2026,2026-05-25,2026-09-07,60,108,15,36,70,1.625,4.125,225.00,2.123
2026,2026-05-25,2026-09-07,60,108,15,37,70,1.875,4.125,228.00,2.151
2026,2026-05-25,2026-09-07,60,108,15,38,70,2.125,4.125,221.25,2.087
2026,2026-05-25,2026-09-07,60,108,15,39,70,2.375,4.125,219.25,2.068
2026,2026-05-25,2026-09-07,60,108,15,40,70,2.625,4.125,216.75,2.045
2026,2026-05-25,2026-09-07,60,108,15,41,70,2.875,4.125,215.75,2.035
2026,2026-05-25,2026-09-07,60,108,15,42,70,3.125,4.125,221.25,2.087
2026,2026-05-25,2026-09-07,60,108,15,43,70,3.375,4.125,220.50,2.080
2026,2026-05-25,2026-09-07,60,108,15,44,70,3.625,4.125,223.75,2.111
2026,2026-05-25,2026-09-07,60,108,15,45,70,3.875,4.125,222.50,2.099
2026,2026-05-25,2026-09-07,60,108,15,46,70,4.125,4.125,219.00,2.066
2026,2026-05-25,2026-09-07,60,108,15,47,70,4.375,4.125,216.00,2.038
2026,2026-05-25,2026-09-07,60,108,15,48,70,4.625,4.125,213.25,2.012
2026,2026-05-25,2026-09-07,60,108,15,49,70,4.875,4.125,217.25,2.050
2026,2026-05-25,2026-09-07,60,108,15,50,70,5.125,4.125,217.50,2.052
2026,2026-05-25,2026-09-07,60,108,15,51,70,5.375,4.125,221.00,2.085
2026,2026-05-25,2026-09-07,60,108,15,52,70,5.625,4.125,223.25,2.106
2026,2026-05-25,2026-09-07,60,108,15,53,70,5.875,4.125,215.25,2.031
2026,2026-05-25,2026-09-07,60,108,15,54,70,6.125,4.125,213.75,2.017
2026,2026-05-25,2026-09-07,60,108,15,55,70,6.375,4.125,212.00,2.000
2026,2026-05-25,2026-09-07,60,108,15,56,70,6.625,4.125,210.00,1.981
2026,2026-05-25,2026-09-07,60,108,15,57,70,6.875,4.125,214.00,2.019
2026,2026-05-25,2026-09-07,60,108,15,58,70,7.125,4.125,217.75,2.054
2026,2026-05-25,2026-09-07,60,108,15,59,70,7.375,4.125,220.50,2.080
2026,2026-05-25,2026-09-07,60,108,15,0,71,-7.375,4.375,210.75,1.988
2026,2026-05-25,2026-09-07,60,108,15,1,71,-7.125,4.375,214.75,2.026
2026,2026-05-25,2026-09-07,60,108,15,2,71,-6.875,4.375,216.25,2.040
2026,2026-05-25,2026-09-07,60,108,15,3,71,-6.625,4.375,217.50,2.052
2026,2026-05-25,2026-09-07,60,108,15,4,71,-6.375,4.375,217.50,2.052
2026,2026-05-25,2026-09-07,60,108,15,5,71,-6.125,4.375,214.00,2.019
2026,2026-05-25,2026-09-07,60,108,15,6,71,-5.875,4.375,210.75,1.988
2026,2026-05-25,2026-09-07,60,108,15,7,71,-5.625,4.375,214.25,2.021
2026,2026-05-25,2026-09-07,60,108,15,8,71,-5.375,4.375,215.75,2.035
2026,2026-05-25,2026-09-07,60,108,15,9,71,-5.125,4.375,218.25,2.059
2026,2026-05-25,2026-09-07,60,108,15,10,71,-4.875,4.375,221.00,2.085
2026,2026-05-25,2026-09-07,60,108,15,11,71,-4.625,4.375,221.50,2.090
2026,2026-05-25,2026-09-07,60,108,15,12,71,-4.375,4.375,218.50,2.061
2026,2026-05-25,2026-09-07,60,108,15,13,71,-4.125,4.375,217.00,2.047
2026,2026-05-25,2026-09-07,60,108,15,14,71,-3.875,4.375,220.25,2.078
2026,2026-05-25,2026-09-07,60,108,15,15,71,-3.625,4.375,217.00,2.047
2026,2026-05-25,2026-09-07,60,108,15,16,71,-3.375,4.375,218.75,2.064
2026,2026-05-25,2026-09-07,60,108,15,17,71,-3.125,4.375,221.00,2.085
2026,2026-05-25,2026-09-07,60,108,15,18,71,-2.875,4.375,221.00,2.085
2026,2026-05-25,2026-09-07,60,108,15,19,71,-2.625,4.375,220.75,2.083
2026,2026-05-25,2026-09-07,60,108,15,20,71,-2.375,4.375,224.00,2.113
2026,2026-05-25,2026-09-07,60,108,15,21,71,-2.125,4.375,224.50,2.118
2026,2026-05-25,2026-09-07,60,108,15,22,71,-1.875,4.375,219.00,2.066
2026,2026-05-25,2026-09-07,60,108,15,23,71,-1.625,4.375,219.50,2.071
2026,2026-05-25,2026-09-07,60,108,15,24,71,-1.375,4.375,220.75,2.083
2026,2026-05-25,2026-09-07,60,108,15,25,71,-1.125,4.375,220.00,2.075
2026,2026-05-25,2026-09-07,60,108,15,26,71,-0.875,4.375,219.25,2.068
2026,2026-05-25,2026-09-07,60,108,15,27,71,-0.625,4.375,222.25,2.097
2026,2026-05-25,2026-09-07,60,108,15,28,71,-0.375,4.375,228.50,2.156
2026,2026-05-25,2026-09-07,60,108,15,29,71,-0.125,4.375,222.75,2.101
2026,2026-05-25,2026-09-07,60,108,15,30,71,0.125,4.375,221.00,2.085
2026,2026-05-25,2026-09-07,60,108,15,31,71,0.375,4.375,221.00,2.085
2026,2026-05-25,2026-09-07,60,108,15,32,71,0.625,4.375,219.25,2.068
2026,2026-05-25,2026-09-07,60,108,15,33,71,0.875,4.375,218.00,2.057
2026,2026-05-25,2026-09-07,60,108,15,34,71,1.125,4.375,220.25,2.078
2026,2026-05-25,2026-09-07,60,108,15,35,71,1.375,4.375,224.25,2.116
2026,2026-05-25,2026-09-07,60,108,15,36,71,1.625,4.375,223.75,2.111
2026,2026-05-25,2026-09-07,60,108,15,37,71,1.875,4.375,228.00,2.151
2026,2026-05-25,2026-09-07,60,108,15,38,71,2.125,4.375,221.00,2.085
2026,2026-05-25,2026-09-07,60,108,15,39,71,2.375,4.375,219.25,2.068
2026,2026-05-25,2026-09-07,60,108,15,40,71,2.625,4.375,216.75,2.045
2026,2026-05-25,2026-09-07,60,108,15,41,71,2.875,4.375,215.75,2.035
2026,2026-05-25,2026-09-07,60,108,15,42,71,3.125,4.375,221.25,2.087
2026,2026-05-25,2026-09-07,60,108,15,43,71,3.375,4.375,220.50,2.080
2026,2026-05-25,2026-09-07,60,108,15,44,71,3.625,4.375,223.75,2.111
2026,2026-05-25,2026-09-07,60,108,15,45,71,3.875,4.375,221.50,2.090
2026,2026-05-25,2026-09-07,60,108,15,46,71,4.125,4.375,218.75,2.064
2026,2026-05-25,2026-09-07,60,108,15,47,71,4.375,4.375,215.75,2.035
2026,2026-05-25,2026-09-07,60,108,15,48,71,4.625,4.375,213.00,2.009
2026,2026-05-25,2026-09-07,60,108,15,49,71,4.875,4.375,217.25,2.050
2026,2026-05-25,2026-09-07,60,108,15,50,71,5.125,4.375,217.50,2.052
2026,2026-05-25,2026-09-07,60,108,15,51,71,5.375,4.375,221.00,2.085
2026,2026-05-25,2026-09-07,60,108,15,52,71,5.625,4.375,223.25,2.106
2026,2026-05-25,2026-09-07,60,108,15,53,71,5.875,4.375,215.25,2.031
2026,2026-05-25,2026-09-07,60,108,15,54,71,6.125,4.375,213.00,2.009
2026,2026-05-25,2026-09-07,60,108,15,55,71,6.375,4.375,211.50,1.995
2026,2026-05-25,2026-09-07,60,108,15,56,71,6.625,4.375,210.00,1.981
2026,2026-05-25,2026-09-07,60,108,15,57,71,6.875,4.375,214.00,2.019
2026,2026-05-25,2026-09-07,60,108,15,58,71,7.125,4.375,217.75,2.054
2026,2026-05-25,2026-09-07,60,108,15,59,71,7.375,4.375,220.50,2.080
2026,2026-05-25,2026-09-07,60,108,15,0,72,-7.375,4.625,210.75,1.988
2026,2026-05-25,2026-09-07,60,108,15,1,72,-7.125,4.625,214.50,2.024
2026,2026-05-25,2026-09-07,60,108,15,2,72,-6.875,4.625,216.00,2.038
2026,2026-05-25,2026-09-07,60,108,15,3,72,-6.625,4.625,217.25,2.050
2026,2026-05-25,2026-09-07,60,108,15,4,72,-6.375,4.625,217.00,2.047
2026,2026-05-25,2026-09-07,60,108,15,5,72,-6.125,4.625,213.75,2.017
2026,2026-05-25,2026-09-07,60,108,15,6,72,-5.875,4.625,210.75,1.988
2026,2026-05-25,2026-09-07,60,108,15,7,72,-5.625,4.625,214.25,2.021
2026,2026-05-25,2026-09-07,60,108,15,8,72,-5.375,4.625,215.75,2.035
2026,2026-05-25,2026-09-07,60,108,15,9,72,-5.125,4.625,218.25,2.059
2026,2026-05-25,2026-09-07,60,108,15,10,72,-4.875,4.625,221.00,2.085
2026,2026-05-25,2026-09-07,60,108,15,11,72,-4.625,4.625,221.00,2.085
2026,2026-05-25,2026-09-07,60,108,15,12,72,-4.375,4.625,218.25,2.059
2026,2026-05-25,2026-09-07,60,108,15,13,72,-4.125,4.625,216.50,2.042
2026,2026-05-25,2026-09-07,60,108,15,14,72,-3.875,4.625,220.00,2.075
2026,2026-05-25,2026-09-07,60,108,15,15,72,-3.625,4.625,217.00,2.047
2026,2026-05-25,2026-09-07,60,108,15,16,72,-3.375,4.625,218.75,2.064
2026,2026-05-25,2026-09-07,60,108,15,17,72,-3.125,4.625,221.00,2.085
2026,2026-05-25,2026-09-07,60,108,15,18,72,-2.875,4.625,221.00,2.085
2026,2026-05-25,2026-09-07,60,108,15,19,72,-2.625,4.625,220.00,2.075
2026,2026-05-25,2026-09-07,60,108,15,20,72,-2.375,4.625,223.75,2.111
2026,2026-05-25,2026-09-07,60,108,15,21,72,-2.125,4.625,224.25,2.116
2026,2026-05-25,2026-09-07,60,108,15,22,72,-1.875,4.625,218.75,2.064
2026,2026-05-25,2026-09-07,60,108,15,23,72,-1.625,4.625,219.25,2.068
2026,2026-05-25,2026-09-07,60,108,15,24,72,-1.375,4.625,220.75,2.083
2026,2026-05-25,2026-09-07,60,108,15,25,72,-1.125,4.625,220.00,2.075
2026,2026-05-25,2026-09-07,60,108,15,26,72,-0.875,4.625,219.25,2.068
2026,2026-05-25,2026-09-07,60,108,15,27,72,-0.625,4.625,222.25,2.097
2026,2026-05-25,2026-09-07,60,108,15,28,72,-0.375,4.625,228.50,2.156
2026,2026-05-25,2026-09-07,60,108,15,29,72,-0.125,4.625,222.50,2.099
2026,2026-05-25,2026-09-07,60,108,15,30,72,0.125,4.625,220.75,2.083
2026,2026-05-25,2026-09-07,60,108,15,31,72,0.375,4.625,220.75,2.083
2026,2026-05-25,2026-09-07,60,108,15,32,72,0.625,4.625,219.25,2.068
2026,2026-05-25,2026-09-07,60,108,15,33,72,0.875,4.625,218.00,2.057
2026,2026-05-25,2026-09-07,60,108,15,34,72,1.125,4.625,220.25,2.078
2026,2026-05-25,2026-09-07,60,108,15,35,72,1.375,4.625,224.25,2.116
2026,2026-05-25,2026-09-07,60,108,15,36,72,1.625,4.625,222.75,2.101
2026,2026-05-25,2026-09-07,60,108,15,37,72,1.875,4.625,228.00,2.151
2026,2026-05-25,2026-09-07,60,108,15,38,72,2.125,4.625,220.75,2.083
2026,2026-05-25,2026-09-07,60,108,15,39,72,2.375,4.625,219.00,2.066
2026,2026-05-25,2026-09-07,60,108,15,40,72,2.625,4.625,216.50,2.042
2026,2026-05-25,2026-09-07,60,108,15,41,72,2.875,4.625,215.75,2.035
2026,2026-05-25,2026-09-07,60,108,15,42,72,3.125,4.625,221.25,2.087
2026,2026-05-25,2026-09-07,60,108,15,43,72,3.375,4.625,220.50,2.080
2026,2026-05-25,2026-09-07,60,108,15,44,72,3.625,4.625,223.75,2.111
2026,2026-05-25,2026-09-07,60,108,15,45,72,3.875,4.625,220.50,2.080
2026,2026-05-25,2026-09-07,60,108,15,46,72,4.125,4.625,218.50,2.061
2026,2026-05-25,2026-09-07,60,108,15,47,72,4.375,4.625,215.50,2.033
2026,2026-05-25,2026-09-07,60,108,15,48,72,4.625,4.625,213.00,2.009
2026,2026-05-25,2026-09-07,60,108,15,49,72,4.875,4.625,217.25,2.050
2026,2026-05-25,2026-09-07,60,108,15,50,72,5.125,4.625,217.50,2.052
2026,2026-05-25,2026-09-07,60,108,15,51,72,5.375,4.625,221.00,2.085
2026,2026-05-25,2026-09-07,60,108,15,52,72,5.625,4.625,223.25,2.106
2026,2026-05-25,2026-09-07,60,108,15,53,72,5.875,4.625,215.25,2.031
2026,2026-05-25,2026-09-07,60,108,15,54,72,6.125,4.625,212.75,2.007
2026,2026-05-25,2026-09-07,60,108,15,55,72,6.375,4.625,210.50,1.986
2026,2026-05-25,2026-09-07,60,108,15,56,72,6.625,4.625,210.00,1.981
2026,2026-05-25,2026-09-07,60,108,15,57,72,6.875,4.625,214.00,2.019
2026,2026-05-25,2026-09-07,60,108,15,58,72,7.125,4.625,217.75,2.054
2026,2026-05-25,2026-09-07,60,108,15,59,72,7.375,4.625,220.50,2.080
2026,2026-05-25,2026-09-07,60,108,15,0,73,-7.375,4.875,210.75,1.988
2026,2026-05-25,2026-09-07,60,108,15,1,73,-7.125,4.875,214.25,2.021
2026,2026-05-25,2026-09-07,60,108,15,2,73,-6.875,4.875,215.50,2.033
2026,2026-05-25,2026-09-07,60,108,15,3,73,-6.625,4.875,217.00,2.047
2026,2026-05-25,2026-09-07,60,108,15,4,73,-6.375,4.875,216.75,2.045
2026,2026-05-25,2026-09-07,60,108,15,5,73,-6.125,4.875,213.75,2.017
2026,2026-05-25,2026-09-07,60,108,15,6,73,-5.875,4.875,210.75,1.988
2026,2026-05-25,2026-09-07,60,108,15,7,73,-5.625,4.875,214.25,2.021
2026,2026-05-25,2026-09-07,60,108,15,8,73,-5.375,4.875,215.75,2.035
2026,2026-05-25,2026-09-07,60,108,15,9,73,-5.125,4.875,218.25,2.059
2026,2026-05-25,2026-09-07,60,108,15,10,73,-4.875,4.875,221.00,2.085
2026,2026-05-25,2026-09-07,60,108,15,11,73,-4.625,4.875,220.25,2.078
2026,2026-05-25,2026-09-07,60,108,15,12,73,-4.375,4.875,218.00,2.057
2026,2026-05-25,2026-09-07,60,108,15,13,73,-4.125,4.875,216.25,2.040
2026,2026-05-25,2026-09-07,60,108,15,14,73,-3.875,4.875,219.75,2.073
2026,2026-05-25,2026-09-07,60,108,15,15,73,-3.625,4.875,217.00,2.047
2026,2026-05-25,2026-09-07,60,108,15,16,73,-3.375,4.875,218.75,2.064
2026,2026-05-25,2026-09-07,60,108,15,17,73,-3.125,4.875,221.00,2.085
2026,2026-05-25,2026-09-07,60,108,15,18,73,-2.875,4.875,221.00,2.085
2026,2026-05-25,2026-09-07,60,108,15,19,73,-2.625,4.875,220.00,2.075
2026,2026-05-25,2026-09-07,60,108,15,20,73,-2.375,4.875,223.50,2.108
2026,2026-05-25,2026-09-07,60,108,15,21,73,-2.125,4.875,224.00,2.113
2026,2026-05-25,2026-09-07,60,108,15,22,73,-1.875,4.875,218.50,2.061
2026,2026-05-25,2026-09-07,60,108,15,23,73,-1.625,4.875,219.25,2.068
2026,2026-05-25,2026-09-07,60,108,15,24,73,-1.375,4.875,220.75,2.083
2026,2026-05-25,2026-09-07,60,108,15,25,73,-1.125,4.875,220.00,2.075
2026,2026-05-25,2026-09-07,60,108,15,26,73,-0.875,4.875,219.25,2.068
2026,2026-05-25,2026-09-07,60,108,15,27,73,-0.625,4.875,222.25,2.097
2026,2026-05-25,2026-09-07,60,108,15,28,73,-0.375,4.875,226.75,2.139
2026,2026-05-25,2026-09-07,60,108,15,29,73,-0.125,4.875,222.25,2.097
2026,2026-05-25,2026-09-07,60,108,15,30,73,0.125,4.875,220.50,2.080
2026,2026-05-25,2026-09-07,60,108,15,31,73,0.375,4.875,220.50,2.080
2026,2026-05-25,2026-09-07,60,108,15,32,73,0.625,4.875,219.25,2.068
2026,2026-05-25,2026-09-07,60,108,15,33,73,0.875,4.875,218.00,2.057
2026,2026-05-25,2026-09-07,60,108,15,34,73,1.125,4.875,220.25,2.078
2026,2026-05-25,2026-09-07,60,108,15,35,73,1.375,4.875,224.25,2.116
2026,2026-05-25,2026-09-07,60,108,15,36,73,1.625,4.875,222.75,2.101
2026,2026-05-25,2026-09-07,60,108,15,37,73,1.875,4.875,227.50,2.146
2026,2026-05-25,2026-09-07,60,108,15,38,73,2.125,4.875,220.50,2.080
2026,2026-05-25,2026-09-07,60,108,15,39,73,2.375,4.875,218.75,2.064
2026,2026-05-25,2026-09-07,60,108,15,40,73,2.625,4.875,216.50,2.042
2026,2026-05-25,2026-09-07,60,108,15,41,73,2.875,4.875,215.75,2.035
2026,2026-05-25,2026-09-07,60,108,15,42,73,3.125,4.875,221.25,2.087
2026,2026-05-25,2026-09-07,60,108,15,43,73,3.375,4.875,220.50,2.080
2026,2026-05-25,2026-09-07,60,108,15,44,73,3.625,4.875,223.75,2.111
2026,2026-05-25,2026-09-07,60,108,15,45,73,3.875,4.875,220.50,2.080
2026,2026-05-25,2026-09-07,60,108,15,46,73,4.125,4.875,217.25,2.050
2026,2026-05-25,2026-09-07,60,108,15,47,73,4.375,4.875,215.50,2.033
2026,2026-05-25,2026-09-07,60,108,15,48,73,4.625,4.875,213.00,2.009
2026,2026-05-25,2026-09-07,60,108,15,49,73,4.875,4.875,217.25,2.050
2026,2026-05-25,2026-09-07,60,108,15,50,73,5.125,4.875,217.50,2.052
2026,2026-05-25,2026-09-07,60,108,15,51,73,5.375,4.875,221.00,2.085
2026,2026-05-25,2026-09-07,60,108,15,52,73,5.625,4.875,223.25,2.106
2026,2026-05-25,2026-09-07,60,108,15,53,73,5.875,4.875,215.25,2.031
2026,2026-05-25,2026-09-07,60,108,15,54,73,6.125,4.875,212.75,2.007
2026,2026-05-25,2026-09-07,60,108,15,55,73,6.375,4.875,210.00,1.981
2026,2026-05-25,2026-09-07,60,108,15,56,73,6.625,4.875,209.50,1.976
2026,2026-05-25,2026-09-07,60,108,15,57,73,6.875,4.875,214.00,2.019
2026,2026-05-25,2026-09-07,60,108,15,58,73,7.125,4.875,217.75,2.054
2026,2026-05-25,2026-09-07,60,108,15,59,73,7.375,4.875,220.50,2.080
2026,2026-05-25,2026-09-07,60,108,15,0,74,-7.375,5.125,210.75,1.988
2026,2026-05-25,2026-09-07,60,108,15,1,74,-7.125,5.125,214.00,2.019
2026,2026-05-25,2026-09-07,60,108,15,2,74,-6.875,5.125,215.25,2.031
2026,2026-05-25,2026-09-07,60,108,15,3,74,-6.625,5.125,216.50,2.042
2026,2026-05-25,2026-09-07,60,108,15,4,74,-6.375,5.125,216.75,2.045
2026,2026-05-25,2026-09-07,60,108,15,5,74,-6.125,5.125,213.75,2.017
2026,2026-05-25,2026-09-07,60,108,15,6,74,-5.875,5.125,210.75,1.988
2026,2026-05-25,2026-09-07,60,108,15,7,74,-5.625,5.125,214.25,2.021
2026,2026-05-25,2026-09-07,60,108,15,8,74,-5.375,5.125,215.75,2.035
2026,2026-05-25,2026-09-07,60,108,15,9,74,-5.125,5.125,218.25,2.059
2026,2026-05-25,2026-09-07,60,108,15,10,74,-4.875,5.125,221.00,2.085
2026,2026-05-25,2026-09-07,60,108,15,11,74,-4.625,5.125,220.00,2.075
2026,2026-05-25,2026-09-07,60,108,15,12,74,-4.375,5.125,217.75,2.054
2026,2026-05-25,2026-09-07,60,108,15,13,74,-4.125,5.125,216.00,2.038
2026,2026-05-25,2026-09-07,60,108,15,14,74,-3.875,5.125,219.75,2.073
2026,2026-05-25,2026-09-07,60,108,15,15,74,-3.625,5.125,217.00,2.047
2026,2026-05-25,2026-09-07,60,108,15,16,74,-3.375,5.125,218.75,2.064
2026,2026-05-25,2026-09-07,60,108,15,17,74,-3.125,5.125,221.00,2.085
2026,2026-05-25,2026-09-07,60,108,15,18,74,-2.875,5.125,221.00,2.085
2026,2026-05-25,2026-09-07,60,108,15,19,74,-2.625,5.125,220.00,2.075
2026,2026-05-25,2026-09-07,60,108,15,20,74,-2.375,5.125,223.00,2.104
2026,2026-05-25,2026-09-07,60,108,15,21,74,-2.125,5.125,223.75,2.111
2026,2026-05-25,2026-09-07,60,108,15,22,74,-1.875,5.125,218.25,2.059
2026,2026-05-25,2026-09-07,60,108,15,23,74,-1.625,5.125,219.25,2.068
2026,2026-05-25,2026-09-07,60,108,15,24,74,-1.375,5.125,220.75,2.083
2026,2026-05-25,2026-09-07,60,108,15,25,74,-1.125,5.125,220.00,2.075
2026,2026-05-25,2026-09-07,60,108,15,26,74,-0.875,5.125,219.25,2.068
2026,2026-05-25,2026-09-07,60,108,15,27,74,-0.625,5.125,222.25,2.097
2026,2026-05-25,2026-09-07,60,108,15,28,74,-0.375,5.125,226.75,2.139
2026,2026-05-25,2026-09-07,60,108,15,29,74,-0.125,5.125,222.00,2.094
2026,2026-05-25,2026-09-07,60,108,15,30,74,0.125,5.125,220.50,2.080
2026,2026-05-25,2026-09-07,60,108,15,31,74,0.375,5.125,220.25,2.078
2026,2026-05-25,2026-09-07,60,108,15,32,74,0.625,5.125,219.25,2.068
2026,2026-05-25,2026-09-07,60,108,15,33,74,0.875,5.125,218.00,2.057
2026,2026-05-25,2026-09-07,60,108,15,34,74,1.125,5.125,220.25,2.078
2026,2026-05-25,2026-09-07,60,108,15,35,74,1.375,5.125,224.25,2.116
2026,2026-05-25,2026-09-07,60,108,15,36,74,1.625,5.125,222.75,2.101
2026,2026-05-25,2026-09-07,60,108,15,37,74,1.875,5.125,226.25,2.134
2026,2026-05-25,2026-09-07,60,108,15,38,74,2.125,5.125,220.25,2.078
2026,2026-05-25,2026-09-07,60,108,15,39,74,2.375,5.125,218.50,2.061
2026,2026-05-25,2026-09-07,60,108,15,40,74,2.625,5.125,216.50,2.042
2026,2026-05-25,2026-09-07,60,108,15,41,74,2.875,5.125,215.75,2.035
2026,2026-05-25,2026-09-07,60,108,15,42,74,3.125,5.125,221.25,2.087
2026,2026-05-25,2026-09-07,60,108,15,43,74,3.375,5.125,220.50,2.080
2026,2026-05-25,2026-09-07,60,108,15,44,74,3.625,5.125,223.75,2.111
2026,2026-05-25,2026-09-07,60,108,15,45,74,3.875,5.125,220.50,2.080
2026,2026-05-25,2026-09-07,60,108,15,46,74,4.125,5.125,216.50,2.042
2026,2026-05-25,2026-09-07,60,108,15,47,74,4.375,5.125,215.25,2.031
2026,2026-05-25,2026-09-07,60,108,15,48,74,4.625,5.125,213.00,2.009
2026,2026-05-25,2026-09-07,60,108,15,49,74,4.875,5.125,217.25,2.050
2026,2026-05-25,2026-09-07,60,108,15,50,74,5.125,5.125,217.50,2.052
2026,2026-05-25,2026-09-07,60,108,15,51,74,5.375,5.125,221.00,2.085
2026,2026-05-25,2026-09-07,60,108,15,52,74,5.625,5.125,223.25,2.106
2026,2026-05-25,2026-09-07,60,108,15,53,74,5.875,5.125,215.25,2.031
2026,2026-05-25,2026-09-07,60,108,15,54,74,6.125,5.125,212.75,2.007
2026,2026-05-25,2026-09-07,60,108,15,55,74,6.375,5.125,209.75,1.979
2026,2026-05-25,2026-09-07,60,108,15,56,74,6.625,5.125,208.50,1.967
2026,2026-05-25,2026-09-07,60,108,15,57,74,6.875,5.125,214.00,2.019
2026,2026-05-25,2026-09-07,60,108,15,58,74,7.125,5.125,217.75,2.054
2026,2026-05-25,2026-09-07,60,108,15,59,74,7.375,5.125,220.50,2.080
2026,2026-05-25,2026-09-07,60,108,15,0,75,-7.375,5.375,210.75,1.988
2026,2026-05-25,2026-09-07,60,108,15,1,75,-7.125,5.375,213.75,2.017
2026,2026-05-25,2026-09-07,60,108,15,2,75,-6.875,5.375,215.00,2.028
2026,2026-05-25,2026-09-07,60,108,15,3,75,-6.625,5.375,216.25,2.040
2026,2026-05-25,2026-09-07,60,108,15,4,75,-6.375,5.375,216.75,2.045
2026,2026-05-25,2026-09-07,60,108,15,5,75,-6.125,5.375,213.75,2.017
2026,2026-05-25,2026-09-07,60,108,15,6,75,-5.875,5.375,210.75,1.988
2026,2026-05-25,2026-09-07,60,108,15,7,75,-5.625,5.375,214.25,2.021
2026,2026-05-25,2026-09-07,60,108,15,8,75,-5.375,5.375,215.75,2.035
2026,2026-05-25,2026-09-07,60,108,15,9,75,-5.125,5.375,218.25,2.059
2026,2026-05-25,2026-09-07,60,108,15,10,75,-4.875,5.375,221.00,2.085
2026,2026-05-25,2026-09-07,60,108,15,11,75,-4.625,5.375,219.75,2.073
2026,2026-05-25,2026-09-07,60,108,15,12,75,-4.375,5.375,217.50,2.052
2026,2026-05-25,2026-09-07,60,108,15,13,75,-4.125,5.375,216.00,2.038
2026,2026-05-25,2026-09-07,60,108,15,14,75,-3.875,5.375,219.75,2.073
2026,2026-05-25,2026-09-07,60,108,15,15,75,-3.625,5.375,217.00,2.047
2026,2026-05-25,2026-09-07,60,108,15,16,75,-3.375,5.375,218.75,2.064
2026,2026-05-25,2026-09-07,60,108,15,17,75,-3.125,5.375,221.00,2.085
2026,2026-05-25,2026-09-07,60,108,15,18,75,-2.875,5.375,221.00,2.085
2026,2026-05-25,2026-09-07,60,108,15,19,75,-2.625,5.375,220.00,2.075
2026,2026-05-25,2026-09-07,60,108,15,20,75,-2.375,5.375,221.75,2.092
2026,2026-05-25,2026-09-07,60,108,15,21,75,-2.125,5.375,223.50,2.108
2026,2026-05-25,2026-09-07,60,108,15,22,75,-1.875,5.375,218.00,2.057
2026,2026-05-25,2026-09-07,60,108,15,23,75,-1.625,5.375,219.25,2.068
2026,2026-05-25,2026-09-07,60,108,15,24,75,-1.375,5.375,220.75,2.083
2026,2026-05-25,2026-09-07,60,108,15,25,75,-1.125,5.375,220.00,2.075
2026,2026-05-25,2026-09-07,60,108,15,26,75,-0.875,5.375,219.25,2.068
2026,2026-05-25,2026-09-07,60,108,15,27,75,-0.625,5.375,222.25,2.097
2026,2026-05-25,2026-09-07,60,108,15,28,75,-0.375,5.375,226.75,2.139
2026,2026-05-25,2026-09-07,60,108,15,29,75,-0.125,5.375,221.75,2.092
2026,2026-05-25,2026-09-07,60,108,15,30,75,0.125,5.375,220.25,2.078
2026,2026-05-25,2026-09-07,60,108,15,31,75,0.375,5.375,220.25,2.078
2026,2026-05-25,2026-09-07,60,108,15,32,75,0.625,5.375,219.25,2.068
2026,2026-05-25,2026-09-07,60,108,15,33,75,0.875,5.375,218.00,2.057
2026,2026-05-25,2026-09-07,60,108,15,34,75,1.125,5.375,220.25,2.078
2026,2026-05-25,2026-09-07,60,108,15,35,75,1.375,5.375,224.25,2.116
2026,2026-05-25,2026-09-07,60,108,15,36,75,1.625,5.375,222.75,2.101
2026,2026-05-25,2026-09-07,60,108,15,37,75,1.875,5.375,226.25,2.134
2026,2026-05-25,2026-09-07,60,108,15,38,75,2.125,5.375,220.25,2.078
2026,2026-05-25,2026-09-07,60,108,15,39,75,2.375,5.375,218.50,2.061
2026,2026-05-25,2026-09-07,60,108,15,40,75,2.625,5.375,216.50,2.042
2026,2026-05-25,2026-09-07,60,108,15,41,75,2.875,5.375,215.75,2.035
2026,2026-05-25,2026-09-07,60,108,15,42,75,3.125,5.375,221.25,2.087
2026,2026-05-25,2026-09-07,60,108,15,43,75,3.375,5.375,220.50,2.080
2026,2026-05-25,2026-09-07,60,108,15,44,75,3.625,5.375,223.75,2.111
2026,2026-05-25,2026-09-07,60,108,15,45,75,3.875,5.375,220.50,2.080
2026,2026-05-25,2026-09-07,60,108,15,46,75,4.125,5.375,216.25,2.040
2026,2026-05-25,2026-09-07,60,108,15,47,75,4.375,5.375,214.25,2.021
2026,2026-05-25,2026-09-07,60,108,15,48,75,4.625,5.375,213.00,2.009
2026,2026-05-25,2026-09-07,60,108,15,49,75,4.875,5.375,217.25,2.050
2026,2026-05-25,2026-09-07,60,108,15,50,75,5.125,5.375,217.50,2.052
2026,2026-05-25,2026-09-07,60,108,15,51,75,5.375,5.375,221.00,2.085
2026,2026-05-25,2026-09-07,60,108,15,52,75,5.625,5.375,223.25,2.106
2026,2026-05-25,2026-09-07,60,108,15,53,75,5.875,5.375,215.25,2.031
2026,2026-05-25,2026-09-07,60,108,15,54,75,6.125,5.375,212.75,2.007
2026,2026-05-25,2026-09-07,60,108,15,55,75,6.375,5.375,209.75,1.979
2026,2026-05-25,2026-09-07,60,108,15,56,75,6.625,5.375,208.50,1.967
2026,2026-05-25,2026-09-07,60,108,15,57,75,6.875,5.375,213.25,2.012
2026,2026-05-25,2026-09-07,60,108,15,58,75,7.125,5.375,217.75,2.054
2026,2026-05-25,2026-09-07,60,108,15,59,75,7.375,5.375,220.50,2.080
2026,2026-05-25,2026-09-07,60,108,15,0,76,-7.375,5.625,210.75,1.988
2026,2026-05-25,2026-09-07,60,108,15,1,76,-7.125,5.625,213.50,2.014
2026,2026-05-25,2026-09-07,60,108,15,2,76,-6.875,5.625,214.75,2.026
2026,2026-05-25,2026-09-07,60,108,15,3,76,-6.625,5.625,216.25,2.040
2026,2026-05-25,2026-09-07,60,108,15,4,76,-6.375,5.625,216.75,2.045
2026,2026-05-25,2026-09-07,60,108,15,5,76,-6.125,5.625,213.75,2.017
2026,2026-05-25,2026-09-07,60,108,15,6,76,-5.875,5.625,210.75,1.988
2026,2026-05-25,2026-09-07,60,108,15,7,76,-5.625,5.625,214.25,2.021
2026,2026-05-25,2026-09-07,60,108,15,8,76,-5.375,5.625,215.75,2.035
2026,2026-05-25,2026-09-07,60,108,15,9,76,-5.125,5.625,218.25,2.059
2026,2026-05-25,2026-09-07,60,108,15,10,76,-4.875,5.625,221.00,2.085
2026,2026-05-25,2026-09-07,60,108,15,11,76,-4.625,5.625,219.50,2.071
2026,2026-05-25,2026-09-07,60,108,15,12,76,-4.375,5.625,217.00,2.047
2026,2026-05-25,2026-09-07,60,108,15,13,76,-4.125,5.625,216.00,2.038
2026,2026-05-25,2026-09-07,60,108,15,14,76,-3.875,5.625,219.75,2.073
2026,2026-05-25,2026-09-07,60,108,15,15,76,-3.625,5.625,217.00,2.047
2026,2026-05-25,2026-09-07,60,108,15,16,76,-3.375,5.625,218.75,2.064
2026,2026-05-25,2026-09-07,60,108,15,17,76,-3.125,5.625,221.00,2.085
2026,2026-05-25,2026-09-07,60,108,15,18,76,-2.875,5.625,221.00,2.085
2026,2026-05-25,2026-09-07,60,108,15,19,76,-2.625,5.625,220.00,2.075
2026,2026-05-25,2026-09-07,60,108,15,20,76,-2.375,5.625,221.50,2.090
2026,2026-05-25,2026-09-07,60,108,15,21,76,-2.125,5.625,223.25,2.106
2026,2026-05-25,2026-09-07,60,108,15,22,76,-1.875,5.625,218.00,2.057
2026,2026-05-25,2026-09-07,60,108,15,23,76,-1.625,5.625,219.25,2.068
2026,2026-05-25,2026-09-07,60,108,15,24,76,-1.375,5.625,220.75,2.083
2026,2026-05-25,2026-09-07,60,108,15,25,76,-1.125,5.625,220.00,2.075
2026,2026-05-25,2026-09-07,60,108,15,26,76,-0.875,5.625,219.25,2.068
2026,2026-05-25,2026-09-07,60,108,15,27,76,-0.625,5.625,222.25,2.097
2026,2026-05-25,2026-09-07,60,108,15,28,76,-0.375,5.625,226.75,2.139
2026,2026-05-25,2026-09-07,60,108,15,29,76,-0.125,5.625,220.25,2.078
2026,2026-05-25,2026-09-07,60,108,15,30,76,0.125,5.625,220.00,2.075
2026,2026-05-25,2026-09-07,60,108,15,31,76,0.375,5.625,220.25,2.078
2026,2026-05-25,2026-09-07,60,108,15,32,76,0.625,5.625,219.25,2.068
2026,2026-05-25,2026-09-07,60,108,15,33,76,0.875,5.625,218.00,2.057
2026,2026-05-25,2026-09-07,60,108,15,34,76,1.125,5.625,220.25,2.078
2026,2026-05-25,2026-09-07,60,108,15,35,76,1.375,5.625,224.25,2.116
2026,2026-05-25,2026-09-07,60,108,15,36,76,1.625,5.625,222.75,2.101
2026,2026-05-25,2026-09-07,60,108,15,37,76,1.875,5.625,226.25,2.134
2026,2026-05-25,2026-09-07,60,108,15,38,76,2.125,5.625,218.75,2.064
2026,2026-05-25,2026-09-07,60,108,15,39,76,2.375,5.625,218.25,2.059
2026,2026-05-25,2026-09-07,60,108,15,40,76,2.625,5.625,216.50,2.042
2026,2026-05-25,2026-09-07,60,108,15,41,76,2.875,5.625,215.75,2.035
2026,2026-05-25,2026-09-07,60,108,15,42,76,3.125,5.625,221.25,2.087
2026,2026-05-25,2026-09-07,60,108,15,43,76,3.375,5.625,220.50,2.080
2026,2026-05-25,2026-09-07,60,108,15,44,76,3.625,5.625,223.75,2.111
2026,2026-05-25,2026-09-07,60,108,15,45,76,3.875,5.625,220.50,2.080
2026,2026-05-25,2026-09-07,60,108,15,46,76,4.125,5.625,216.25,2.040
2026,2026-05-25,2026-09-07,60,108,15,47,76,4.375,5.625,213.75,2.017
2026,2026-05-25,2026-09-07,60,108,15,48,76,4.625,5.625,213.00,2.009
2026,2026-05-25,2026-09-07,60,108,15,49,76,4.875,5.625,217.25,2.050
2026,2026-05-25,2026-09-07,60,108,15,50,76,5.125,5.625,217.50,2.052
2026,2026-05-25,2026-09-07,60,108,15,51,76,5.375,5.625,221.00,2.085
2026,2026-05-25,2026-09-07,60,108,15,52,76,5.625,5.625,223.25,2.106
2026,2026-05-25,2026-09-07,60,108,15,53,76,5.875,5.625,215.25,2.031
2026,2026-05-25,2026-09-07,60,108,15,54,76,6.125,5.625,212.75,2.007
2026,2026-05-25,2026-09-07,60,108,15,55,76,6.375,5.625,209.75,1.979
2026,2026-05-25,2026-09-07,60,108,15,56,76,6.625,5.625,208.50,1.967
2026,2026-05-25,2026-09-07,60,108,15,57,76,6.875,5.625,212.75,2.007
2026,2026-05-25,2026-09-07,60,108,15,58,76,7.125,5.625,217.75,2.054
2026,2026-05-25,2026-09-07,60,108,15,59,76,7.375,5.625,220.50,2.080
2026,2026-05-25,2026-09-07,60,108,15,0,77,-7.375,5.875,210.75,1.988
2026,2026-05-25,2026-09-07,60,108,15,1,77,-7.125,5.875,213.25,2.012
2026,2026-05-25,2026-09-07,60,108,15,2,77,-6.875,5.875,214.75,2.026
2026,2026-05-25,2026-09-07,60,108,15,3,77,-6.625,5.875,216.25,2.040
2026,2026-05-25,2026-09-07,60,108,15,4,77,-6.375,5.875,216.75,2.045
2026,2026-05-25,2026-09-07,60,108,15,5,77,-6.125,5.875,213.75,2.017
2026,2026-05-25,2026-09-07,60,108,15,6,77,-5.875,5.875,210.75,1.988
2026,2026-05-25,2026-09-07,60,108,15,7,77,-5.625,5.875,214.25,2.021
2026,2026-05-25,2026-09-07,60,108,15,8,77,-5.375,5.875,215.75,2.035
2026,2026-05-25,2026-09-07,60,108,15,9,77,-5.125,5.875,218.25,2.059
2026,2026-05-25,2026-09-07,60,108,15,10,77,-4.875,5.875,221.00,2.085
2026,2026-05-25,2026-09-07,60,108,15,11,77,-4.625,5.875,219.25,2.068
2026,2026-05-25,2026-09-07,60,108,15,12,77,-4.375,5.875,216.50,2.042
2026,2026-05-25,2026-09-07,60,108,15,13,77,-4.125,5.875,216.00,2.038
2026,2026-05-25,2026-09-07,60,108,15,14,77,-3.875,5.875,219.75,2.073
2026,2026-05-25,2026-09-07,60,108,15,15,77,-3.625,5.875,217.00,2.047
2026,2026-05-25,2026-09-07,60,108,15,16,77,-3.375,5.875,218.75,2.064
2026,2026-05-25,2026-09-07,60,108,15,17,77,-3.125,5.875,221.00,2.085
2026,2026-05-25,2026-09-07,60,108,15,18,77,-2.875,5.875,221.00,2.085
2026,2026-05-25,2026-09-07,60,108,15,19,77,-2.625,5.875,220.00,2.075
2026,2026-05-25,2026-09-07,60,108,15,20,77,-2.375,5.875,221.25,2.087
2026,2026-05-25,2026-09-07,60,108,15,21,77,-2.125,5.875,223.00,2.104
2026,2026-05-25,2026-09-07,60,108,15,22,77,-1.875,5.875,218.00,2.057
2026,2026-05-25,2026-09-07,60,108,15,23,77,-1.625,5.875,219.25,2.068
2026,2026-05-25,2026-09-07,60,108,15,24,77,-1.375,5.875,220.75,2.083
2026,2026-05-25,2026-09-07,60,108,15,25,77,-1.125,5.875,220.00,2.075
2026,2026-05-25,2026-09-07,60,108,15,26,77,-0.875,5.875,219.25,2.068
2026,2026-05-25,2026-09-07,60,108,15,27,77,-0.625,5.875,222.25,2.097
2026,2026-05-25,2026-09-07,60,108,15,28,77,-0.375,5.875,226.75,2.139
2026,2026-05-25,2026-09-07,60,108,15,29,77,-0.125,5.875,220.00,2.075
2026,2026-05-25,2026-09-07,60,108,15,30,77,0.125,5.875,219.75,2.073
2026,2026-05-25,2026-09-07,60,108,15,31,77,0.375,5.875,220.25,2.078
2026,2026-05-25,2026-09-07,60,108,15,32,77,0.625,5.875,219.25,2.068
2026,2026-05-25,2026-09-07,60,108,15,33,77,0.875,5.875,218.00,2.057
2026,2026-05-25,2026-09-07,60,108,15,34,77,1.125,5.875,220.25,2.078
2026,2026-05-25,2026-09-07,60,108,15,35,77,1.375,5.875,224.25,2.116
2026,2026-05-25,2026-09-07,60,108,15,36,77,1.625,5.875,222.75,2.101
2026,2026-05-25,2026-09-07,60,108,15,37,77,1.875,5.875,226.25,2.134
2026,2026-05-25,2026-09-07,60,108,15,38,77,2.125,5.875,218.50,2.061
2026,2026-05-25,2026-09-07,60,108,15,39,77,2.375,5.875,218.25,2.059
2026,2026-05-25,2026-09-07,60,108,15,40,77,2.625,5.875,216.50,2.042
2026,2026-05-25,2026-09-07,60,108,15,41,77,2.875,5.875,215.75,2.035
2026,2026-05-25,2026-09-07,60,108,15,42,77,3.125,5.875,221.25,2.087
2026,2026-05-25,2026-09-07,60,108,15,43,77,3.375,5.875,220.50,2.080
2026,2026-05-25,2026-09-07,60,108,15,44,77,3.625,5.875,223.75,2.111
2026,2026-05-25,2026-09-07,60,108,15,45,77,3.875,5.875,220.50,2.080
2026,2026-05-25,2026-09-07,60,108,15,46,77,4.125,5.875,216.25,2.040
2026,2026-05-25,2026-09-07,60,108,15,47,77,4.375,5.875,213.75,2.017
2026,2026-05-25,2026-09-07,60,108,15,48,77,4.625,5.875,212.25,2.002
2026,2026-05-25,2026-09-07,60,108,15,49,77,4.875,5.875,217.25,2.050
2026,2026-05-25,2026-09-07,60,108,15,50,77,5.125,5.875,217.50,2.052
2026,2026-05-25,2026-09-07,60,108,15,51,77,5.375,5.875,221.00,2.085
2026,2026-05-25,2026-09-07,60,108,15,52,77,5.625,5.875,223.25,2.106
2026,2026-05-25,2026-09-07,60,108,15,53,77,5.875,5.875,215.25,2.031
2026,2026-05-25,2026-09-07,60,108,15,54,77,6.125,5.875,212.75,2.007
2026,2026-05-25,2026-09-07,60,108,15,55,77,6.375,5.875,209.75,1.979
2026,2026-05-25,2026-09-07,60,108,15,56,77,6.625,5.875,208.50,1.967
2026,2026-05-25,2026-09-07,60,108,15,57,77,6.875,5.875,212.75,2.007
2026,2026-05-25,2026-09-07,60,108,15,58,77,7.125,5.875,217.00,2.047
2026,2026-05-25,2026-09-07,60,108,15,59,77,7.375,5.875,220.50,2.080
2026,2026-05-25,2026-09-07,60,108,15,0,78,-7.375,6.125,210.75,1.988
2026,2026-05-25,2026-09-07,60,108,15,1,78,-7.125,6.125,213.00,2.009
2026,2026-05-25,2026-09-07,60,108,15,2,78,-6.875,6.125,214.75,2.026
2026,2026-05-25,2026-09-07,60,108,15,3,78,-6.625,6.125,216.25,2.040
2026,2026-05-25,2026-09-07,60,108,15,4,78,-6.375,6.125,216.75,2.045
2026,2026-05-25,2026-09-07,60,108,15,5,78,-6.125,6.125,213.75,2.017
2026,2026-05-25,2026-09-07,60,108,15,6,78,-5.875,6.125,210.75,1.988
2026,2026-05-25,2026-09-07,60,108,15,7,78,-5.625,6.125,214.25,2.021
2026,2026-05-25,2026-09-07,60,108,15,8,78,-5.375,6.125,215.75,2.035
2026,2026-05-25,2026-09-07,60,108,15,9,78,-5.125,6.125,218.25,2.059
2026,2026-05-25,2026-09-07,60,108,15,10,78,-4.875,6.125,221.00,2.085
2026,2026-05-25,2026-09-07,60,108,15,11,78,-4.625,6.125,219.00,2.066
2026,2026-05-25,2026-09-07,60,108,15,12,78,-4.375,6.125,216.50,2.042
2026,2026-05-25,2026-09-07,60,108,15,13,78,-4.125,6.125,216.00,2.038
2026,2026-05-25,2026-09-07,60,108,15,14,78,-3.875,6.125,219.75,2.073
2026,2026-05-25,2026-09-07,60,108,15,15,78,-3.625,6.125,217.00,2.047
2026,2026-05-25,2026-09-07,60,108,15,16,78,-3.375,6.125,218.75,2.064
2026,2026-05-25,2026-09-07,60,108,15,17,78,-3.125,6.125,221.00,2.085
2026,2026-05-25,2026-09-07,60,108,15,18,78,-2.875,6.125,221.00,2.085
2026,2026-05-25,2026-09-07,60,108,15,19,78,-2.625,6.125,220.00,2.075
2026,2026-05-25,2026-09-07,60,108,15,20,78,-2.375,6.125,221.00,2.085
2026,2026-05-25,2026-09-07,60,108,15,21,78,-2.125,6.125,223.00,2.104
2026,2026-05-25,2026-09-07,60,108,15,22,78,-1.875,6.125,218.00,2.057
2026,2026-05-25,2026-09-07,60,108,15,23,78,-1.625,6.125,219.25,2.068
2026,2026-05-25,2026-09-07,60,108,15,24,78,-1.375,6.125,220.75,2.083
2026,2026-05-25,2026-09-07,60,108,15,25,78,-1.125,6.125,220.00,2.075
2026,2026-05-25,2026-09-07,60,108,15,26,78,-0.875,6.125,219.25,2.068
2026,2026-05-25,2026-09-07,60,108,15,27,78,-0.625,6.125,222.25,2.097
2026,2026-05-25,2026-09-07,60,108,15,28,78,-0.375,6.125,226.75,2.139
2026,2026-05-25,2026-09-07,60,108,15,29,78,-0.125,6.125,220.00,2.075
2026,2026-05-25,2026-09-07,60,108,15,30,78,0.125,6.125,219.75,2.073
2026,2026-05-25,2026-09-07,60,108,15,31,78,0.375,6.125,220.25,2.078
2026,2026-05-25,2026-09-07,60,108,15,32,78,0.625,6.125,219.25,2.068
2026,2026-05-25,2026-09-07,60,108,15,33,78,0.875,6.125,218.00,2.057
2026,2026-05-25,2026-09-07,60,108,15,34,78,1.125,6.125,220.25,2.078
2026,2026-05-25,2026-09-07,60,108,15,35,78,1.375,6.125,224.25,2.116
2026,2026-05-25,2026-09-07,60,108,15,36,78,1.625,6.125,222.75,2.101
2026,2026-05-25,2026-09-07,60,108,15,37,78,1.875,6.125,226.25,2.134
2026,2026-05-25,2026-09-07,60,108,15,38,78,2.125,6.125,218.25,2.059
2026,2026-05-25,2026-09-07,60,108,15,39,78,2.375,6.125,217.75,2.054
2026,2026-05-25,2026-09-07,60,108,15,40,78,2.625,6.125,216.50,2.042
2026,2026-05-25,2026-09-07,60,108,15,41,78,2.875,6.125,215.75,2.035
2026,2026-05-25,2026-09-07,60,108,15,42,78,3.125,6.125,221.25,2.087
2026,2026-05-25,2026-09-07,60,108,15,43,78,3.375,6.125,220.50,2.080
2026,2026-05-25,2026-09-07,60,108,15,44,78,3.625,6.125,223.75,2.111
2026,2026-05-25,2026-09-07,60,108,15,45,78,3.875,6.125,220.50,2.080
2026,2026-05-25,2026-09-07,60,108,15,46,78,4.125,6.125,216.25,2.040
2026,2026-05-25,2026-09-07,60,108,15,47,78,4.375,6.125,213.50,2.014
2026,2026-05-25,2026-09-07,60,108,15,48,78,4.625,6.125,212.25,2.002
2026,2026-05-25,2026-09-07,60,108,15,49,78,4.875,6.125,217.25,2.050
2026,2026-05-25,2026-09-07,60,108,15,50,78,5.125,6.125,217.50,2.052
2026,2026-05-25,2026-09-07,60,108,15,51,78,5.375,6.125,221.00,2.085
2026,2026-05-25,2026-09-07,60,108,15,52,78,5.625,6.125,223.25,2.106
2026,2026-05-25,2026-09-07,60,108,15,53,78,5.875,6.125,215.25,2.031
2026,2026-05-25,2026-09-07,60,108,15,54,78,6.125,6.125,212.75,2.007
2026,2026-05-25,2026-09-07,60,108,15,55,78,6.375,6.125,209.50,1.976
2026,2026-05-25,2026-09-07,60,108,15,56,78,6.625,6.125,208.50,1.967
2026,2026-05-25,2026-09-07,60,108,15,57,78,6.875,6.125,212.75,2.007
2026,2026-05-25,2026-09-07,60,108,15,58,78,7.125,6.125,217.00,2.047
2026,2026-05-25,2026-09-07,60,108,15,59,78,7.375,6.125,220.50,2.080
2026,2026-05-25,2026-09-07,60,108,15,0,79,-7.375,6.375,210.50,1.986
2026,2026-05-25,2026-09-07,60,108,15,1,79,-7.125,6.375,213.00,2.009
2026,2026-05-25,2026-09-07,60,108,15,2,79,-6.875,6.375,214.75,2.026
2026,2026-05-25,2026-09-07,60,108,15,3,79,-6.625,6.375,216.25,2.040
2026,2026-05-25,2026-09-07,60,108,15,4,79,-6.375,6.375,216.75,2.045
2026,2026-05-25,2026-09-07,60,108,15,5,79,-6.125,6.375,213.75,2.017
2026,2026-05-25,2026-09-07,60,108,15,6,79,-5.875,6.375,210.75,1.988
2026,2026-05-25,2026-09-07,60,108,15,7,79,-5.625,6.375,214.25,2.021
2026,2026-05-25,2026-09-07,60,108,15,8,79,-5.375,6.375,215.75,2.035
2026,2026-05-25,2026-09-07,60,108,15,9,79,-5.125,6.375,218.25,2.059
2026,2026-05-25,2026-09-07,60,108,15,10,79,-4.875,6.375,220.75,2.083
2026,2026-05-25,2026-09-07,60,108,15,11,79,-4.625,6.375,219.00,2.066
2026,2026-05-25,2026-09-07,60,108,15,12,79,-4.375,6.375,216.50,2.042
2026,2026-05-25,2026-09-07,60,108,15,13,79,-4.125,6.375,216.00,2.038
2026,2026-05-25,2026-09-07,60,108,15,14,79,-3.875,6.375,219.75,2.073
2026,2026-05-25,2026-09-07,60,108,15,15,79,-3.625,6.375,217.00,2.047
2026,2026-05-25,2026-09-07,60,108,15,16,79,-3.375,6.375,218.75,2.064
2026,2026-05-25,2026-09-07,60,108,15,17,79,-3.125,6.375,221.00,2.085
2026,2026-05-25,2026-09-07,60,108,15,18,79,-2.875,6.375,221.00,2.085
2026,2026-05-25,2026-09-07,60,108,15,19,79,-2.625,6.375,220.00,2.075
2026,2026-05-25,2026-09-07,60,108,15,20,79,-2.375,6.375,220.75,2.083
2026,2026-05-25,2026-09-07,60,108,15,21,79,-2.125,6.375,222.50,2.099
2026,2026-05-25,2026-09-07,60,108,15,22,79,-1.875,6.375,218.00,2.057
2026,2026-05-25,2026-09-07,60,108,15,23,79,-1.625,6.375,219.25,2.068
2026,2026-05-25,2026-09-07,60,108,15,24,79,-1.375,6.375,220.75,2.083
2026,2026-05-25,2026-09-07,60,108,15,25,79,-1.125,6.375,220.00,2.075
2026,2026-05-25,2026-09-07,60,108,15,26,79,-0.875,6.375,219.25,2.068
2026,2026-05-25,2026-09-07,60,108,15,27,79,-0.625,6.375,222.25,2.097
2026,2026-05-25,2026-09-07,60,108,15,28,79,-0.375,6.375,226.75,2.139
2026,2026-05-25,2026-09-07,60,108,15,29,79,-0.125,6.375,219.75,2.073
2026,2026-05-25,2026-09-07,60,108,15,30,79,0.125,6.375,219.25,2.068
2026,2026-05-25,2026-09-07,60,108,15,31,79,0.375,6.375,220.25,2.078
2026,2026-05-25,2026-09-07,60,108,15,32,79,0.625,6.375,219.25,2.068
2026,2026-05-25,2026-09-07,60,108,15,33,79,0.875,6.375,218.00,2.057
2026,2026-05-25,2026-09-07,60,108,15,34,79,1.125,6.375,220.25,2.078
2026,2026-05-25,2026-09-07,60,108,15,35,79,1.375,6.375,224.25,2.116
2026,2026-05-25,2026-09-07,60,108,15,36,79,1.625,6.375,222.75,2.101
2026,2026-05-25,2026-09-07,60,108,15,37,79,1.875,6.375,226.25,2.134
2026,2026-05-25,2026-09-07,60,108,15,38,79,2.125,6.375,218.25,2.059
2026,2026-05-25,2026-09-07,60,108,15,39,79,2.375,6.375,217.75,2.054
2026,2026-05-25,2026-09-07,60,108,15,40,79,2.625,6.375,216.50,2.042
2026,2026-05-25,2026-09-07,60,108,15,41,79,2.875,6.375,215.75,2.035
2026,2026-05-25,2026-09-07,60,108,15,42,79,3.125,6.375,221.25,2.087
2026,2026-05-25,2026-09-07,60,108,15,43,79,3.375,6.375,220.50,2.080
2026,2026-05-25,2026-09-07,60,108,15,44,79,3.625,6.375,223.75,2.111
2026,2026-05-25,2026-09-07,60,108,15,45,79,3.875,6.375,220.50,2.080
2026,2026-05-25,2026-09-07,60,108,15,46,79,4.125,6.375,216.25,2.040
2026,2026-05-25,2026-09-07,60,108,15,47,79,4.375,6.375,213.50,2.014
2026,2026-05-25,2026-09-07,60,108,15,48,79,4.625,6.375,212.25,2.002
2026,2026-05-25,2026-09-07,60,108,15,49,79,4.875,6.375,217.00,2.047
2026,2026-05-25,2026-09-07,60,108,15,50,79,5.125,6.375,217.50,2.052
2026,2026-05-25,2026-09-07,60,108,15,51,79,5.375,6.375,221.00,2.085
2026,2026-05-25,2026-09-07,60,108,15,52,79,5.625,6.375,223.25,2.106
2026,2026-05-25,2026-09-07,60,108,15,53,79,5.875,6.375,215.25,2.031
2026,2026-05-25,2026-09-07,60,108,15,54,79,6.125,6.375,212.75,2.007
2026,2026-05-25,2026-09-07,60,108,15,55,79,6.375,6.375,209.50,1.976
2026,2026-05-25,2026-09-07,60,108,15,56,79,6.625,6.375,208.50,1.967
2026,2026-05-25,2026-09-07,60,108,15,57,79,6.875,6.375,212.75,2.007
2026,2026-05-25,2026-09-07,60,108,15,58,79,7.125,6.375,217.00,2.047
2026,2026-05-25,2026-09-07,60,108,15,59,79,7.375,6.375,220.25,2.078
2026,2026-05-25,2026-09-07,60,108,15,0,80,-7.375,6.625,210.50,1.986
2026,2026-05-25,2026-09-07,60,108,15,1,80,-7.125,6.625,213.00,2.009
2026,2026-05-25,2026-09-07,60,108,15,2,80,-6.875,6.625,214.75,2.026
2026,2026-05-25,2026-09-07,60,108,15,3,80,-6.625,6.625,216.25,2.040
2026,2026-05-25,2026-09-07,60,108,15,4,80,-6.375,6.625,216.75,2.045
2026,2026-05-25,2026-09-07,60,108,15,5,80,-6.125,6.625,213.75,2.017
2026,2026-05-25,2026-09-07,60,108,15,6,80,-5.875,6.625,210.75,1.988
2026,2026-05-25,2026-09-07,60,108,15,7,80,-5.625,6.625,214.25,2.021
2026,2026-05-25,2026-09-07,60,108,15,8,80,-5.375,6.625,215.75,2.035
2026,2026-05-25,2026-09-07,60,108,15,9,80,-5.125,6.625,218.25,2.059
2026,2026-05-25,2026-09-07,60,108,15,10,80,-4.875,6.625,220.50,2.080
2026,2026-05-25,2026-09-07,60,108,15,11,80,-4.625,6.625,219.00,2.066
2026,2026-05-25,2026-09-07,60,108,15,12,80,-4.375,6.625,216.50,2.042
2026,2026-05-25,2026-09-07,60,108,15,13,80,-4.125,6.625,216.00,2.038
2026,2026-05-25,2026-09-07,60,108,15,14,80,-3.875,6.625,219.75,2.073
2026,2026-05-25,2026-09-07,60,108,15,15,80,-3.625,6.625,217.00,2.047
2026,2026-05-25,2026-09-07,60,108,15,16,80,-3.375,6.625,218.75,2.064
2026,2026-05-25,2026-09-07,60,108,15,17,80,-3.125,6.625,221.00,2.085
2026,2026-05-25,2026-09-07,60,108,15,18,80,-2.875,6.625,221.00,2.085
2026,2026-05-25,2026-09-07,60,108,15,19,80,-2.625,6.625,220.00,2.075
2026,2026-05-25,2026-09-07,60,108,15,20,80,-2.375,6.625,220.75,2.083
2026,2026-05-25,2026-09-07,60,108,15,21,80,-2.125,6.625,222.50,2.099
2026,2026-05-25,2026-09-07,60,108,15,22,80,-1.875,6.625,218.00,2.057
2026,2026-05-25,2026-09-07,60,108,15,23,80,-1.625,6.625,219.25,2.068
2026,2026-05-25,2026-09-07,60,108,15,24,80,-1.375,6.625,220.75,2.083
2026,2026-05-25,2026-09-07,60,108,15,25,80,-1.125,6.625,220.00,2.075
2026,2026-05-25,2026-09-07,60,108,15,26,80,-0.875,6.625,219.25,2.068
2026,2026-05-25,2026-09-07,60,108,15,27,80,-0.625,6.625,222.25,2.097
2026,2026-05-25,2026-09-07,60,108,15,28,80,-0.375,6.625,226.75,2.139
2026,2026-05-25,2026-09-07,60,108,15,29,80,-0.125,6.625,219.50,2.071
2026,2026-05-25,2026-09-07,60,108,15,30,80,0.125,6.625,219.25,2.068
2026,2026-05-25,2026-09-07,60,108,15,31,80,0.375,6.625,220.25,2.078
2026,2026-05-25,2026-09-07,60,108,15,32,80,0.625,6.625,219.25,2.068
2026,2026-05-25,2026-09-07,60,108,15,33,80,0.875,6.625,218.00,2.057
2026,2026-05-25,2026-09-07,60,108,15,34,80,1.125,6.625,220.25,2.078
2026,2026-05-25,2026-09-07,60,108,15,35,80,1.375,6.625,224.25,2.116
2026,2026-05-25,2026-09-07,60,108,15,36,80,1.625,6.625,222.75,2.101
2026,2026-05-25,2026-09-07,60,108,15,37,80,1.875,6.625,226.25,2.134
2026,2026-05-25,2026-09-07,60,108,15,38,80,2.125,6.625,218.00,2.057
2026,2026-05-25,2026-09-07,60,108,15,39,80,2.375,6.625,217.75,2.054
2026,2026-05-25,2026-09-07,60,108,15,40,80,2.625,6.625,216.50,2.042
2026,2026-05-25,2026-09-07,60,108,15,41,80,2.875,6.625,215.75,2.035
2026,2026-05-25,2026-09-07,60,108,15,42,80,3.125,6.625,221.25,2.087
2026,2026-05-25,2026-09-07,60,108,15,43,80,3.375,6.625,220.50,2.080
2026,2026-05-25,2026-09-07,60,108,15,44,80,3.625,6.625,223.75,2.111
2026,2026-05-25,2026-09-07,60,108,15,45,80,3.875,6.625,220.50,2.080
2026,2026-05-25,2026-09-07,60,108,15,46,80,4.125,6.625,216.25,2.040
2026,2026-05-25,2026-09-07,60,108,15,47,80,4.375,6.625,213.50,2.014
2026,2026-05-25,2026-09-07,60,108,15,48,80,4.625,6.625,212.25,2.002
2026,2026-05-25,2026-09-07,60,108,15,49,80,4.875,6.625,217.00,2.047
2026,2026-05-25,2026-09-07,60,108,15,50,80,5.125,6.625,217.50,2.052
2026,2026-05-25,2026-09-07,60,108,15,51,80,5.375,6.625,221.00,2.085
2026,2026-05-25,2026-09-07,60,108,15,52,80,5.625,6.625,223.25,2.106
2026,2026-05-25,2026-09-07,60,108,15,53,80,5.875,6.625,215.25,2.031
2026,2026-05-25,2026-09-07,60,108,15,54,80,6.125,6.625,212.75,2.007
2026,2026-05-25,2026-09-07,60,108,15,55,80,6.375,6.625,209.50,1.976
2026,2026-05-25,2026-09-07,60,108,15,56,80,6.625,6.625,208.50,1.967
2026,2026-05-25,2026-09-07,60,108,15,57,80,6.875,6.625,212.75,2.007
2026,2026-05-25,2026-09-07,60,108,15,58,80,7.125,6.625,217.00,2.047
2026,2026-05-25,2026-09-07,60,108,15,59,80,7.375,6.625,220.25,2.078
2026,2026-05-25,2026-09-07,60,108,15,0,81,-7.375,6.875,210.50,1.986
2026,2026-05-25,2026-09-07,60,108,15,1,81,-7.125,6.875,213.00,2.009
2026,2026-05-25,2026-09-07,60,108,15,2,81,-6.875,6.875,214.75,2.026
2026,2026-05-25,2026-09-07,60,108,15,3,81,-6.625,6.875,216.25,2.040
2026,2026-05-25,2026-09-07,60,108,15,4,81,-6.375,6.875,216.50,2.042
2026,2026-05-25,2026-09-07,60,108,15,5,81,-6.125,6.875,213.75,2.017
2026,2026-05-25,2026-09-07,60,108,15,6,81,-5.875,6.875,210.75,1.988
2026,2026-05-25,2026-09-07,60,108,15,7,81,-5.625,6.875,214.25,2.021
2026,2026-05-25,2026-09-07,60,108,15,8,81,-5.375,6.875,215.75,2.035
2026,2026-05-25,2026-09-07,60,108,15,9,81,-5.125,6.875,218.25,2.059
2026,2026-05-25,2026-09-07,60,108,15,10,81,-4.875,6.875,220.50,2.080
2026,2026-05-25,2026-09-07,60,108,15,11,81,-4.625,6.875,219.00,2.066
2026,2026-05-25,2026-09-07,60,108,15,12,81,-4.375,6.875,216.50,2.042
2026,2026-05-25,2026-09-07,60,108,15,13,81,-4.125,6.875,216.00,2.038
2026,2026-05-25,2026-09-07,60,108,15,14,81,-3.875,6.875,219.75,2.073
2026,2026-05-25,2026-09-07,60,108,15,15,81,-3.625,6.875,217.00,2.047
2026,2026-05-25,2026-09-07,60,108,15,16,81,-3.375,6.875,218.75,2.064
2026,2026-05-25,2026-09-07,60,108,15,17,81,-3.125,6.875,221.00,2.085
2026,2026-05-25,2026-09-07,60,108,15,18,81,-2.875,6.875,221.00,2.085
2026,2026-05-25,2026-09-07,60,108,15,19,81,-2.625,6.875,220.00,2.075
2026,2026-05-25,2026-09-07,60,108,15,20,81,-2.375,6.875,220.75,2.083
2026,2026-05-25,2026-09-07,60,108,15,21,81,-2.125,6.875,222.50,2.099
2026,2026-05-25,2026-09-07,60,108,15,22,81,-1.875,6.875,218.00,2.057
2026,2026-05-25,2026-09-07,60,108,15,23,81,-1.625,6.875,219.25,2.068
2026,2026-05-25,2026-09-07,60,108,15,24,81,-1.375,6.875,220.75,2.083
2026,2026-05-25,2026-09-07,60,108,15,25,81,-1.125,6.875,220.00,2.075
2026,2026-05-25,2026-09-07,60,108,15,26,81,-0.875,6.875,219.25,2.068
2026,2026-05-25,2026-09-07,60,108,15,27,81,-0.625,6.875,222.25,2.097
2026,2026-05-25,2026-09-07,60,108,15,28,81,-0.375,6.875,226.75,2.139
2026,2026-05-25,2026-09-07,60,108,15,29,81,-0.125,6.875,219.50,2.071
2026,2026-05-25,2026-09-07,60,108,15,30,81,0.125,6.875,219.25,2.068
2026,2026-05-25,2026-09-07,60,108,15,31,81,0.375,6.875,220.25,2.078
2026,2026-05-25,2026-09-07,60,108,15,32,81,0.625,6.875,219.25,2.068
2026,2026-05-25,2026-09-07,60,108,15,33,81,0.875,6.875,218.00,2.057
2026,2026-05-25,2026-09-07,60,108,15,34,81,1.125,6.875,220.25,2.078
2026,2026-05-25,2026-09-07,60,108,15,35,81,1.375,6.875,224.25,2.116
2026,2026-05-25,2026-09-07,60,108,15,36,81,1.625,6.875,222.75,2.101
2026,2026-05-25,2026-09-07,60,108,15,37,81,1.875,6.875,226.25,2.134
2026,2026-05-25,2026-09-07,60,108,15,38,81,2.125,6.875,218.00,2.057
2026,2026-05-25,2026-09-07,60,108,15,39,81,2.375,6.875,217.75,2.054
2026,2026-05-25,2026-09-07,60,108,15,40,81,2.625,6.875,216.50,2.042
2026,2026-05-25,2026-09-07,60,108,15,41,81,2.875,6.875,215.75,2.035
2026,2026-05-25,2026-09-07,60,108,15,42,81,3.125,6.875,221.25,2.087
2026,2026-05-25,2026-09-07,60,108,15,43,81,3.375,6.875,220.50,2.080
2026,2026-05-25,2026-09-07,60,108,15,44,81,3.625,6.875,223.75,2.111
2026,2026-05-25,2026-09-07,60,108,15,45,81,3.875,6.875,220.50,2.080
2026,2026-05-25,2026-09-07,60,108,15,46,81,4.125,6.875,216.25,2.040
2026,2026-05-25,2026-09-07,60,108,15,47,81,4.375,6.875,213.50,2.014
2026,2026-05-25,2026-09-07,60,108,15,48,81,4.625,6.875,212.25,2.002
2026,2026-05-25,2026-09-07,60,108,15,49,81,4.875,6.875,217.00,2.047
2026,2026-05-25,2026-09-07,60,108,15,50,81,5.125,6.875,217.50,2.052
2026,2026-05-25,2026-09-07,60,108,15,51,81,5.375,6.875,221.00,2.085
2026,2026-05-25,2026-09-07,60,108,15,52,81,5.625,6.875,223.25,2.106
2026,2026-05-25,2026-09-07,60,108,15,53,81,5.875,6.875,215.25,2.031
2026,2026-05-25,2026-09-07,60,108,15,54,81,6.125,6.875,212.75,2.007
2026,2026-05-25,2026-09-07,60,108,15,55,81,6.375,6.875,209.50,1.976
2026,2026-05-25,2026-09-07,60,108,15,56,81,6.625,6.875,208.50,1.967
2026,2026-05-25,2026-09-07,60,108,15,57,81,6.875,6.875,212.75,2.007
2026,2026-05-25,2026-09-07,60,108,15,58,81,7.125,6.875,217.00,2.047
2026,2026-05-25,2026-09-07,60,108,15,59,81,7.375,6.875,220.25,2.078
2026,2026-05-25,2026-09-07,60,108,15,0,82,-7.375,7.125,210.50,1.986
2026,2026-05-25,2026-09-07,60,108,15,1,82,-7.125,7.125,213.00,2.009
2026,2026-05-25,2026-09-07,60,108,15,2,82,-6.875,7.125,214.75,2.026
2026,2026-05-25,2026-09-07,60,108,15,3,82,-6.625,7.125,216.25,2.040
2026,2026-05-25,2026-09-07,60,108,15,4,82,-6.375,7.125,216.50,2.042
2026,2026-05-25,2026-09-07,60,108,15,5,82,-6.125,7.125,213.75,2.017
2026,2026-05-25,2026-09-07,60,108,15,6,82,-5.875,7.125,210.75,1.988
2026,2026-05-25,2026-09-07,60,108,15,7,82,-5.625,7.125,214.25,2.021
2026,2026-05-25,2026-09-07,60,108,15,8,82,-5.375,7.125,215.75,2.035
2026,2026-05-25,2026-09-07,60,108,15,9,82,-5.125,7.125,218.25,2.059
2026,2026-05-25,2026-09-07,60,108,15,10,82,-4.875,7.125,220.50,2.080
2026,2026-05-25,2026-09-07,60,108,15,11,82,-4.625,7.125,219.00,2.066
2026,2026-05-25,2026-09-07,60,108,15,12,82,-4.375,7.125,216.50,2.042
2026,2026-05-25,2026-09-07,60,108,15,13,82,-4.125,7.125,216.00,2.038
2026,2026-05-25,2026-09-07,60,108,15,14,82,-3.875,7.125,219.75,2.073
2026,2026-05-25,2026-09-07,60,108,15,15,82,-3.625,7.125,217.00,2.047
2026,2026-05-25,2026-09-07,60,108,15,16,82,-3.375,7.125,218.75,2.064
2026,2026-05-25,2026-09-07,60,108,15,17,82,-3.125,7.125,221.00,2.085
2026,2026-05-25,2026-09-07,60,108,15,18,82,-2.875,7.125,221.00,2.085
2026,2026-05-25,2026-09-07,60,108,15,19,82,-2.625,7.125,220.00,2.075
2026,2026-05-25,2026-09-07,60,108,15,20,82,-2.375,7.125,220.75,2.083
2026,2026-05-25,2026-09-07,60,108,15,21,82,-2.125,7.125,222.50,2.099
2026,2026-05-25,2026-09-07,60,108,15,22,82,-1.875,7.125,218.00,2.057
2026,2026-05-25,2026-09-07,60,108,15,23,82,-1.625,7.125,219.25,2.068
2026,2026-05-25,2026-09-07,60,108,15,24,82,-1.375,7.125,220.75,2.083
2026,2026-05-25,2026-09-07,60,108,15,25,82,-1.125,7.125,220.00,2.075
2026,2026-05-25,2026-09-07,60,108,15,26,82,-0.875,7.125,219.25,2.068
2026,2026-05-25,2026-09-07,60,108,15,27,82,-0.625,7.125,222.25,2.097
2026,2026-05-25,2026-09-07,60,108,15,28,82,-0.375,7.125,226.75,2.139
2026,2026-05-25,2026-09-07,60,108,15,29,82,-0.125,7.125,219.50,2.071
2026,2026-05-25,2026-09-07,60,108,15,30,82,0.125,7.125,219.25,2.068
2026,2026-05-25,2026-09-07,60,108,15,31,82,0.375,7.125,220.25,2.078
2026,2026-05-25,2026-09-07,60,108,15,32,82,0.625,7.125,219.25,2.068
2026,2026-05-25,2026-09-07,60,108,15,33,82,0.875,7.125,218.00,2.057
2026,2026-05-25,2026-09-07,60,108,15,34,82,1.125,7.125,220.25,2.078
2026,2026-05-25,2026-09-07,60,108,15,35,82,1.375,7.125,224.25,2.116
2026,2026-05-25,2026-09-07,60,108,15,36,82,1.625,7.125,222.75,2.101
2026,2026-05-25,2026-09-07,60,108,15,37,82,1.875,7.125,226.25,2.134
2026,2026-05-25,2026-09-07,60,108,15,38,82,2.125,7.125,218.00,2.057
2026,2026-05-25,2026-09-07,60,108,15,39,82,2.375,7.125,217.75,2.054
2026,2026-05-25,2026-09-07,60,108,15,40,82,2.625,7.125,216.50,2.042
2026,2026-05-25,2026-09-07,60,108,15,41,82,2.875,7.125,215.75,2.035
2026,2026-05-25,2026-09-07,60,108,15,42,82,3.125,7.125,221.25,2.087
2026,2026-05-25,2026-09-07,60,108,15,43,82,3.375,7.125,220.50,2.080
2026,2026-05-25,2026-09-07,60,108,15,44,82,3.625,7.125,223.75,2.111
2026,2026-05-25,2026-09-07,60,108,15,45,82,3.875,7.125,220.50,2.080
2026,2026-05-25,2026-09-07,60,108,15,46,82,4.125,7.125,216.25,2.040
2026,2026-05-25,2026-09-07,60,108,15,47,82,4.375,7.125,213.50,2.014
2026,2026-05-25,2026-09-07,60,108,15,48,82,4.625,7.125,212.25,2.002
2026,2026-05-25,2026-09-07,60,108,15,49,82,4.875,7.125,217.00,2.047
2026,2026-05-25,2026-09-07,60,108,15,50,82,5.125,7.125,217.50,2.052
2026,2026-05-25,2026-09-07,60,108,15,51,82,5.375,7.125,221.00,2.085
2026,2026-05-25,2026-09-07,60,108,15,52,82,5.625,7.125,223.25,2.106
2026,2026-05-25,2026-09-07,60,108,15,53,82,5.875,7.125,215.25,2.031
2026,2026-05-25,2026-09-07,60,108,15,54,82,6.125,7.125,212.75,2.007
2026,2026-05-25,2026-09-07,60,108,15,55,82,6.375,7.125,209.50,1.976
2026,2026-05-25,2026-09-07,60,108,15,56,82,6.625,7.125,208.50,1.967
2026,2026-05-25,2026-09-07,60,108,15,57,82,6.875,7.125,212.75,2.007
2026,2026-05-25,2026-09-07,60,108,15,58,82,7.125,7.125,217.00,2.047
2026,2026-05-25,2026-09-07,60,108,15,59,82,7.375,7.125,220.25,2.078
2026,2026-05-25,2026-09-07,60,108,15,0,83,-7.375,7.375,210.50,1.986
2026,2026-05-25,2026-09-07,60,108,15,1,83,-7.125,7.375,213.00,2.009
2026,2026-05-25,2026-09-07,60,108,15,2,83,-6.875,7.375,214.75,2.026
2026,2026-05-25,2026-09-07,60,108,15,3,83,-6.625,7.375,216.25,2.040
2026,2026-05-25,2026-09-07,60,108,15,4,83,-6.375,7.375,216.50,2.042
2026,2026-05-25,2026-09-07,60,108,15,5,83,-6.125,7.375,213.75,2.017
2026,2026-05-25,2026-09-07,60,108,15,6,83,-5.875,7.375,210.75,1.988
2026,2026-05-25,2026-09-07,60,108,15,7,83,-5.625,7.375,214.25,2.021
2026,2026-05-25,2026-09-07,60,108,15,8,83,-5.375,7.375,215.75,2.035
2026,2026-05-25,2026-09-07,60,108,15,9,83,-5.125,7.375,218.25,2.059
2026,2026-05-25,2026-09-07,60,108,15,10,83,-4.875,7.375,220.50,2.080
2026,2026-05-25,2026-09-07,60,108,15,11,83,-4.625,7.375,219.00,2.066
2026,2026-05-25,2026-09-07,60,108,15,12,83,-4.375,7.375,216.50,2.042
2026,2026-05-25,2026-09-07,60,108,15,13,83,-4.125,7.375,216.00,2.038
2026,2026-05-25,2026-09-07,60,108,15,14,83,-3.875,7.375,219.75,2.073
2026,2026-05-25,2026-09-07,60,108,15,15,83,-3.625,7.375,217.00,2.047
2026,2026-05-25,2026-09-07,60,108,15,16,83,-3.375,7.375,218.75,2.064
2026,2026-05-25,2026-09-07,60,108,15,17,83,-3.125,7.375,221.00,2.085
2026,2026-05-25,2026-09-07,60,108,15,18,83,-2.875,7.375,221.00,2.085
2026,2026-05-25,2026-09-07,60,108,15,19,83,-2.625,7.375,220.00,2.075
2026,2026-05-25,2026-09-07,60,108,15,20,83,-2.375,7.375,220.75,2.083
2026,2026-05-25,2026-09-07,60,108,15,21,83,-2.125,7.375,222.50,2.099
2026,2026-05-25,2026-09-07,60,108,15,22,83,-1.875,7.375,218.00,2.057
2026,2026-05-25,2026-09-07,60,108,15,23,83,-1.625,7.375,219.25,2.068
2026,2026-05-25,2026-09-07,60,108,15,24,83,-1.375,7.375,220.75,2.083
2026,2026-05-25,2026-09-07,60,108,15,25,83,-1.125,7.375,220.00,2.075
2026,2026-05-25,2026-09-07,60,108,15,26,83,-0.875,7.375,219.25,2.068
2026,2026-05-25,2026-09-07,60,108,15,27,83,-0.625,7.375,222.25,2.097
2026,2026-05-25,2026-09-07,60,108,15,28,83,-0.375,7.375,226.75,2.139
2026,2026-05-25,2026-09-07,60,108,15,29,83,-0.125,7.375,219.50,2.071
2026,2026-05-25,2026-09-07,60,108,15,30,83,0.125,7.375,219.25,2.068
2026,2026-05-25,2026-09-07,60,108,15,31,83,0.375,7.375,220.25,2.078
2026,2026-05-25,2026-09-07,60,108,15,32,83,0.625,7.375,219.25,2.068
2026,2026-05-25,2026-09-07,60,108,15,33,83,0.875,7.375,218.00,2.057
2026,2026-05-25,2026-09-07,60,108,15,34,83,1.125,7.375,220.25,2.078
2026,2026-05-25,2026-09-07,60,108,15,35,83,1.375,7.375,224.25,2.116
2026,2026-05-25,2026-09-07,60,108,15,36,83,1.625,7.375,222.75,2.101
2026,2026-05-25,2026-09-07,60,108,15,37,83,1.875,7.375,226.25,2.134
2026,2026-05-25,2026-09-07,60,108,15,38,83,2.125,7.375,218.00,2.057
2026,2026-05-25,2026-09-07,60,108,15,39,83,2.375,7.375,217.75,2.054
2026,2026-05-25,2026-09-07,60,108,15,40,83,2.625,7.375,216.50,2.042
2026,2026-05-25,2026-09-07,60,108,15,41,83,2.875,7.375,215.75,2.035
2026,2026-05-25,2026-09-07,60,108,15,42,83,3.125,7.375,221.25,2.087
2026,2026-05-25,2026-09-07,60,108,15,43,83,3.375,7.375,220.50,2.080
2026,2026-05-25,2026-09-07,60,108,15,44,83,3.625,7.375,223.75,2.111
2026,2026-05-25,2026-09-07,60,108,15,45,83,3.875,7.375,220.50,2.080
2026,2026-05-25,2026-09-07,60,108,15,46,83,4.125,7.375,216.25,2.040
2026,2026-05-25,2026-09-07,60,108,15,47,83,4.375,7.375,213.50,2.014
2026,2026-05-25,2026-09-07,60,108,15,48,83,4.625,7.375,212.25,2.002
2026,2026-05-25,2026-09-07,60,108,15,49,83,4.875,7.375,217.00,2.047
2026,2026-05-25,2026-09-07,60,108,15,50,83,5.125,7.375,217.50,2.052
2026,2026-05-25,2026-09-07,60,108,15,51,83,5.375,7.375,221.00,2.085
2026,2026-05-25,2026-09-07,60,108,15,52,83,5.625,7.375,223.25,2.106
2026,2026-05-25,2026-09-07,60,108,15,53,83,5.875,7.375,215.25,2.031
2026,2026-05-25,2026-09-07,60,108,15,54,83,6.125,7.375,212.75,2.007
2026,2026-05-25,2026-09-07,60,108,15,55,83,6.375,7.375,209.50,1.976
2026,2026-05-25,2026-09-07,60,108,15,56,83,6.625,7.375,208.50,1.967
2026,2026-05-25,2026-09-07,60,108,15,57,83,6.875,7.375,212.75,2.007
2026,2026-05-25,2026-09-07,60,108,15,58,83,7.125,7.375,217.00,2.047
2026,2026-05-25,2026-09-07,60,108,15,59,83,7.375,7.375,220.25,2.078
2026,2026-05-25,2026-09-07,60,108,15,0,84,-7.375,7.625,210.50,1.986
2026,2026-05-25,2026-09-07,60,108,15,1,84,-7.125,7.625,213.00,2.009
2026,2026-05-25,2026-09-07,60,108,15,2,84,-6.875,7.625,214.75,2.026
2026,2026-05-25,2026-09-07,60,108,15,3,84,-6.625,7.625,216.25,2.040
2026,2026-05-25,2026-09-07,60,108,15,4,84,-6.375,7.625,216.50,2.042
2026,2026-05-25,2026-09-07,60,108,15,5,84,-6.125,7.625,213.75,2.017
2026,2026-05-25,2026-09-07,60,108,15,6,84,-5.875,7.625,210.75,1.988
2026,2026-05-25,2026-09-07,60,108,15,7,84,-5.625,7.625,214.25,2.021
2026,2026-05-25,2026-09-07,60,108,15,8,84,-5.375,7.625,215.75,2.035
2026,2026-05-25,2026-09-07,60,108,15,9,84,-5.125,7.625,218.25,2.059
2026,2026-05-25,2026-09-07,60,108,15,10,84,-4.875,7.625,220.50,2.080
2026,2026-05-25,2026-09-07,60,108,15,11,84,-4.625,7.625,219.00,2.066
2026,2026-05-25,2026-09-07,60,108,15,12,84,-4.375,7.625,216.50,2.042
2026,2026-05-25,2026-09-07,60,108,15,13,84,-4.125,7.625,216.00,2.038
2026,2026-05-25,2026-09-07,60,108,15,14,84,-3.875,7.625,219.75,2.073
2026,2026-05-25,2026-09-07,60,108,15,15,84,-3.625,7.625,217.00,2.047
2026,2026-05-25,2026-09-07,60,108,15,16,84,-3.375,7.625,218.75,2.064
2026,2026-05-25,2026-09-07,60,108,15,17,84,-3.125,7.625,221.00,2.085
2026,2026-05-25,2026-09-07,60,108,15,18,84,-2.875,7.625,221.00,2.085
2026,2026-05-25,2026-09-07,60,108,15,19,84,-2.625,7.625,220.00,2.075
2026,2026-05-25,2026-09-07,60,108,15,20,84,-2.375,7.625,220.75,2.083
2026,2026-05-25,2026-09-07,60,108,15,21,84,-2.125,7.625,222.50,2.099
2026,2026-05-25,2026-09-07,60,108,15,22,84,-1.875,7.625,218.00,2.057
2026,2026-05-25,2026-09-07,60,108,15,23,84,-1.625,7.625,219.25,2.068
2026,2026-05-25,2026-09-07,60,108,15,24,84,-1.375,7.625,220.75,2.083
2026,2026-05-25,2026-09-07,60,108,15,25,84,-1.125,7.625,220.00,2.075
2026,2026-05-25,2026-09-07,60,108,15,26,84,-0.875,7.625,219.25,2.068
2026,2026-05-25,2026-09-07,60,108,15,27,84,-0.625,7.625,222.25,2.097
2026,2026-05-25,2026-09-07,60,108,15,28,84,-0.375,7.625,226.75,2.139
2026,2026-05-25,2026-09-07,60,108,15,29,84,-0.125,7.625,219.50,2.071
2026,2026-05-25,2026-09-07,60,108,15,30,84,0.125,7.625,219.25,2.068
2026,2026-05-25,2026-09-07,60,108,15,31,84,0.375,7.625,220.25,2.078
2026,2026-05-25,2026-09-07,60,108,15,32,84,0.625,7.625,219.25,2.068
2026,2026-05-25,2026-09-07,60,108,15,33,84,0.875,7.625,218.00,2.057
2026,2026-05-25,2026-09-07,60,108,15,34,84,1.125,7.625,220.25,2.078
2026,2026-05-25,2026-09-07,60,108,15,35,84,1.375,7.625,224.25,2.116
2026,2026-05-25,2026-09-07,60,108,15,36,84,1.625,7.625,222.75,2.101
2026,2026-05-25,2026-09-07,60,108,15,37,84,1.875,7.625,226.25,2.134
2026,2026-05-25,2026-09-07,60,108,15,38,84,2.125,7.625,218.00,2.057
2026,2026-05-25,2026-09-07,60,108,15,39,84,2.375,7.625,217.75,2.054
2026,2026-05-25,2026-09-07,60,108,15,40,84,2.625,7.625,216.50,2.042
2026,2026-05-25,2026-09-07,60,108,15,41,84,2.875,7.625,215.75,2.035
2026,2026-05-25,2026-09-07,60,108,15,42,84,3.125,7.625,221.25,2.087
2026,2026-05-25,2026-09-07,60,108,15,43,84,3.375,7.625,220.50,2.080
2026,2026-05-25,2026-09-07,60,108,15,44,84,3.625,7.625,223.75,2.111
2026,2026-05-25,2026-09-07,60,108,15,45,84,3.875,7.625,220.50,2.080
2026,2026-05-25,2026-09-07,60,108,15,46,84,4.125,7.625,216.25,2.040
2026,2026-05-25,2026-09-07,60,108,15,47,84,4.375,7.625,213.50,2.014
2026,2026-05-25,2026-09-07,60,108,15,48,84,4.625,7.625,212.25,2.002
2026,2026-05-25,2026-09-07,60,108,15,49,84,4.875,7.625,217.00,2.047
2026,2026-05-25,2026-09-07,60,108,15,50,84,5.125,7.625,217.50,2.052
2026,2026-05-25,2026-09-07,60,108,15,51,84,5.375,7.625,221.00,2.085
2026,2026-05-25,2026-09-07,60,108,15,52,84,5.625,7.625,223.25,2.106
2026,2026-05-25,2026-09-07,60,108,15,53,84,5.875,7.625,215.25,2.031
2026,2026-05-25,2026-09-07,60,108,15,54,84,6.125,7.625,212.75,2.007
2026,2026-05-25,2026-09-07,60,108,15,55,84,6.375,7.625,209.50,1.976
2026,2026-05-25,2026-09-07,60,108,15,56,84,6.625,7.625,208.50,1.967
2026,2026-05-25,2026-09-07,60,108,15,57,84,6.875,7.625,212.75,2.007
2026,2026-05-25,2026-09-07,60,108,15,58,84,7.125,7.625,217.00,2.047
2026,2026-05-25,2026-09-07,60,108,15,59,84,7.375,7.625,220.25,2.078
2026,2026-05-25,2026-09-07,60,108,15,0,85,-7.375,7.875,210.50,1.986
2026,2026-05-25,2026-09-07,60,108,15,1,85,-7.125,7.875,213.00,2.009
2026,2026-05-25,2026-09-07,60,108,15,2,85,-6.875,7.875,214.75,2.026
2026,2026-05-25,2026-09-07,60,108,15,3,85,-6.625,7.875,216.25,2.040
2026,2026-05-25,2026-09-07,60,108,15,4,85,-6.375,7.875,216.50,2.042
2026,2026-05-25,2026-09-07,60,108,15,5,85,-6.125,7.875,213.75,2.017
2026,2026-05-25,2026-09-07,60,108,15,6,85,-5.875,7.875,210.75,1.988
2026,2026-05-25,2026-09-07,60,108,15,7,85,-5.625,7.875,214.25,2.021
2026,2026-05-25,2026-09-07,60,108,15,8,85,-5.375,7.875,215.75,2.035
2026,2026-05-25,2026-09-07,60,108,15,9,85,-5.125,7.875,218.25,2.059
2026,2026-05-25,2026-09-07,60,108,15,10,85,-4.875,7.875,220.50,2.080
2026,2026-05-25,2026-09-07,60,108,15,11,85,-4.625,7.875,219.00,2.066
2026,2026-05-25,2026-09-07,60,108,15,12,85,-4.375,7.875,216.50,2.042
2026,2026-05-25,2026-09-07,60,108,15,13,85,-4.125,7.875,216.00,2.038
2026,2026-05-25,2026-09-07,60,108,15,14,85,-3.875,7.875,219.75,2.073
2026,2026-05-25,2026-09-07,60,108,15,15,85,-3.625,7.875,217.00,2.047
2026,2026-05-25,2026-09-07,60,108,15,16,85,-3.375,7.875,218.75,2.064
2026,2026-05-25,2026-09-07,60,108,15,17,85,-3.125,7.875,221.00,2.085
2026,2026-05-25,2026-09-07,60,108,15,18,85,-2.875,7.875,221.00,2.085
2026,2026-05-25,2026-09-07,60,108,15,19,85,-2.625,7.875,220.00,2.075
2026,2026-05-25,2026-09-07,60,108,15,20,85,-2.375,7.875,220.75,2.083
2026,2026-05-25,2026-09-07,60,108,15,21,85,-2.125,7.875,222.50,2.099
2026,2026-05-25,2026-09-07,60,108,15,22,85,-1.875,7.875,218.00,2.057
2026,2026-05-25,2026-09-07,60,108,15,23,85,-1.625,7.875,219.25,2.068
2026,2026-05-25,2026-09-07,60,108,15,24,85,-1.375,7.875,220.75,2.083
2026,2026-05-25,2026-09-07,60,108,15,25,85,-1.125,7.875,220.00,2.075
2026,2026-05-25,2026-09-07,60,108,15,26,85,-0.875,7.875,219.25,2.068
2026,2026-05-25,2026-09-07,60,108,15,27,85,-0.625,7.875,222.25,2.097
2026,2026-05-25,2026-09-07,60,108,15,28,85,-0.375,7.875,226.75,2.139
2026,2026-05-25,2026-09-07,60,108,15,29,85,-0.125,7.875,219.50,2.071
2026,2026-05-25,2026-09-07,60,108,15,30,85,0.125,7.875,219.25,2.068
2026,2026-05-25,2026-09-07,60,108,15,31,85,0.375,7.875,220.25,2.078
2026,2026-05-25,2026-09-07,60,108,15,32,85,0.625,7.875,219.25,2.068
2026,2026-05-25,2026-09-07,60,108,15,33,85,0.875,7.875,218.00,2.057
2026,2026-05-25,2026-09-07,60,108,15,34,85,1.125,7.875,220.25,2.078
2026,2026-05-25,2026-09-07,60,108,15,35,85,1.375,7.875,224.25,2.116
2026,2026-05-25,2026-09-07,60,108,15,36,85,1.625,7.875,222.75,2.101
2026,2026-05-25,2026-09-07,60,108,15,37,85,1.875,7.875,226.25,2.134
2026,2026-05-25,2026-09-07,60,108,15,38,85,2.125,7.875,218.00,2.057
2026,2026-05-25,2026-09-07,60,108,15,39,85,2.375,7.875,217.75,2.054
2026,2026-05-25,2026-09-07,60,108,15,40,85,2.625,7.875,216.50,2.042
2026,2026-05-25,2026-09-07,60,108,15,41,85,2.875,7.875,215.75,2.035
2026,2026-05-25,2026-09-07,60,108,15,42,85,3.125,7.875,221.25,2.087
2026,2026-05-25,2026-09-07,60,108,15,43,85,3.375,7.875,220.50,2.080
2026,2026-05-25,2026-09-07,60,108,15,44,85,3.625,7.875,223.75,2.111
2026,2026-05-25,2026-09-07,60,108,15,45,85,3.875,7.875,220.50,2.080
2026,2026-05-25,2026-09-07,60,108,15,46,85,4.125,7.875,216.25,2.040
2026,2026-05-25,2026-09-07,60,108,15,47,85,4.375,7.875,213.50,2.014
2026,2026-05-25,2026-09-07,60,108,15,48,85,4.625,7.875,212.25,2.002
2026,2026-05-25,2026-09-07,60,108,15,49,85,4.875,7.875,217.00,2.047
2026,2026-05-25,2026-09-07,60,108,15,50,85,5.125,7.875,217.50,2.052
2026,2026-05-25,2026-09-07,60,108,15,51,85,5.375,7.875,221.00,2.085
2026,2026-05-25,2026-09-07,60,108,15,52,85,5.625,7.875,223.25,2.106
2026,2026-05-25,2026-09-07,60,108,15,53,85,5.875,7.875,215.25,2.031
2026,2026-05-25,2026-09-07,60,108,15,54,85,6.125,7.875,212.75,2.007
2026,2026-05-25,2026-09-07,60,108,15,55,85,6.375,7.875,209.50,1.976
2026,2026-05-25,2026-09-07,60,108,15,56,85,6.625,7.875,208.50,1.967
2026,2026-05-25,2026-09-07,60,108,15,57,85,6.875,7.875,212.75,2.007
2026,2026-05-25,2026-09-07,60,108,15,58,85,7.125,7.875,217.00,2.047
2026,2026-05-25,2026-09-07,60,108,15,59,85,7.375,7.875,220.25,2.078
2026,2026-05-25,2026-09-07,60,108,15,0,86,-7.375,8.125,210.50,1.986
2026,2026-05-25,2026-09-07,60,108,15,1,86,-7.125,8.125,213.00,2.009
2026,2026-05-25,2026-09-07,60,108,15,2,86,-6.875,8.125,214.75,2.026
2026,2026-05-25,2026-09-07,60,108,15,3,86,-6.625,8.125,216.25,2.040
2026,2026-05-25,2026-09-07,60,108,15,4,86,-6.375,8.125,216.50,2.042
2026,2026-05-25,2026-09-07,60,108,15,5,86,-6.125,8.125,213.75,2.017
2026,2026-05-25,2026-09-07,60,108,15,6,86,-5.875,8.125,210.75,1.988
2026,2026-05-25,2026-09-07,60,108,15,7,86,-5.625,8.125,214.25,2.021
2026,2026-05-25,2026-09-07,60,108,15,8,86,-5.375,8.125,215.75,2.035
2026,2026-05-25,2026-09-07,60,108,15,9,86,-5.125,8.125,218.25,2.059
2026,2026-05-25,2026-09-07,60,108,15,10,86,-4.875,8.125,220.50,2.080
2026,2026-05-25,2026-09-07,60,108,15,11,86,-4.625,8.125,219.00,2.066
2026,2026-05-25,2026-09-07,60,108,15,12,86,-4.375,8.125,216.50,2.042
2026,2026-05-25,2026-09-07,60,108,15,13,86,-4.125,8.125,216.00,2.038
2026,2026-05-25,2026-09-07,60,108,15,14,86,-3.875,8.125,219.75,2.073
2026,2026-05-25,2026-09-07,60,108,15,15,86,-3.625,8.125,217.00,2.047
2026,2026-05-25,2026-09-07,60,108,15,16,86,-3.375,8.125,218.75,2.064
2026,2026-05-25,2026-09-07,60,108,15,17,86,-3.125,8.125,221.00,2.085
2026,2026-05-25,2026-09-07,60,108,15,18,86,-2.875,8.125,221.00,2.085
2026,2026-05-25,2026-09-07,60,108,15,19,86,-2.625,8.125,220.00,2.075
2026,2026-05-25,2026-09-07,60,108,15,20,86,-2.375,8.125,220.75,2.083
2026,2026-05-25,2026-09-07,60,108,15,21,86,-2.125,8.125,222.50,2.099
2026,2026-05-25,2026-09-07,60,108,15,22,86,-1.875,8.125,218.00,2.057
2026,2026-05-25,2026-09-07,60,108,15,23,86,-1.625,8.125,219.25,2.068
2026,2026-05-25,2026-09-07,60,108,15,24,86,-1.375,8.125,220.75,2.083
2026,2026-05-25,2026-09-07,60,108,15,25,86,-1.125,8.125,220.00,2.075
2026,2026-05-25,2026-09-07,60,108,15,26,86,-0.875,8.125,219.25,2.068
2026,2026-05-25,2026-09-07,60,108,15,27,86,-0.625,8.125,222.25,2.097
2026,2026-05-25,2026-09-07,60,108,15,28,86,-0.375,8.125,226.75,2.139
2026,2026-05-25,2026-09-07,60,108,15,29,86,-0.125,8.125,219.50,2.071
2026,2026-05-25,2026-09-07,60,108,15,30,86,0.125,8.125,219.25,2.068
2026,2026-05-25,2026-09-07,60,108,15,31,86,0.375,8.125,220.25,2.078
2026,2026-05-25,2026-09-07,60,108,15,32,86,0.625,8.125,219.25,2.068
2026,2026-05-25,2026-09-07,60,108,15,33,86,0.875,8.125,218.00,2.057
2026,2026-05-25,2026-09-07,60,108,15,34,86,1.125,8.125,220.25,2.078
2026,2026-05-25,2026-09-07,60,108,15,35,86,1.375,8.125,224.25,2.116
2026,2026-05-25,2026-09-07,60,108,15,36,86,1.625,8.125,222.75,2.101
2026,2026-05-25,2026-09-07,60,108,15,37,86,1.875,8.125,226.25,2.134
2026,2026-05-25,2026-09-07,60,108,15,38,86,2.125,8.125,218.00,2.057
2026,2026-05-25,2026-09-07,60,108,15,39,86,2.375,8.125,217.75,2.054
2026,2026-05-25,2026-09-07,60,108,15,40,86,2.625,8.125,216.50,2.042
2026,2026-05-25,2026-09-07,60,108,15,41,86,2.875,8.125,215.75,2.035
2026,2026-05-25,2026-09-07,60,108,15,42,86,3.125,8.125,221.25,2.087
2026,2026-05-25,2026-09-07,60,108,15,43,86,3.375,8.125,220.50,2.080
2026,2026-05-25,2026-09-07,60,108,15,44,86,3.625,8.125,223.75,2.111
2026,2026-05-25,2026-09-07,60,108,15,45,86,3.875,8.125,220.50,2.080
2026,2026-05-25,2026-09-07,60,108,15,46,86,4.125,8.125,216.25,2.040
2026,2026-05-25,2026-09-07,60,108,15,47,86,4.375,8.125,213.50,2.014
2026,2026-05-25,2026-09-07,60,108,15,48,86,4.625,8.125,212.25,2.002
2026,2026-05-25,2026-09-07,60,108,15,49,86,4.875,8.125,217.00,2.047
2026,2026-05-25,2026-09-07,60,108,15,50,86,5.125,8.125,217.50,2.052
2026,2026-05-25,2026-09-07,60,108,15,51,86,5.375,8.125,221.00,2.085
2026,2026-05-25,2026-09-07,60,108,15,52,86,5.625,8.125,223.25,2.106
2026,2026-05-25,2026-09-07,60,108,15,53,86,5.875,8.125,215.25,2.031
2026,2026-05-25,2026-09-07,60,108,15,54,86,6.125,8.125,212.75,2.007
2026,2026-05-25,2026-09-07,60,108,15,55,86,6.375,8.125,209.50,1.976
2026,2026-05-25,2026-09-07,60,108,15,56,86,6.625,8.125,208.50,1.967
2026,2026-05-25,2026-09-07,60,108,15,57,86,6.875,8.125,212.75,2.007
2026,2026-05-25,2026-09-07,60,108,15,58,86,7.125,8.125,217.00,2.047
2026,2026-05-25,2026-09-07,60,108,15,59,86,7.375,8.125,220.25,2.078
2026,2026-05-25,2026-09-07,60,108,15,0,87,-7.375,8.375,210.50,1.986
2026,2026-05-25,2026-09-07,60,108,15,1,87,-7.125,8.375,213.00,2.009
2026,2026-05-25,2026-09-07,60,108,15,2,87,-6.875,8.375,214.75,2.026
2026,2026-05-25,2026-09-07,60,108,15,3,87,-6.625,8.375,216.25,2.040
2026,2026-05-25,2026-09-07,60,108,15,4,87,-6.375,8.375,216.50,2.042
2026,2026-05-25,2026-09-07,60,108,15,5,87,-6.125,8.375,213.75,2.017
2026,2026-05-25,2026-09-07,60,108,15,6,87,-5.875,8.375,210.75,1.988
2026,2026-05-25,2026-09-07,60,108,15,7,87,-5.625,8.375,214.25,2.021
2026,2026-05-25,2026-09-07,60,108,15,8,87,-5.375,8.375,215.75,2.035
2026,2026-05-25,2026-09-07,60,108,15,9,87,-5.125,8.375,218.25,2.059
2026,2026-05-25,2026-09-07,60,108,15,10,87,-4.875,8.375,220.50,2.080
2026,2026-05-25,2026-09-07,60,108,15,11,87,-4.625,8.375,219.00,2.066
2026,2026-05-25,2026-09-07,60,108,15,12,87,-4.375,8.375,216.50,2.042
2026,2026-05-25,2026-09-07,60,108,15,13,87,-4.125,8.375,216.00,2.038
2026,2026-05-25,2026-09-07,60,108,15,14,87,-3.875,8.375,219.75,2.073
2026,2026-05-25,2026-09-07,60,108,15,15,87,-3.625,8.375,217.00,2.047
2026,2026-05-25,2026-09-07,60,108,15,16,87,-3.375,8.375,218.75,2.064
2026,2026-05-25,2026-09-07,60,108,15,17,87,-3.125,8.375,221.00,2.085
2026,2026-05-25,2026-09-07,60,108,15,18,87,-2.875,8.375,221.00,2.085
2026,2026-05-25,2026-09-07,60,108,15,19,87,-2.625,8.375,220.00,2.075
2026,2026-05-25,2026-09-07,60,108,15,20,87,-2.375,8.375,220.75,2.083
2026,2026-05-25,2026-09-07,60,108,15,21,87,-2.125,8.375,222.50,2.099
2026,2026-05-25,2026-09-07,60,108,15,22,87,-1.875,8.375,218.00,2.057
2026,2026-05-25,2026-09-07,60,108,15,23,87,-1.625,8.375,219.25,2.068
2026,2026-05-25,2026-09-07,60,108,15,24,87,-1.375,8.375,220.75,2.083
2026,2026-05-25,2026-09-07,60,108,15,25,87,-1.125,8.375,220.00,2.075
2026,2026-05-25,2026-09-07,60,108,15,26,87,-0.875,8.375,219.25,2.068
2026,2026-05-25,2026-09-07,60,108,15,27,87,-0.625,8.375,222.25,2.097
2026,2026-05-25,2026-09-07,60,108,15,28,87,-0.375,8.375,226.75,2.139
2026,2026-05-25,2026-09-07,60,108,15,29,87,-0.125,8.375,219.50,2.071
2026,2026-05-25,2026-09-07,60,108,15,30,87,0.125,8.375,219.25,2.068
2026,2026-05-25,2026-09-07,60,108,15,31,87,0.375,8.375,220.25,2.078
2026,2026-05-25,2026-09-07,60,108,15,32,87,0.625,8.375,219.25,2.068
2026,2026-05-25,2026-09-07,60,108,15,33,87,0.875,8.375,218.00,2.057
2026,2026-05-25,2026-09-07,60,108,15,34,87,1.125,8.375,220.25,2.078
2026,2026-05-25,2026-09-07,60,108,15,35,87,1.375,8.375,224.25,2.116
2026,2026-05-25,2026-09-07,60,108,15,36,87,1.625,8.375,222.75,2.101
2026,2026-05-25,2026-09-07,60,108,15,37,87,1.875,8.375,226.25,2.134
2026,2026-05-25,2026-09-07,60,108,15,38,87,2.125,8.375,218.00,2.057
2026,2026-05-25,2026-09-07,60,108,15,39,87,2.375,8.375,217.75,2.054
2026,2026-05-25,2026-09-07,60,108,15,40,87,2.625,8.375,216.50,2.042
2026,2026-05-25,2026-09-07,60,108,15,41,87,2.875,8.375,215.75,2.035
2026,2026-05-25,2026-09-07,60,108,15,42,87,3.125,8.375,221.25,2.087
2026,2026-05-25,2026-09-07,60,108,15,43,87,3.375,8.375,220.50,2.080
2026,2026-05-25,2026-09-07,60,108,15,44,87,3.625,8.375,223.75,2.111
2026,2026-05-25,2026-09-07,60,108,15,45,87,3.875,8.375,220.50,2.080
2026,2026-05-25,2026-09-07,60,108,15,46,87,4.125,8.375,216.25,2.040
2026,2026-05-25,2026-09-07,60,108,15,47,87,4.375,8.375,213.50,2.014
2026,2026-05-25,2026-09-07,60,108,15,48,87,4.625,8.375,212.25,2.002
2026,2026-05-25,2026-09-07,60,108,15,49,87,4.875,8.375,217.00,2.047
2026,2026-05-25,2026-09-07,60,108,15,50,87,5.125,8.375,217.50,2.052
2026,2026-05-25,2026-09-07,60,108,15,51,87,5.375,8.375,221.00,2.085
2026,2026-05-25,2026-09-07,60,108,15,52,87,5.625,8.375,223.25,2.106
2026,2026-05-25,2026-09-07,60,108,15,53,87,5.875,8.375,215.25,2.031
2026,2026-05-25,2026-09-07,60,108,15,54,87,6.125,8.375,212.75,2.007
2026,2026-05-25,2026-09-07,60,108,15,55,87,6.375,8.375,209.50,1.976
2026,2026-05-25,2026-09-07,60,108,15,56,87,6.625,8.375,208.50,1.967
2026,2026-05-25,2026-09-07,60,108,15,57,87,6.875,8.375,212.75,2.007
2026,2026-05-25,2026-09-07,60,108,15,58,87,7.125,8.375,217.00,2.047
2026,2026-05-25,2026-09-07,60,108,15,59,87,7.375,8.375,220.25,2.078
2026,2026-05-25,2026-09-07,60,108,15,0,88,-7.375,8.625,210.50,1.986
2026,2026-05-25,2026-09-07,60,108,15,1,88,-7.125,8.625,213.00,2.009
2026,2026-05-25,2026-09-07,60,108,15,2,88,-6.875,8.625,214.75,2.026
2026,2026-05-25,2026-09-07,60,108,15,3,88,-6.625,8.625,216.25,2.040
2026,2026-05-25,2026-09-07,60,108,15,4,88,-6.375,8.625,216.50,2.042
2026,2026-05-25,2026-09-07,60,108,15,5,88,-6.125,8.625,213.75,2.017
2026,2026-05-25,2026-09-07,60,108,15,6,88,-5.875,8.625,210.75,1.988
2026,2026-05-25,2026-09-07,60,108,15,7,88,-5.625,8.625,214.25,2.021
2026,2026-05-25,2026-09-07,60,108,15,8,88,-5.375,8.625,215.75,2.035
2026,2026-05-25,2026-09-07,60,108,15,9,88,-5.125,8.625,218.25,2.059
2026,2026-05-25,2026-09-07,60,108,15,10,88,-4.875,8.625,220.50,2.080
2026,2026-05-25,2026-09-07,60,108,15,11,88,-4.625,8.625,219.00,2.066
2026,2026-05-25,2026-09-07,60,108,15,12,88,-4.375,8.625,216.50,2.042
2026,2026-05-25,2026-09-07,60,108,15,13,88,-4.125,8.625,216.00,2.038
2026,2026-05-25,2026-09-07,60,108,15,14,88,-3.875,8.625,219.75,2.073
2026,2026-05-25,2026-09-07,60,108,15,15,88,-3.625,8.625,217.00,2.047
2026,2026-05-25,2026-09-07,60,108,15,16,88,-3.375,8.625,218.75,2.064
2026,2026-05-25,2026-09-07,60,108,15,17,88,-3.125,8.625,221.00,2.085
2026,2026-05-25,2026-09-07,60,108,15,18,88,-2.875,8.625,221.00,2.085
2026,2026-05-25,2026-09-07,60,108,15,19,88,-2.625,8.625,220.00,2.075
2026,2026-05-25,2026-09-07,60,108,15,20,88,-2.375,8.625,220.75,2.083
2026,2026-05-25,2026-09-07,60,108,15,21,88,-2.125,8.625,222.50,2.099
2026,2026-05-25,2026-09-07,60,108,15,22,88,-1.875,8.625,218.00,2.057
2026,2026-05-25,2026-09-07,60,108,15,23,88,-1.625,8.625,219.25,2.068
2026,2026-05-25,2026-09-07,60,108,15,24,88,-1.375,8.625,220.75,2.083
2026,2026-05-25,2026-09-07,60,108,15,25,88,-1.125,8.625,220.00,2.075
2026,2026-05-25,2026-09-07,60,108,15,26,88,-0.875,8.625,219.25,2.068
2026,2026-05-25,2026-09-07,60,108,15,27,88,-0.625,8.625,222.25,2.097
2026,2026-05-25,2026-09-07,60,108,15,28,88,-0.375,8.625,226.75,2.139
2026,2026-05-25,2026-09-07,60,108,15,29,88,-0.125,8.625,219.50,2.071
2026,2026-05-25,2026-09-07,60,108,15,30,88,0.125,8.625,219.25,2.068
2026,2026-05-25,2026-09-07,60,108,15,31,88,0.375,8.625,220.25,2.078
2026,2026-05-25,2026-09-07,60,108,15,32,88,0.625,8.625,219.25,2.068
2026,2026-05-25,2026-09-07,60,108,15,33,88,0.875,8.625,218.00,2.057
2026,2026-05-25,2026-09-07,60,108,15,34,88,1.125,8.625,220.25,2.078
2026,2026-05-25,2026-09-07,60,108,15,35,88,1.375,8.625,224.25,2.116
2026,2026-05-25,2026-09-07,60,108,15,36,88,1.625,8.625,222.75,2.101
2026,2026-05-25,2026-09-07,60,108,15,37,88,1.875,8.625,226.25,2.134
2026,2026-05-25,2026-09-07,60,108,15,38,88,2.125,8.625,218.00,2.057
2026,2026-05-25,2026-09-07,60,108,15,39,88,2.375,8.625,217.75,2.054
2026,2026-05-25,2026-09-07,60,108,15,40,88,2.625,8.625,216.50,2.042
2026,2026-05-25,2026-09-07,60,108,15,41,88,2.875,8.625,215.75,2.035
2026,2026-05-25,2026-09-07,60,108,15,42,88,3.125,8.625,221.25,2.087
2026,2026-05-25,2026-09-07,60,108,15,43,88,3.375,8.625,220.50,2.080
2026,2026-05-25,2026-09-07,60,108,15,44,88,3.625,8.625,223.75,2.111
2026,2026-05-25,2026-09-07,60,108,15,45,88,3.875,8.625,220.50,2.080
2026,2026-05-25,2026-09-07,60,108,15,46,88,4.125,8.625,216.25,2.040
2026,2026-05-25,2026-09-07,60,108,15,47,88,4.375,8.625,213.50,2.014
2026,2026-05-25,2026-09-07,60,108,15,48,88,4.625,8.625,212.25,2.002
2026,2026-05-25,2026-09-07,60,108,15,49,88,4.875,8.625,217.00,2.047
2026,2026-05-25,2026-09-07,60,108,15,50,88,5.125,8.625,217.50,2.052
2026,2026-05-25,2026-09-07,60,108,15,51,88,5.375,8.625,221.00,2.085
2026,2026-05-25,2026-09-07,60,108,15,52,88,5.625,8.625,223.25,2.106
2026,2026-05-25,2026-09-07,60,108,15,53,88,5.875,8.625,215.25,2.031
2026,2026-05-25,2026-09-07,60,108,15,54,88,6.125,8.625,212.75,2.007
2026,2026-05-25,2026-09-07,60,108,15,55,88,6.375,8.625,209.50,1.976
2026,2026-05-25,2026-09-07,60,108,15,56,88,6.625,8.625,208.50,1.967
2026,2026-05-25,2026-09-07,60,108,15,57,88,6.875,8.625,212.75,2.007
2026,2026-05-25,2026-09-07,60,108,15,58,88,7.125,8.625,217.00,2.047
2026,2026-05-25,2026-09-07,60,108,15,59,88,7.375,8.625,220.25,2.078
2026,2026-05-25,2026-09-07,60,108,15,0,89,-7.375,8.875,210.50,1.986
2026,2026-05-25,2026-09-07,60,108,15,1,89,-7.125,8.875,213.00,2.009
2026,2026-05-25,2026-09-07,60,108,15,2,89,-6.875,8.875,214.75,2.026
2026,2026-05-25,2026-09-07,60,108,15,3,89,-6.625,8.875,216.25,2.040
2026,2026-05-25,2026-09-07,60,108,15,4,89,-6.375,8.875,216.50,2.042
2026,2026-05-25,2026-09-07,60,108,15,5,89,-6.125,8.875,213.75,2.017
2026,2026-05-25,2026-09-07,60,108,15,6,89,-5.875,8.875,210.75,1.988
2026,2026-05-25,2026-09-07,60,108,15,7,89,-5.625,8.875,214.25,2.021
2026,2026-05-25,2026-09-07,60,108,15,8,89,-5.375,8.875,215.75,2.035
2026,2026-05-25,2026-09-07,60,108,15,9,89,-5.125,8.875,218.25,2.059
2026,2026-05-25,2026-09-07,60,108,15,10,89,-4.875,8.875,220.50,2.080
2026,2026-05-25,2026-09-07,60,108,15,11,89,-4.625,8.875,219.00,2.066
2026,2026-05-25,2026-09-07,60,108,15,12,89,-4.375,8.875,216.50,2.042
2026,2026-05-25,2026-09-07,60,108,15,13,89,-4.125,8.875,216.00,2.038
2026,2026-05-25,2026-09-07,60,108,15,14,89,-3.875,8.875,219.75,2.073
2026,2026-05-25,2026-09-07,60,108,15,15,89,-3.625,8.875,217.00,2.047
2026,2026-05-25,2026-09-07,60,108,15,16,89,-3.375,8.875,218.75,2.064
2026,2026-05-25,2026-09-07,60,108,15,17,89,-3.125,8.875,221.00,2.085
2026,2026-05-25,2026-09-07,60,108,15,18,89,-2.875,8.875,221.00,2.085
2026,2026-05-25,2026-09-07,60,108,15,19,89,-2.625,8.875,220.00,2.075
2026,2026-05-25,2026-09-07,60,108,15,20,89,-2.375,8.875,220.75,2.083
2026,2026-05-25,2026-09-07,60,108,15,21,89,-2.125,8.875,222.50,2.099
2026,2026-05-25,2026-09-07,60,108,15,22,89,-1.875,8.875,218.00,2.057
2026,2026-05-25,2026-09-07,60,108,15,23,89,-1.625,8.875,219.25,2.068
2026,2026-05-25,2026-09-07,60,108,15,24,89,-1.375,8.875,220.75,2.083
2026,2026-05-25,2026-09-07,60,108,15,25,89,-1.125,8.875,220.00,2.075
2026,2026-05-25,2026-09-07,60,108,15,26,89,-0.875,8.875,219.25,2.068
2026,2026-05-25,2026-09-07,60,108,15,27,89,-0.625,8.875,222.25,2.097
2026,2026-05-25,2026-09-07,60,108,15,28,89,-0.375,8.875,226.75,2.139
2026,2026-05-25,2026-09-07,60,108,15,29,89,-0.125,8.875,219.50,2.071
2026,2026-05-25,2026-09-07,60,108,15,30,89,0.125,8.875,219.25,2.068
2026,2026-05-25,2026-09-07,60,108,15,31,89,0.375,8.875,220.25,2.078
2026,2026-05-25,2026-09-07,60,108,15,32,89,0.625,8.875,219.25,2.068
2026,2026-05-25,2026-09-07,60,108,15,33,89,0.875,8.875,218.00,2.057
2026,2026-05-25,2026-09-07,60,108,15,34,89,1.125,8.875,220.25,2.078
2026,2026-05-25,2026-09-07,60,108,15,35,89,1.375,8.875,224.25,2.116
2026,2026-05-25,2026-09-07,60,108,15,36,89,1.625,8.875,222.75,2.101
2026,2026-05-25,2026-09-07,60,108,15,37,89,1.875,8.875,226.25,2.134
2026,2026-05-25,2026-09-07,60,108,15,38,89,2.125,8.875,218.00,2.057
2026,2026-05-25,2026-09-07,60,108,15,39,89,2.375,8.875,217.75,2.054
2026,2026-05-25,2026-09-07,60,108,15,40,89,2.625,8.875,216.50,2.042
2026,2026-05-25,2026-09-07,60,108,15,41,89,2.875,8.875,215.75,2.035
2026,2026-05-25,2026-09-07,60,108,15,42,89,3.125,8.875,221.25,2.087
2026,2026-05-25,2026-09-07,60,108,15,43,89,3.375,8.875,220.50,2.080
2026,2026-05-25,2026-09-07,60,108,15,44,89,3.625,8.875,223.75,2.111
2026,2026-05-25,2026-09-07,60,108,15,45,89,3.875,8.875,220.50,2.080
2026,2026-05-25,2026-09-07,60,108,15,46,89,4.125,8.875,216.25,2.040
2026,2026-05-25,2026-09-07,60,108,15,47,89,4.375,8.875,213.50,2.014
2026,2026-05-25,2026-09-07,60,108,15,48,89,4.625,8.875,212.25,2.002
2026,2026-05-25,2026-09-07,60,108,15,49,89,4.875,8.875,217.00,2.047
2026,2026-05-25,2026-09-07,60,108,15,50,89,5.125,8.875,217.50,2.052
2026,2026-05-25,2026-09-07,60,108,15,51,89,5.375,8.875,221.00,2.085
2026,2026-05-25,2026-09-07,60,108,15,52,89,5.625,8.875,223.25,2.106
2026,2026-05-25,2026-09-07,60,108,15,53,89,5.875,8.875,215.25,2.031
2026,2026-05-25,2026-09-07,60,108,15,54,89,6.125,8.875,212.75,2.007
2026,2026-05-25,2026-09-07,60,108,15,55,89,6.375,8.875,209.50,1.976
2026,2026-05-25,2026-09-07,60,108,15,56,89,6.625,8.875,208.50,1.967
2026,2026-05-25,2026-09-07,60,108,15,57,89,6.875,8.875,212.75,2.007
2026,2026-05-25,2026-09-07,60,108,15,58,89,7.125,8.875,217.00,2.047
2026,2026-05-25,2026-09-07,60,108,15,59,89,7.375,8.875,220.25,2.078
2026,2026-05-25,2026-09-07,60,108,15,0,90,-7.375,9.125,210.50,1.986
2026,2026-05-25,2026-09-07,60,108,15,1,90,-7.125,9.125,213.00,2.009
2026,2026-05-25,2026-09-07,60,108,15,2,90,-6.875,9.125,214.75,2.026
2026,2026-05-25,2026-09-07,60,108,15,3,90,-6.625,9.125,216.25,2.040
2026,2026-05-25,2026-09-07,60,108,15,4,90,-6.375,9.125,216.50,2.042
2026,2026-05-25,2026-09-07,60,108,15,5,90,-6.125,9.125,213.75,2.017
2026,2026-05-25,2026-09-07,60,108,15,6,90,-5.875,9.125,210.75,1.988
2026,2026-05-25,2026-09-07,60,108,15,7,90,-5.625,9.125,214.25,2.021
2026,2026-05-25,2026-09-07,60,108,15,8,90,-5.375,9.125,215.75,2.035
2026,2026-05-25,2026-09-07,60,108,15,9,90,-5.125,9.125,218.25,2.059
2026,2026-05-25,2026-09-07,60,108,15,10,90,-4.875,9.125,220.50,2.080
2026,2026-05-25,2026-09-07,60,108,15,11,90,-4.625,9.125,219.00,2.066
2026,2026-05-25,2026-09-07,60,108,15,12,90,-4.375,9.125,216.50,2.042
2026,2026-05-25,2026-09-07,60,108,15,13,90,-4.125,9.125,216.00,2.038
2026,2026-05-25,2026-09-07,60,108,15,14,90,-3.875,9.125,219.75,2.073
2026,2026-05-25,2026-09-07,60,108,15,15,90,-3.625,9.125,217.00,2.047
2026,2026-05-25,2026-09-07,60,108,15,16,90,-3.375,9.125,218.75,2.064
2026,2026-05-25,2026-09-07,60,108,15,17,90,-3.125,9.125,221.00,2.085
2026,2026-05-25,2026-09-07,60,108,15,18,90,-2.875,9.125,221.00,2.085
2026,2026-05-25,2026-09-07,60,108,15,19,90,-2.625,9.125,220.00,2.075
2026,2026-05-25,2026-09-07,60,108,15,20,90,-2.375,9.125,220.75,2.083
2026,2026-05-25,2026-09-07,60,108,15,21,90,-2.125,9.125,222.50,2.099
2026,2026-05-25,2026-09-07,60,108,15,22,90,-1.875,9.125,218.00,2.057
2026,2026-05-25,2026-09-07,60,108,15,23,90,-1.625,9.125,219.25,2.068
2026,2026-05-25,2026-09-07,60,108,15,24,90,-1.375,9.125,220.75,2.083
2026,2026-05-25,2026-09-07,60,108,15,25,90,-1.125,9.125,220.00,2.075
2026,2026-05-25,2026-09-07,60,108,15,26,90,-0.875,9.125,219.25,2.068
2026,2026-05-25,2026-09-07,60,108,15,27,90,-0.625,9.125,222.25,2.097
2026,2026-05-25,2026-09-07,60,108,15,28,90,-0.375,9.125,226.75,2.139
2026,2026-05-25,2026-09-07,60,108,15,29,90,-0.125,9.125,219.50,2.071
2026,2026-05-25,2026-09-07,60,108,15,30,90,0.125,9.125,219.25,2.068
2026,2026-05-25,2026-09-07,60,108,15,31,90,0.375,9.125,220.25,2.078
2026,2026-05-25,2026-09-07,60,108,15,32,90,0.625,9.125,219.25,2.068
2026,2026-05-25,2026-09-07,60,108,15,33,90,0.875,9.125,218.00,2.057
2026,2026-05-25,2026-09-07,60,108,15,34,90,1.125,9.125,220.25,2.078
2026,2026-05-25,2026-09-07,60,108,15,35,90,1.375,9.125,224.25,2.116
2026,2026-05-25,2026-09-07,60,108,15,36,90,1.625,9.125,222.75,2.101
2026,2026-05-25,2026-09-07,60,108,15,37,90,1.875,9.125,226.25,2.134
2026,2026-05-25,2026-09-07,60,108,15,38,90,2.125,9.125,218.00,2.057
2026,2026-05-25,2026-09-07,60,108,15,39,90,2.375,9.125,217.75,2.054
2026,2026-05-25,2026-09-07,60,108,15,40,90,2.625,9.125,216.50,2.042
2026,2026-05-25,2026-09-07,60,108,15,41,90,2.875,9.125,215.75,2.035
2026,2026-05-25,2026-09-07,60,108,15,42,90,3.125,9.125,221.25,2.087
2026,2026-05-25,2026-09-07,60,108,15,43,90,3.375,9.125,220.50,2.080
2026,2026-05-25,2026-09-07,60,108,15,44,90,3.625,9.125,223.75,2.111
2026,2026-05-25,2026-09-07,60,108,15,45,90,3.875,9.125,220.50,2.080
2026,2026-05-25,2026-09-07,60,108,15,46,90,4.125,9.125,216.25,2.040
2026,2026-05-25,2026-09-07,60,108,15,47,90,4.375,9.125,213.50,2.014
2026,2026-05-25,2026-09-07,60,108,15,48,90,4.625,9.125,212.25,2.002
2026,2026-05-25,2026-09-07,60,108,15,49,90,4.875,9.125,217.00,2.047
2026,2026-05-25,2026-09-07,60,108,15,50,90,5.125,9.125,217.50,2.052
2026,2026-05-25,2026-09-07,60,108,15,51,90,5.375,9.125,221.00,2.085
2026,2026-05-25,2026-09-07,60,108,15,52,90,5.625,9.125,223.25,2.106
2026,2026-05-25,2026-09-07,60,108,15,53,90,5.875,9.125,215.25,2.031
2026,2026-05-25,2026-09-07,60,108,15,54,90,6.125,9.125,212.75,2.007
2026,2026-05-25,2026-09-07,60,108,15,55,90,6.375,9.125,209.50,1.976
2026,2026-05-25,2026-09-07,60,108,15,56,90,6.625,9.125,208.50,1.967
2026,2026-05-25,2026-09-07,60,108,15,57,90,6.875,9.125,212.75,2.007
2026,2026-05-25,2026-09-07,60,108,15,58,90,7.125,9.125,217.00,2.047
2026,2026-05-25,2026-09-07,60,108,15,59,90,7.375,9.125,220.25,2.078
2026,2026-05-25,2026-09-07,60,108,15,0,91,-7.375,9.375,210.50,1.986
2026,2026-05-25,2026-09-07,60,108,15,1,91,-7.125,9.375,213.00,2.009
2026,2026-05-25,2026-09-07,60,108,15,2,91,-6.875,9.375,214.75,2.026
2026,2026-05-25,2026-09-07,60,108,15,3,91,-6.625,9.375,216.25,2.040
2026,2026-05-25,2026-09-07,60,108,15,4,91,-6.375,9.375,216.50,2.042
2026,2026-05-25,2026-09-07,60,108,15,5,91,-6.125,9.375,213.75,2.017
2026,2026-05-25,2026-09-07,60,108,15,6,91,-5.875,9.375,210.75,1.988
2026,2026-05-25,2026-09-07,60,108,15,7,91,-5.625,9.375,214.25,2.021
2026,2026-05-25,2026-09-07,60,108,15,8,91,-5.375,9.375,215.75,2.035
2026,2026-05-25,2026-09-07,60,108,15,9,91,-5.125,9.375,218.25,2.059
2026,2026-05-25,2026-09-07,60,108,15,10,91,-4.875,9.375,220.50,2.080
2026,2026-05-25,2026-09-07,60,108,15,11,91,-4.625,9.375,219.00,2.066
2026,2026-05-25,2026-09-07,60,108,15,12,91,-4.375,9.375,216.50,2.042
2026,2026-05-25,2026-09-07,60,108,15,13,91,-4.125,9.375,216.00,2.038
2026,2026-05-25,2026-09-07,60,108,15,14,91,-3.875,9.375,219.75,2.073
2026,2026-05-25,2026-09-07,60,108,15,15,91,-3.625,9.375,217.00,2.047
2026,2026-05-25,2026-09-07,60,108,15,16,91,-3.375,9.375,218.75,2.064
2026,2026-05-25,2026-09-07,60,108,15,17,91,-3.125,9.375,221.00,2.085
2026,2026-05-25,2026-09-07,60,108,15,18,91,-2.875,9.375,221.00,2.085
2026,2026-05-25,2026-09-07,60,108,15,19,91,-2.625,9.375,220.00,2.075
2026,2026-05-25,2026-09-07,60,108,15,20,91,-2.375,9.375,220.75,2.083
2026,2026-05-25,2026-09-07,60,108,15,21,91,-2.125,9.375,222.50,2.099
2026,2026-05-25,2026-09-07,60,108,15,22,91,-1.875,9.375,218.00,2.057
2026,2026-05-25,2026-09-07,60,108,15,23,91,-1.625,9.375,219.25,2.068
2026,2026-05-25,2026-09-07,60,108,15,24,91,-1.375,9.375,220.75,2.083
2026,2026-05-25,2026-09-07,60,108,15,25,91,-1.125,9.375,220.00,2.075
2026,2026-05-25,2026-09-07,60,108,15,26,91,-0.875,9.375,219.25,2.068
2026,2026-05-25,2026-09-07,60,108,15,27,91,-0.625,9.375,222.25,2.097
2026,2026-05-25,2026-09-07,60,108,15,28,91,-0.375,9.375,226.75,2.139
2026,2026-05-25,2026-09-07,60,108,15,29,91,-0.125,9.375,219.50,2.071
2026,2026-05-25,2026-09-07,60,108,15,30,91,0.125,9.375,219.25,2.068
2026,2026-05-25,2026-09-07,60,108,15,31,91,0.375,9.375,220.25,2.078
2026,2026-05-25,2026-09-07,60,108,15,32,91,0.625,9.375,219.25,2.068
2026,2026-05-25,2026-09-07,60,108,15,33,91,0.875,9.375,218.00,2.057
2026,2026-05-25,2026-09-07,60,108,15,34,91,1.125,9.375,220.25,2.078
2026,2026-05-25,2026-09-07,60,108,15,35,91,1.375,9.375,224.25,2.116
2026,2026-05-25,2026-09-07,60,108,15,36,91,1.625,9.375,222.75,2.101
2026,2026-05-25,2026-09-07,60,108,15,37,91,1.875,9.375,226.25,2.134
2026,2026-05-25,2026-09-07,60,108,15,38,91,2.125,9.375,218.00,2.057
2026,2026-05-25,2026-09-07,60,108,15,39,91,2.375,9.375,217.75,2.054
2026,2026-05-25,2026-09-07,60,108,15,40,91,2.625,9.375,216.50,2.042
2026,2026-05-25,2026-09-07,60,108,15,41,91,2.875,9.375,215.75,2.035
2026,2026-05-25,2026-09-07,60,108,15,42,91,3.125,9.375,221.25,2.087
2026,2026-05-25,2026-09-07,60,108,15,43,91,3.375,9.375,220.50,2.080
2026,2026-05-25,2026-09-07,60,108,15,44,91,3.625,9.375,223.75,2.111
2026,2026-05-25,2026-09-07,60,108,15,45,91,3.875,9.375,220.50,2.080
2026,2026-05-25,2026-09-07,60,108,15,46,91,4.125,9.375,216.25,2.040
2026,2026-05-25,2026-09-07,60,108,15,47,91,4.375,9.375,213.50,2.014
2026,2026-05-25,2026-09-07,60,108,15,48,91,4.625,9.375,212.25,2.002
2026,2026-05-25,2026-09-07,60,108,15,49,91,4.875,9.375,217.00,2.047
2026,2026-05-25,2026-09-07,60,108,15,50,91,5.125,9.375,217.50,2.052
2026,2026-05-25,2026-09-07,60,108,15,51,91,5.375,9.375,221.00,2.085
2026,2026-05-25,2026-09-07,60,108,15,52,91,5.625,9.375,223.25,2.106
2026,2026-05-25,2026-09-07,60,108,15,53,91,5.875,9.375,215.25,2.031
2026,2026-05-25,2026-09-07,60,108,15,54,91,6.125,9.375,212.75,2.007
2026,2026-05-25,2026-09-07,60,108,15,55,91,6.375,9.375,209.50,1.976
2026,2026-05-25,2026-09-07,60,108,15,56,91,6.625,9.375,208.50,1.967
2026,2026-05-25,2026-09-07,60,108,15,57,91,6.875,9.375,212.75,2.007
2026,2026-05-25,2026-09-07,60,108,15,58,91,7.125,9.375,217.00,2.047
2026,2026-05-25,2026-09-07,60,108,15,59,91,7.375,9.375,220.25,2.078
2026,2026-05-25,2026-09-07,60,108,15,0,92,-7.375,9.625,210.50,1.986
2026,2026-05-25,2026-09-07,60,108,15,1,92,-7.125,9.625,213.00,2.009
2026,2026-05-25,2026-09-07,60,108,15,2,92,-6.875,9.625,214.75,2.026
2026,2026-05-25,2026-09-07,60,108,15,3,92,-6.625,9.625,216.25,2.040
2026,2026-05-25,2026-09-07,60,108,15,4,92,-6.375,9.625,216.50,2.042
2026,2026-05-25,2026-09-07,60,108,15,5,92,-6.125,9.625,213.75,2.017
2026,2026-05-25,2026-09-07,60,108,15,6,92,-5.875,9.625,210.75,1.988
2026,2026-05-25,2026-09-07,60,108,15,7,92,-5.625,9.625,214.25,2.021
2026,2026-05-25,2026-09-07,60,108,15,8,92,-5.375,9.625,215.75,2.035
2026,2026-05-25,2026-09-07,60,108,15,9,92,-5.125,9.625,218.25,2.059
2026,2026-05-25,2026-09-07,60,108,15,10,92,-4.875,9.625,220.50,2.080
2026,2026-05-25,2026-09-07,60,108,15,11,92,-4.625,9.625,219.00,2.066
2026,2026-05-25,2026-09-07,60,108,15,12,92,-4.375,9.625,216.50,2.042
2026,2026-05-25,2026-09-07,60,108,15,13,92,-4.125,9.625,216.00,2.038
2026,2026-05-25,2026-09-07,60,108,15,14,92,-3.875,9.625,219.75,2.073
2026,2026-05-25,2026-09-07,60,108,15,15,92,-3.625,9.625,217.00,2.047
2026,2026-05-25,2026-09-07,60,108,15,16,92,-3.375,9.625,218.75,2.064
2026,2026-05-25,2026-09-07,60,108,15,17,92,-3.125,9.625,221.00,2.085
2026,2026-05-25,2026-09-07,60,108,15,18,92,-2.875,9.625,221.00,2.085
2026,2026-05-25,2026-09-07,60,108,15,19,92,-2.625,9.625,220.00,2.075
2026,2026-05-25,2026-09-07,60,108,15,20,92,-2.375,9.625,220.75,2.083
2026,2026-05-25,2026-09-07,60,108,15,21,92,-2.125,9.625,222.50,2.099
2026,2026-05-25,2026-09-07,60,108,15,22,92,-1.875,9.625,218.00,2.057
2026,2026-05-25,2026-09-07,60,108,15,23,92,-1.625,9.625,219.25,2.068
2026,2026-05-25,2026-09-07,60,108,15,24,92,-1.375,9.625,220.75,2.083
2026,2026-05-25,2026-09-07,60,108,15,25,92,-1.125,9.625,220.00,2.075
2026,2026-05-25,2026-09-07,60,108,15,26,92,-0.875,9.625,219.25,2.068
2026,2026-05-25,2026-09-07,60,108,15,27,92,-0.625,9.625,222.25,2.097
2026,2026-05-25,2026-09-07,60,108,15,28,92,-0.375,9.625,226.75,2.139
2026,2026-05-25,2026-09-07,60,108,15,29,92,-0.125,9.625,219.50,2.071
2026,2026-05-25,2026-09-07,60,108,15,30,92,0.125,9.625,219.25,2.068
2026,2026-05-25,2026-09-07,60,108,15,31,92,0.375,9.625,220.25,2.078
2026,2026-05-25,2026-09-07,60,108,15,32,92,0.625,9.625,219.25,2.068
2026,2026-05-25,2026-09-07,60,108,15,33,92,0.875,9.625,218.00,2.057
2026,2026-05-25,2026-09-07,60,108,15,34,92,1.125,9.625,220.25,2.078
2026,2026-05-25,2026-09-07,60,108,15,35,92,1.375,9.625,224.25,2.116
2026,2026-05-25,2026-09-07,60,108,15,36,92,1.625,9.625,222.75,2.101
2026,2026-05-25,2026-09-07,60,108,15,37,92,1.875,9.625,226.25,2.134
2026,2026-05-25,2026-09-07,60,108,15,38,92,2.125,9.625,218.00,2.057
2026,2026-05-25,2026-09-07,60,108,15,39,92,2.375,9.625,217.75,2.054
2026,2026-05-25,2026-09-07,60,108,15,40,92,2.625,9.625,216.50,2.042
2026,2026-05-25,2026-09-07,60,108,15,41,92,2.875,9.625,215.75,2.035
2026,2026-05-25,2026-09-07,60,108,15,42,92,3.125,9.625,221.25,2.087
2026,2026-05-25,2026-09-07,60,108,15,43,92,3.375,9.625,220.50,2.080
2026,2026-05-25,2026-09-07,60,108,15,44,92,3.625,9.625,223.75,2.111
2026,2026-05-25,2026-09-07,60,108,15,45,92,3.875,9.625,220.50,2.080
2026,2026-05-25,2026-09-07,60,108,15,46,92,4.125,9.625,216.25,2.040
2026,2026-05-25,2026-09-07,60,108,15,47,92,4.375,9.625,213.50,2.014
2026,2026-05-25,2026-09-07,60,108,15,48,92,4.625,9.625,212.25,2.002
2026,2026-05-25,2026-09-07,60,108,15,49,92,4.875,9.625,217.00,2.047
2026,2026-05-25,2026-09-07,60,108,15,50,92,5.125,9.625,217.50,2.052
2026,2026-05-25,2026-09-07,60,108,15,51,92,5.375,9.625,221.00,2.085
2026,2026-05-25,2026-09-07,60,108,15,52,92,5.625,9.625,223.25,2.106
2026,2026-05-25,2026-09-07,60,108,15,53,92,5.875,9.625,215.25,2.031
2026,2026-05-25,2026-09-07,60,108,15,54,92,6.125,9.625,212.75,2.007
2026,2026-05-25,2026-09-07,60,108,15,55,92,6.375,9.625,209.50,1.976
2026,2026-05-25,2026-09-07,60,108,15,56,92,6.625,9.625,208.50,1.967
2026,2026-05-25,2026-09-07,60,108,15,57,92,6.875,9.625,212.75,2.007
2026,2026-05-25,2026-09-07,60,108,15,58,92,7.125,9.625,217.00,2.047
2026,2026-05-25,2026-09-07,60,108,15,59,92,7.375,9.625,220.25,2.078
2026,2026-05-25,2026-09-07,60,108,15,0,93,-7.375,9.875,210.50,1.986
2026,2026-05-25,2026-09-07,60,108,15,1,93,-7.125,9.875,213.00,2.009
2026,2026-05-25,2026-09-07,60,108,15,2,93,-6.875,9.875,214.75,2.026
2026,2026-05-25,2026-09-07,60,108,15,3,93,-6.625,9.875,216.25,2.040
2026,2026-05-25,2026-09-07,60,108,15,4,93,-6.375,9.875,216.50,2.042
2026,2026-05-25,2026-09-07,60,108,15,5,93,-6.125,9.875,213.75,2.017
2026,2026-05-25,2026-09-07,60,108,15,6,93,-5.875,9.875,210.75,1.988
2026,2026-05-25,2026-09-07,60,108,15,7,93,-5.625,9.875,214.25,2.021
2026,2026-05-25,2026-09-07,60,108,15,8,93,-5.375,9.875,215.75,2.035
2026,2026-05-25,2026-09-07,60,108,15,9,93,-5.125,9.875,218.25,2.059
2026,2026-05-25,2026-09-07,60,108,15,10,93,-4.875,9.875,220.50,2.080
2026,2026-05-25,2026-09-07,60,108,15,11,93,-4.625,9.875,219.00,2.066
2026,2026-05-25,2026-09-07,60,108,15,12,93,-4.375,9.875,216.50,2.042
2026,2026-05-25,2026-09-07,60,108,15,13,93,-4.125,9.875,216.00,2.038
2026,2026-05-25,2026-09-07,60,108,15,14,93,-3.875,9.875,219.75,2.073
2026,2026-05-25,2026-09-07,60,108,15,15,93,-3.625,9.875,217.00,2.047
2026,2026-05-25,2026-09-07,60,108,15,16,93,-3.375,9.875,218.75,2.064
2026,2026-05-25,2026-09-07,60,108,15,17,93,-3.125,9.875,221.00,2.085
2026,2026-05-25,2026-09-07,60,108,15,18,93,-2.875,9.875,221.00,2.085
2026,2026-05-25,2026-09-07,60,108,15,19,93,-2.625,9.875,220.00,2.075
2026,2026-05-25,2026-09-07,60,108,15,20,93,-2.375,9.875,220.75,2.083
2026,2026-05-25,2026-09-07,60,108,15,21,93,-2.125,9.875,222.50,2.099
2026,2026-05-25,2026-09-07,60,108,15,22,93,-1.875,9.875,218.00,2.057
2026,2026-05-25,2026-09-07,60,108,15,23,93,-1.625,9.875,219.25,2.068
2026,2026-05-25,2026-09-07,60,108,15,24,93,-1.375,9.875,220.75,2.083
2026,2026-05-25,2026-09-07,60,108,15,25,93,-1.125,9.875,220.00,2.075
2026,2026-05-25,2026-09-07,60,108,15,26,93,-0.875,9.875,219.25,2.068
2026,2026-05-25,2026-09-07,60,108,15,27,93,-0.625,9.875,222.25,2.097
2026,2026-05-25,2026-09-07,60,108,15,28,93,-0.375,9.875,226.75,2.139
2026,2026-05-25,2026-09-07,60,108,15,29,93,-0.125,9.875,219.50,2.071
2026,2026-05-25,2026-09-07,60,108,15,30,93,0.125,9.875,219.25,2.068
2026,2026-05-25,2026-09-07,60,108,15,31,93,0.375,9.875,220.25,2.078
2026,2026-05-25,2026-09-07,60,108,15,32,93,0.625,9.875,219.25,2.068
2026,2026-05-25,2026-09-07,60,108,15,33,93,0.875,9.875,218.00,2.057
2026,2026-05-25,2026-09-07,60,108,15,34,93,1.125,9.875,220.25,2.078
2026,2026-05-25,2026-09-07,60,108,15,35,93,1.375,9.875,224.25,2.116
2026,2026-05-25,2026-09-07,60,108,15,36,93,1.625,9.875,222.75,2.101
2026,2026-05-25,2026-09-07,60,108,15,37,93,1.875,9.875,226.25,2.134
2026,2026-05-25,2026-09-07,60,108,15,38,93,2.125,9.875,218.00,2.057
2026,2026-05-25,2026-09-07,60,108,15,39,93,2.375,9.875,217.75,2.054
2026,2026-05-25,2026-09-07,60,108,15,40,93,2.625,9.875,216.50,2.042
2026,2026-05-25,2026-09-07,60,108,15,41,93,2.875,9.875,215.75,2.035
2026,2026-05-25,2026-09-07,60,108,15,42,93,3.125,9.875,221.25,2.087
2026,2026-05-25,2026-09-07,60,108,15,43,93,3.375,9.875,220.50,2.080
2026,2026-05-25,2026-09-07,60,108,15,44,93,3.625,9.875,223.75,2.111
2026,2026-05-25,2026-09-07,60,108,15,45,93,3.875,9.875,220.50,2.080
2026,2026-05-25,2026-09-07,60,108,15,46,93,4.125,9.875,216.25,2.040
2026,2026-05-25,2026-09-07,60,108,15,47,93,4.375,9.875,213.50,2.014
2026,2026-05-25,2026-09-07,60,108,15,48,93,4.625,9.875,212.25,2.002
2026,2026-05-25,2026-09-07,60,108,15,49,93,4.875,9.875,217.00,2.047
2026,2026-05-25,2026-09-07,60,108,15,50,93,5.125,9.875,217.50,2.052
2026,2026-05-25,2026-09-07,60,108,15,51,93,5.375,9.875,221.00,2.085
2026,2026-05-25,2026-09-07,60,108,15,52,93,5.625,9.875,223.25,2.106
2026,2026-05-25,2026-09-07,60,108,15,53,93,5.875,9.875,215.25,2.031
2026,2026-05-25,2026-09-07,60,108,15,54,93,6.125,9.875,212.75,2.007
2026,2026-05-25,2026-09-07,60,108,15,55,93,6.375,9.875,209.50,1.976
2026,2026-05-25,2026-09-07,60,108,15,56,93,6.625,9.875,208.50,1.967
2026,2026-05-25,2026-09-07,60,108,15,57,93,6.875,9.875,212.75,2.007
2026,2026-05-25,2026-09-07,60,108,15,58,93,7.125,9.875,217.00,2.047
2026,2026-05-25,2026-09-07,60,108,15,59,93,7.375,9.875,220.25,2.078
2026,2026-05-25,2026-09-07,60,108,15,0,94,-7.375,10.125,210.50,1.986
2026,2026-05-25,2026-09-07,60,108,15,1,94,-7.125,10.125,213.00,2.009
2026,2026-05-25,2026-09-07,60,108,15,2,94,-6.875,10.125,214.75,2.026
2026,2026-05-25,2026-09-07,60,108,15,3,94,-6.625,10.125,216.25,2.040
2026,2026-05-25,2026-09-07,60,108,15,4,94,-6.375,10.125,216.50,2.042
2026,2026-05-25,2026-09-07,60,108,15,5,94,-6.125,10.125,213.75,2.017
2026,2026-05-25,2026-09-07,60,108,15,6,94,-5.875,10.125,210.75,1.988
2026,2026-05-25,2026-09-07,60,108,15,7,94,-5.625,10.125,214.25,2.021
2026,2026-05-25,2026-09-07,60,108,15,8,94,-5.375,10.125,215.75,2.035
2026,2026-05-25,2026-09-07,60,108,15,9,94,-5.125,10.125,218.25,2.059
2026,2026-05-25,2026-09-07,60,108,15,10,94,-4.875,10.125,220.50,2.080
2026,2026-05-25,2026-09-07,60,108,15,11,94,-4.625,10.125,219.00,2.066
2026,2026-05-25,2026-09-07,60,108,15,12,94,-4.375,10.125,216.50,2.042
2026,2026-05-25,2026-09-07,60,108,15,13,94,-4.125,10.125,216.00,2.038
2026,2026-05-25,2026-09-07,60,108,15,14,94,-3.875,10.125,219.75,2.073
2026,2026-05-25,2026-09-07,60,108,15,15,94,-3.625,10.125,217.00,2.047
2026,2026-05-25,2026-09-07,60,108,15,16,94,-3.375,10.125,218.75,2.064
2026,2026-05-25,2026-09-07,60,108,15,17,94,-3.125,10.125,221.00,2.085
2026,2026-05-25,2026-09-07,60,108,15,18,94,-2.875,10.125,221.00,2.085
2026,2026-05-25,2026-09-07,60,108,15,19,94,-2.625,10.125,220.00,2.075
2026,2026-05-25,2026-09-07,60,108,15,20,94,-2.375,10.125,220.75,2.083
2026,2026-05-25,2026-09-07,60,108,15,21,94,-2.125,10.125,222.50,2.099
2026,2026-05-25,2026-09-07,60,108,15,22,94,-1.875,10.125,218.00,2.057
2026,2026-05-25,2026-09-07,60,108,15,23,94,-1.625,10.125,219.25,2.068
2026,2026-05-25,2026-09-07,60,108,15,24,94,-1.375,10.125,220.75,2.083
2026,2026-05-25,2026-09-07,60,108,15,25,94,-1.125,10.125,220.00,2.075
2026,2026-05-25,2026-09-07,60,108,15,26,94,-0.875,10.125,219.25,2.068
2026,2026-05-25,2026-09-07,60,108,15,27,94,-0.625,10.125,222.25,2.097
2026,2026-05-25,2026-09-07,60,108,15,28,94,-0.375,10.125,226.75,2.139
2026,2026-05-25,2026-09-07,60,108,15,29,94,-0.125,10.125,219.50,2.071
2026,2026-05-25,2026-09-07,60,108,15,30,94,0.125,10.125,219.25,2.068
2026,2026-05-25,2026-09-07,60,108,15,31,94,0.375,10.125,220.25,2.078
2026,2026-05-25,2026-09-07,60,108,15,32,94,0.625,10.125,219.25,2.068
2026,2026-05-25,2026-09-07,60,108,15,33,94,0.875,10.125,218.00,2.057
2026,2026-05-25,2026-09-07,60,108,15,34,94,1.125,10.125,220.25,2.078
2026,2026-05-25,2026-09-07,60,108,15,35,94,1.375,10.125,224.25,2.116
2026,2026-05-25,2026-09-07,60,108,15,36,94,1.625,10.125,222.75,2.101
2026,2026-05-25,2026-09-07,60,108,15,37,94,1.875,10.125,226.25,2.134
2026,2026-05-25,2026-09-07,60,108,15,38,94,2.125,10.125,218.00,2.057
2026,2026-05-25,2026-09-07,60,108,15,39,94,2.375,10.125,217.75,2.054
2026,2026-05-25,2026-09-07,60,108,15,40,94,2.625,10.125,216.50,2.042
2026,2026-05-25,2026-09-07,60,108,15,41,94,2.875,10.125,215.75,2.035
2026,2026-05-25,2026-09-07,60,108,15,42,94,3.125,10.125,221.25,2.087
2026,2026-05-25,2026-09-07,60,108,15,43,94,3.375,10.125,220.50,2.080
2026,2026-05-25,2026-09-07,60,108,15,44,94,3.625,10.125,223.75,2.111
2026,2026-05-25,2026-09-07,60,108,15,45,94,3.875,10.125,220.50,2.080
2026,2026-05-25,2026-09-07,60,108,15,46,94,4.125,10.125,216.25,2.040
2026,2026-05-25,2026-09-07,60,108,15,47,94,4.375,10.125,213.50,2.014
2026,2026-05-25,2026-09-07,60,108,15,48,94,4.625,10.125,212.25,2.002
2026,2026-05-25,2026-09-07,60,108,15,49,94,4.875,10.125,217.00,2.047
2026,2026-05-25,2026-09-07,60,108,15,50,94,5.125,10.125,217.50,2.052
2026,2026-05-25,2026-09-07,60,108,15,51,94,5.375,10.125,221.00,2.085
2026,2026-05-25,2026-09-07,60,108,15,52,94,5.625,10.125,223.25,2.106
2026,2026-05-25,2026-09-07,60,108,15,53,94,5.875,10.125,215.25,2.031
2026,2026-05-25,2026-09-07,60,108,15,54,94,6.125,10.125,212.75,2.007
2026,2026-05-25,2026-09-07,60,108,15,55,94,6.375,10.125,209.50,1.976
2026,2026-05-25,2026-09-07,60,108,15,56,94,6.625,10.125,208.50,1.967
2026,2026-05-25,2026-09-07,60,108,15,57,94,6.875,10.125,212.75,2.007
2026,2026-05-25,2026-09-07,60,108,15,58,94,7.125,10.125,217.00,2.047
2026,2026-05-25,2026-09-07,60,108,15,59,94,7.375,10.125,220.25,2.078
2026,2026-05-25,2026-09-07,60,108,15,0,95,-7.375,10.375,210.50,1.986
2026,2026-05-25,2026-09-07,60,108,15,1,95,-7.125,10.375,213.00,2.009
2026,2026-05-25,2026-09-07,60,108,15,2,95,-6.875,10.375,214.75,2.026
2026,2026-05-25,2026-09-07,60,108,15,3,95,-6.625,10.375,216.25,2.040
2026,2026-05-25,2026-09-07,60,108,15,4,95,-6.375,10.375,216.50,2.042
2026,2026-05-25,2026-09-07,60,108,15,5,95,-6.125,10.375,213.75,2.017
2026,2026-05-25,2026-09-07,60,108,15,6,95,-5.875,10.375,210.75,1.988
2026,2026-05-25,2026-09-07,60,108,15,7,95,-5.625,10.375,214.25,2.021
2026,2026-05-25,2026-09-07,60,108,15,8,95,-5.375,10.375,215.75,2.035
2026,2026-05-25,2026-09-07,60,108,15,9,95,-5.125,10.375,218.25,2.059
2026,2026-05-25,2026-09-07,60,108,15,10,95,-4.875,10.375,220.50,2.080
2026,2026-05-25,2026-09-07,60,108,15,11,95,-4.625,10.375,219.00,2.066
2026,2026-05-25,2026-09-07,60,108,15,12,95,-4.375,10.375,216.50,2.042
2026,2026-05-25,2026-09-07,60,108,15,13,95,-4.125,10.375,216.00,2.038
2026,2026-05-25,2026-09-07,60,108,15,14,95,-3.875,10.375,219.75,2.073
2026,2026-05-25,2026-09-07,60,108,15,15,95,-3.625,10.375,217.00,2.047
2026,2026-05-25,2026-09-07,60,108,15,16,95,-3.375,10.375,218.75,2.064
2026,2026-05-25,2026-09-07,60,108,15,17,95,-3.125,10.375,221.00,2.085
2026,2026-05-25,2026-09-07,60,108,15,18,95,-2.875,10.375,221.00,2.085
2026,2026-05-25,2026-09-07,60,108,15,19,95,-2.625,10.375,220.00,2.075
2026,2026-05-25,2026-09-07,60,108,15,20,95,-2.375,10.375,220.75,2.083
2026,2026-05-25,2026-09-07,60,108,15,21,95,-2.125,10.375,222.50,2.099
2026,2026-05-25,2026-09-07,60,108,15,22,95,-1.875,10.375,218.00,2.057
2026,2026-05-25,2026-09-07,60,108,15,23,95,-1.625,10.375,219.25,2.068
2026,2026-05-25,2026-09-07,60,108,15,24,95,-1.375,10.375,220.75,2.083
2026,2026-05-25,2026-09-07,60,108,15,25,95,-1.125,10.375,220.00,2.075
2026,2026-05-25,2026-09-07,60,108,15,26,95,-0.875,10.375,219.25,2.068
2026,2026-05-25,2026-09-07,60,108,15,27,95,-0.625,10.375,222.25,2.097
2026,2026-05-25,2026-09-07,60,108,15,28,95,-0.375,10.375,226.75,2.139
2026,2026-05-25,2026-09-07,60,108,15,29,95,-0.125,10.375,219.50,2.071
2026,2026-05-25,2026-09-07,60,108,15,30,95,0.125,10.375,219.25,2.068
2026,2026-05-25,2026-09-07,60,108,15,31,95,0.375,10.375,220.25,2.078
2026,2026-05-25,2026-09-07,60,108,15,32,95,0.625,10.375,219.25,2.068
2026,2026-05-25,2026-09-07,60,108,15,33,95,0.875,10.375,218.00,2.057
2026,2026-05-25,2026-09-07,60,108,15,34,95,1.125,10.375,220.25,2.078
2026,2026-05-25,2026-09-07,60,108,15,35,95,1.375,10.375,224.25,2.116
2026,2026-05-25,2026-09-07,60,108,15,36,95,1.625,10.375,222.75,2.101
2026,2026-05-25,2026-09-07,60,108,15,37,95,1.875,10.375,226.25,2.134
2026,2026-05-25,2026-09-07,60,108,15,38,95,2.125,10.375,218.00,2.057
2026,2026-05-25,2026-09-07,60,108,15,39,95,2.375,10.375,217.75,2.054
2026,2026-05-25,2026-09-07,60,108,15,40,95,2.625,10.375,216.50,2.042
2026,2026-05-25,2026-09-07,60,108,15,41,95,2.875,10.375,215.75,2.035
2026,2026-05-25,2026-09-07,60,108,15,42,95,3.125,10.375,221.25,2.087
2026,2026-05-25,2026-09-07,60,108,15,43,95,3.375,10.375,220.50,2.080
2026,2026-05-25,2026-09-07,60,108,15,44,95,3.625,10.375,223.75,2.111
2026,2026-05-25,2026-09-07,60,108,15,45,95,3.875,10.375,220.50,2.080
2026,2026-05-25,2026-09-07,60,108,15,46,95,4.125,10.375,216.25,2.040
2026,2026-05-25,2026-09-07,60,108,15,47,95,4.375,10.375,213.50,2.014
2026,2026-05-25,2026-09-07,60,108,15,48,95,4.625,10.375,212.25,2.002
2026,2026-05-25,2026-09-07,60,108,15,49,95,4.875,10.375,217.00,2.047
2026,2026-05-25,2026-09-07,60,108,15,50,95,5.125,10.375,217.50,2.052
2026,2026-05-25,2026-09-07,60,108,15,51,95,5.375,10.375,221.00,2.085
2026,2026-05-25,2026-09-07,60,108,15,52,95,5.625,10.375,223.25,2.106
2026,2026-05-25,2026-09-07,60,108,15,53,95,5.875,10.375,215.25,2.031
2026,2026-05-25,2026-09-07,60,108,15,54,95,6.125,10.375,212.75,2.007
2026,2026-05-25,2026-09-07,60,108,15,55,95,6.375,10.375,209.50,1.976
2026,2026-05-25,2026-09-07,60,108,15,56,95,6.625,10.375,208.50,1.967
2026,2026-05-25,2026-09-07,60,108,15,57,95,6.875,10.375,212.75,2.007
2026,2026-05-25,2026-09-07,60,108,15,58,95,7.125,10.375,217.00,2.047
2026,2026-05-25,2026-09-07,60,108,15,59,95,7.375,10.375,220.25,2.078
2026,2026-05-25,2026-09-07,60,108,15,0,96,-7.375,10.625,210.50,1.986
2026,2026-05-25,2026-09-07,60,108,15,1,96,-7.125,10.625,213.00,2.009
2026,2026-05-25,2026-09-07,60,108,15,2,96,-6.875,10.625,214.75,2.026
2026,2026-05-25,2026-09-07,60,108,15,3,96,-6.625,10.625,216.25,2.040
2026,2026-05-25,2026-09-07,60,108,15,4,96,-6.375,10.625,216.50,2.042
2026,2026-05-25,2026-09-07,60,108,15,5,96,-6.125,10.625,213.75,2.017
2026,2026-05-25,2026-09-07,60,108,15,6,96,-5.875,10.625,210.75,1.988
2026,2026-05-25,2026-09-07,60,108,15,7,96,-5.625,10.625,214.25,2.021
2026,2026-05-25,2026-09-07,60,108,15,8,96,-5.375,10.625,215.75,2.035
2026,2026-05-25,2026-09-07,60,108,15,9,96,-5.125,10.625,218.25,2.059
2026,2026-05-25,2026-09-07,60,108,15,10,96,-4.875,10.625,220.50,2.080
2026,2026-05-25,2026-09-07,60,108,15,11,96,-4.625,10.625,219.00,2.066
2026,2026-05-25,2026-09-07,60,108,15,12,96,-4.375,10.625,216.50,2.042
2026,2026-05-25,2026-09-07,60,108,15,13,96,-4.125,10.625,216.00,2.038
2026,2026-05-25,2026-09-07,60,108,15,14,96,-3.875,10.625,219.75,2.073
2026,2026-05-25,2026-09-07,60,108,15,15,96,-3.625,10.625,217.00,2.047
2026,2026-05-25,2026-09-07,60,108,15,16,96,-3.375,10.625,218.75,2.064
2026,2026-05-25,2026-09-07,60,108,15,17,96,-3.125,10.625,221.00,2.085
2026,2026-05-25,2026-09-07,60,108,15,18,96,-2.875,10.625,221.00,2.085
2026,2026-05-25,2026-09-07,60,108,15,19,96,-2.625,10.625,220.00,2.075
2026,2026-05-25,2026-09-07,60,108,15,20,96,-2.375,10.625,220.75,2.083
2026,2026-05-25,2026-09-07,60,108,15,21,96,-2.125,10.625,222.50,2.099
2026,2026-05-25,2026-09-07,60,108,15,22,96,-1.875,10.625,218.00,2.057
2026,2026-05-25,2026-09-07,60,108,15,23,96,-1.625,10.625,219.25,2.068
2026,2026-05-25,2026-09-07,60,108,15,24,96,-1.375,10.625,220.75,2.083
2026,2026-05-25,2026-09-07,60,108,15,25,96,-1.125,10.625,220.00,2.075
2026,2026-05-25,2026-09-07,60,108,15,26,96,-0.875,10.625,219.25,2.068
2026,2026-05-25,2026-09-07,60,108,15,27,96,-0.625,10.625,222.25,2.097
2026,2026-05-25,2026-09-07,60,108,15,28,96,-0.375,10.625,226.75,2.139
2026,2026-05-25,2026-09-07,60,108,15,29,96,-0.125,10.625,219.50,2.071
2026,2026-05-25,2026-09-07,60,108,15,30,96,0.125,10.625,219.25,2.068
2026,2026-05-25,2026-09-07,60,108,15,31,96,0.375,10.625,220.25,2.078
2026,2026-05-25,2026-09-07,60,108,15,32,96,0.625,10.625,219.25,2.068
2026,2026-05-25,2026-09-07,60,108,15,33,96,0.875,10.625,218.00,2.057
2026,2026-05-25,2026-09-07,60,108,15,34,96,1.125,10.625,220.25,2.078
2026,2026-05-25,2026-09-07,60,108,15,35,96,1.375,10.625,224.25,2.116
2026,2026-05-25,2026-09-07,60,108,15,36,96,1.625,10.625,222.75,2.101
2026,2026-05-25,2026-09-07,60,108,15,37,96,1.875,10.625,226.25,2.134
2026,2026-05-25,2026-09-07,60,108,15,38,96,2.125,10.625,218.00,2.057
2026,2026-05-25,2026-09-07,60,108,15,39,96,2.375,10.625,217.75,2.054
2026,2026-05-25,2026-09-07,60,108,15,40,96,2.625,10.625,216.50,2.042
2026,2026-05-25,2026-09-07,60,108,15,41,96,2.875,10.625,215.75,2.035
2026,2026-05-25,2026-09-07,60,108,15,42,96,3.125,10.625,221.25,2.087
2026,2026-05-25,2026-09-07,60,108,15,43,96,3.375,10.625,220.50,2.080
2026,2026-05-25,2026-09-07,60,108,15,44,96,3.625,10.625,223.75,2.111
2026,2026-05-25,2026-09-07,60,108,15,45,96,3.875,10.625,220.50,2.080
2026,2026-05-25,2026-09-07,60,108,15,46,96,4.125,10.625,216.25,2.040
2026,2026-05-25,2026-09-07,60,108,15,47,96,4.375,10.625,213.50,2.014
2026,2026-05-25,2026-09-07,60,108,15,48,96,4.625,10.625,212.25,2.002
2026,2026-05-25,2026-09-07,60,108,15,49,96,4.875,10.625,217.00,2.047
2026,2026-05-25,2026-09-07,60,108,15,50,96,5.125,10.625,217.50,2.052
2026,2026-05-25,2026-09-07,60,108,15,51,96,5.375,10.625,221.00,2.085
2026,2026-05-25,2026-09-07,60,108,15,52,96,5.625,10.625,223.25,2.106
2026,2026-05-25,2026-09-07,60,108,15,53,96,5.875,10.625,215.25,2.031
2026,2026-05-25,2026-09-07,60,108,15,54,96,6.125,10.625,212.75,2.007
2026,2026-05-25,2026-09-07,60,108,15,55,96,6.375,10.625,209.50,1.976
2026,2026-05-25,2026-09-07,60,108,15,56,96,6.625,10.625,208.50,1.967
2026,2026-05-25,2026-09-07,60,108,15,57,96,6.875,10.625,212.75,2.007
2026,2026-05-25,2026-09-07,60,108,15,58,96,7.125,10.625,217.00,2.047
2026,2026-05-25,2026-09-07,60,108,15,59,96,7.375,10.625,220.25,2.078
2026,2026-05-25,2026-09-07,60,108,15,0,97,-7.375,10.875,210.50,1.986
2026,2026-05-25,2026-09-07,60,108,15,1,97,-7.125,10.875,213.00,2.009
2026,2026-05-25,2026-09-07,60,108,15,2,97,-6.875,10.875,214.75,2.026
2026,2026-05-25,2026-09-07,60,108,15,3,97,-6.625,10.875,216.25,2.040
2026,2026-05-25,2026-09-07,60,108,15,4,97,-6.375,10.875,216.50,2.042
2026,2026-05-25,2026-09-07,60,108,15,5,97,-6.125,10.875,213.75,2.017
2026,2026-05-25,2026-09-07,60,108,15,6,97,-5.875,10.875,210.75,1.988
2026,2026-05-25,2026-09-07,60,108,15,7,97,-5.625,10.875,214.25,2.021
2026,2026-05-25,2026-09-07,60,108,15,8,97,-5.375,10.875,215.75,2.035
2026,2026-05-25,2026-09-07,60,108,15,9,97,-5.125,10.875,218.25,2.059
2026,2026-05-25,2026-09-07,60,108,15,10,97,-4.875,10.875,220.50,2.080
2026,2026-05-25,2026-09-07,60,108,15,11,97,-4.625,10.875,219.00,2.066
2026,2026-05-25,2026-09-07,60,108,15,12,97,-4.375,10.875,216.50,2.042
2026,2026-05-25,2026-09-07,60,108,15,13,97,-4.125,10.875,216.00,2.038
2026,2026-05-25,2026-09-07,60,108,15,14,97,-3.875,10.875,219.75,2.073
2026,2026-05-25,2026-09-07,60,108,15,15,97,-3.625,10.875,217.00,2.047
2026,2026-05-25,2026-09-07,60,108,15,16,97,-3.375,10.875,218.75,2.064
2026,2026-05-25,2026-09-07,60,108,15,17,97,-3.125,10.875,221.00,2.085
2026,2026-05-25,2026-09-07,60,108,15,18,97,-2.875,10.875,221.00,2.085
2026,2026-05-25,2026-09-07,60,108,15,19,97,-2.625,10.875,220.00,2.075
2026,2026-05-25,2026-09-07,60,108,15,20,97,-2.375,10.875,220.75,2.083
2026,2026-05-25,2026-09-07,60,108,15,21,97,-2.125,10.875,222.50,2.099
2026,2026-05-25,2026-09-07,60,108,15,22,97,-1.875,10.875,218.00,2.057
2026,2026-05-25,2026-09-07,60,108,15,23,97,-1.625,10.875,219.25,2.068
2026,2026-05-25,2026-09-07,60,108,15,24,97,-1.375,10.875,220.75,2.083
2026,2026-05-25,2026-09-07,60,108,15,25,97,-1.125,10.875,220.00,2.075
2026,2026-05-25,2026-09-07,60,108,15,26,97,-0.875,10.875,219.25,2.068
2026,2026-05-25,2026-09-07,60,108,15,27,97,-0.625,10.875,222.25,2.097
2026,2026-05-25,2026-09-07,60,108,15,28,97,-0.375,10.875,226.75,2.139
2026,2026-05-25,2026-09-07,60,108,15,29,97,-0.125,10.875,219.50,2.071
2026,2026-05-25,2026-09-07,60,108,15,30,97,0.125,10.875,219.25,2.068
2026,2026-05-25,2026-09-07,60,108,15,31,97,0.375,10.875,220.25,2.078
2026,2026-05-25,2026-09-07,60,108,15,32,97,0.625,10.875,219.25,2.068
2026,2026-05-25,2026-09-07,60,108,15,33,97,0.875,10.875,218.00,2.057
2026,2026-05-25,2026-09-07,60,108,15,34,97,1.125,10.875,220.25,2.078
2026,2026-05-25,2026-09-07,60,108,15,35,97,1.375,10.875,224.25,2.116
2026,2026-05-25,2026-09-07,60,108,15,36,97,1.625,10.875,222.75,2.101
2026,2026-05-25,2026-09-07,60,108,15,37,97,1.875,10.875,226.25,2.134
2026,2026-05-25,2026-09-07,60,108,15,38,97,2.125,10.875,218.00,2.057
2026,2026-05-25,2026-09-07,60,108,15,39,97,2.375,10.875,217.75,2.054
2026,2026-05-25,2026-09-07,60,108,15,40,97,2.625,10.875,216.50,2.042
2026,2026-05-25,2026-09-07,60,108,15,41,97,2.875,10.875,215.75,2.035
2026,2026-05-25,2026-09-07,60,108,15,42,97,3.125,10.875,221.25,2.087
2026,2026-05-25,2026-09-07,60,108,15,43,97,3.375,10.875,220.50,2.080
2026,2026-05-25,2026-09-07,60,108,15,44,97,3.625,10.875,223.75,2.111
2026,2026-05-25,2026-09-07,60,108,15,45,97,3.875,10.875,220.50,2.080
2026,2026-05-25,2026-09-07,60,108,15,46,97,4.125,10.875,216.25,2.040
2026,2026-05-25,2026-09-07,60,108,15,47,97,4.375,10.875,213.50,2.014
2026,2026-05-25,2026-09-07,60,108,15,48,97,4.625,10.875,212.25,2.002
2026,2026-05-25,2026-09-07,60,108,15,49,97,4.875,10.875,217.00,2.047
2026,2026-05-25,2026-09-07,60,108,15,50,97,5.125,10.875,217.50,2.052
2026,2026-05-25,2026-09-07,60,108,15,51,97,5.375,10.875,221.00,2.085
2026,2026-05-25,2026-09-07,60,108,15,52,97,5.625,10.875,223.25,2.106
2026,2026-05-25,2026-09-07,60,108,15,53,97,5.875,10.875,215.25,2.031
2026,2026-05-25,2026-09-07,60,108,15,54,97,6.125,10.875,212.75,2.007
2026,2026-05-25,2026-09-07,60,108,15,55,97,6.375,10.875,209.50,1.976
2026,2026-05-25,2026-09-07,60,108,15,56,97,6.625,10.875,208.50,1.967
2026,2026-05-25,2026-09-07,60,108,15,57,97,6.875,10.875,212.75,2.007
2026,2026-05-25,2026-09-07,60,108,15,58,97,7.125,10.875,217.00,2.047
2026,2026-05-25,2026-09-07,60,108,15,59,97,7.375,10.875,220.25,2.078
2026,2026-05-25,2026-09-07,60,108,15,0,98,-7.375,11.125,210.50,1.986
2026,2026-05-25,2026-09-07,60,108,15,1,98,-7.125,11.125,213.00,2.009
2026,2026-05-25,2026-09-07,60,108,15,2,98,-6.875,11.125,214.75,2.026
2026,2026-05-25,2026-09-07,60,108,15,3,98,-6.625,11.125,216.25,2.040
2026,2026-05-25,2026-09-07,60,108,15,4,98,-6.375,11.125,216.50,2.042
2026,2026-05-25,2026-09-07,60,108,15,5,98,-6.125,11.125,213.75,2.017
2026,2026-05-25,2026-09-07,60,108,15,6,98,-5.875,11.125,210.75,1.988
2026,2026-05-25,2026-09-07,60,108,15,7,98,-5.625,11.125,214.25,2.021
2026,2026-05-25,2026-09-07,60,108,15,8,98,-5.375,11.125,215.75,2.035
2026,2026-05-25,2026-09-07,60,108,15,9,98,-5.125,11.125,218.25,2.059
2026,2026-05-25,2026-09-07,60,108,15,10,98,-4.875,11.125,220.50,2.080
2026,2026-05-25,2026-09-07,60,108,15,11,98,-4.625,11.125,219.00,2.066
2026,2026-05-25,2026-09-07,60,108,15,12,98,-4.375,11.125,216.50,2.042
2026,2026-05-25,2026-09-07,60,108,15,13,98,-4.125,11.125,216.00,2.038
2026,2026-05-25,2026-09-07,60,108,15,14,98,-3.875,11.125,219.75,2.073
2026,2026-05-25,2026-09-07,60,108,15,15,98,-3.625,11.125,217.00,2.047
2026,2026-05-25,2026-09-07,60,108,15,16,98,-3.375,11.125,218.75,2.064
2026,2026-05-25,2026-09-07,60,108,15,17,98,-3.125,11.125,221.00,2.085
2026,2026-05-25,2026-09-07,60,108,15,18,98,-2.875,11.125,221.00,2.085
2026,2026-05-25,2026-09-07,60,108,15,19,98,-2.625,11.125,220.00,2.075
2026,2026-05-25,2026-09-07,60,108,15,20,98,-2.375,11.125,220.75,2.083
2026,2026-05-25,2026-09-07,60,108,15,21,98,-2.125,11.125,222.50,2.099
2026,2026-05-25,2026-09-07,60,108,15,22,98,-1.875,11.125,218.00,2.057
2026,2026-05-25,2026-09-07,60,108,15,23,98,-1.625,11.125,219.25,2.068
2026,2026-05-25,2026-09-07,60,108,15,24,98,-1.375,11.125,220.75,2.083
2026,2026-05-25,2026-09-07,60,108,15,25,98,-1.125,11.125,220.00,2.075
2026,2026-05-25,2026-09-07,60,108,15,26,98,-0.875,11.125,219.25,2.068
2026,2026-05-25,2026-09-07,60,108,15,27,98,-0.625,11.125,222.25,2.097
2026,2026-05-25,2026-09-07,60,108,15,28,98,-0.375,11.125,226.75,2.139
2026,2026-05-25,2026-09-07,60,108,15,29,98,-0.125,11.125,219.50,2.071
2026,2026-05-25,2026-09-07,60,108,15,30,98,0.125,11.125,219.25,2.068
2026,2026-05-25,2026-09-07,60,108,15,31,98,0.375,11.125,220.25,2.078
2026,2026-05-25,2026-09-07,60,108,15,32,98,0.625,11.125,219.25,2.068
2026,2026-05-25,2026-09-07,60,108,15,33,98,0.875,11.125,218.00,2.057
2026,2026-05-25,2026-09-07,60,108,15,34,98,1.125,11.125,220.25,2.078
2026,2026-05-25,2026-09-07,60,108,15,35,98,1.375,11.125,224.25,2.116
2026,2026-05-25,2026-09-07,60,108,15,36,98,1.625,11.125,222.75,2.101
2026,2026-05-25,2026-09-07,60,108,15,37,98,1.875,11.125,226.25,2.134
2026,2026-05-25,2026-09-07,60,108,15,38,98,2.125,11.125,218.00,2.057
2026,2026-05-25,2026-09-07,60,108,15,39,98,2.375,11.125,217.75,2.054
2026,2026-05-25,2026-09-07,60,108,15,40,98,2.625,11.125,216.50,2.042
2026,2026-05-25,2026-09-07,60,108,15,41,98,2.875,11.125,215.75,2.035
2026,2026-05-25,2026-09-07,60,108,15,42,98,3.125,11.125,221.25,2.087
2026,2026-05-25,2026-09-07,60,108,15,43,98,3.375,11.125,220.50,2.080
2026,2026-05-25,2026-09-07,60,108,15,44,98,3.625,11.125,223.75,2.111
2026,2026-05-25,2026-09-07,60,108,15,45,98,3.875,11.125,220.50,2.080
2026,2026-05-25,2026-09-07,60,108,15,46,98,4.125,11.125,216.25,2.040
2026,2026-05-25,2026-09-07,60,108,15,47,98,4.375,11.125,213.50,2.014
2026,2026-05-25,2026-09-07,60,108,15,48,98,4.625,11.125,212.25,2.002
2026,2026-05-25,2026-09-07,60,108,15,49,98,4.875,11.125,217.00,2.047
2026,2026-05-25,2026-09-07,60,108,15,50,98,5.125,11.125,217.50,2.052
2026,2026-05-25,2026-09-07,60,108,15,51,98,5.375,11.125,221.00,2.085
2026,2026-05-25,2026-09-07,60,108,15,52,98,5.625,11.125,223.25,2.106
2026,2026-05-25,2026-09-07,60,108,15,53,98,5.875,11.125,215.25,2.031
2026,2026-05-25,2026-09-07,60,108,15,54,98,6.125,11.125,212.75,2.007
2026,2026-05-25,2026-09-07,60,108,15,55,98,6.375,11.125,209.50,1.976
2026,2026-05-25,2026-09-07,60,108,15,56,98,6.625,11.125,208.50,1.967
2026,2026-05-25,2026-09-07,60,108,15,57,98,6.875,11.125,212.75,2.007
2026,2026-05-25,2026-09-07,60,108,15,58,98,7.125,11.125,217.00,2.047
2026,2026-05-25,2026-09-07,60,108,15,59,98,7.375,11.125,220.25,2.078
2026,2026-05-25,2026-09-07,60,108,15,0,99,-7.375,11.375,210.50,1.986
2026,2026-05-25,2026-09-07,60,108,15,1,99,-7.125,11.375,213.00,2.009
2026,2026-05-25,2026-09-07,60,108,15,2,99,-6.875,11.375,214.75,2.026
2026,2026-05-25,2026-09-07,60,108,15,3,99,-6.625,11.375,216.25,2.040
2026,2026-05-25,2026-09-07,60,108,15,4,99,-6.375,11.375,216.50,2.042
2026,2026-05-25,2026-09-07,60,108,15,5,99,-6.125,11.375,213.75,2.017
2026,2026-05-25,2026-09-07,60,108,15,6,99,-5.875,11.375,210.75,1.988
2026,2026-05-25,2026-09-07,60,108,15,7,99,-5.625,11.375,214.25,2.021
2026,2026-05-25,2026-09-07,60,108,15,8,99,-5.375,11.375,215.75,2.035
2026,2026-05-25,2026-09-07,60,108,15,9,99,-5.125,11.375,218.25,2.059
2026,2026-05-25,2026-09-07,60,108,15,10,99,-4.875,11.375,220.50,2.080
2026,2026-05-25,2026-09-07,60,108,15,11,99,-4.625,11.375,219.00,2.066
2026,2026-05-25,2026-09-07,60,108,15,12,99,-4.375,11.375,216.50,2.042
2026,2026-05-25,2026-09-07,60,108,15,13,99,-4.125,11.375,216.00,2.038
2026,2026-05-25,2026-09-07,60,108,15,14,99,-3.875,11.375,219.75,2.073
2026,2026-05-25,2026-09-07,60,108,15,15,99,-3.625,11.375,217.00,2.047
2026,2026-05-25,2026-09-07,60,108,15,16,99,-3.375,11.375,218.75,2.064
2026,2026-05-25,2026-09-07,60,108,15,17,99,-3.125,11.375,221.00,2.085
2026,2026-05-25,2026-09-07,60,108,15,18,99,-2.875,11.375,221.00,2.085
2026,2026-05-25,2026-09-07,60,108,15,19,99,-2.625,11.375,220.00,2.075
2026,2026-05-25,2026-09-07,60,108,15,20,99,-2.375,11.375,220.75,2.083
2026,2026-05-25,2026-09-07,60,108,15,21,99,-2.125,11.375,222.50,2.099
2026,2026-05-25,2026-09-07,60,108,15,22,99,-1.875,11.375,218.00,2.057
2026,2026-05-25,2026-09-07,60,108,15,23,99,-1.625,11.375,219.25,2.068
2026,2026-05-25,2026-09-07,60,108,15,24,99,-1.375,11.375,220.75,2.083
2026,2026-05-25,2026-09-07,60,108,15,25,99,-1.125,11.375,220.00,2.075
2026,2026-05-25,2026-09-07,60,108,15,26,99,-0.875,11.375,219.25,2.068
2026,2026-05-25,2026-09-07,60,108,15,27,99,-0.625,11.375,222.25,2.097
2026,2026-05-25,2026-09-07,60,108,15,28,99,-0.375,11.375,226.75,2.139
2026,2026-05-25,2026-09-07,60,108,15,29,99,-0.125,11.375,219.50,2.071
2026,2026-05-25,2026-09-07,60,108,15,30,99,0.125,11.375,219.25,2.068
2026,2026-05-25,2026-09-07,60,108,15,31,99,0.375,11.375,220.25,2.078
2026,2026-05-25,2026-09-07,60,108,15,32,99,0.625,11.375,219.25,2.068
2026,2026-05-25,2026-09-07,60,108,15,33,99,0.875,11.375,218.00,2.057
2026,2026-05-25,2026-09-07,60,108,15,34,99,1.125,11.375,220.25,2.078
2026,2026-05-25,2026-09-07,60,108,15,35,99,1.375,11.375,224.25,2.116
2026,2026-05-25,2026-09-07,60,108,15,36,99,1.625,11.375,222.75,2.101
2026,2026-05-25,2026-09-07,60,108,15,37,99,1.875,11.375,226.25,2.134
2026,2026-05-25,2026-09-07,60,108,15,38,99,2.125,11.375,218.00,2.057
2026,2026-05-25,2026-09-07,60,108,15,39,99,2.375,11.375,217.75,2.054
2026,2026-05-25,2026-09-07,60,108,15,40,99,2.625,11.375,216.50,2.042
2026,2026-05-25,2026-09-07,60,108,15,41,99,2.875,11.375,215.75,2.035
2026,2026-05-25,2026-09-07,60,108,15,42,99,3.125,11.375,221.25,2.087
2026,2026-05-25,2026-09-07,60,108,15,43,99,3.375,11.375,220.50,2.080
2026,2026-05-25,2026-09-07,60,108,15,44,99,3.625,11.375,223.75,2.111
2026,2026-05-25,2026-09-07,60,108,15,45,99,3.875,11.375,220.50,2.080
2026,2026-05-25,2026-09-07,60,108,15,46,99,4.125,11.375,216.25,2.040
2026,2026-05-25,2026-09-07,60,108,15,47,99,4.375,11.375,213.50,2.014
2026,2026-05-25,2026-09-07,60,108,15,48,99,4.625,11.375,212.25,2.002
2026,2026-05-25,2026-09-07,60,108,15,49,99,4.875,11.375,217.00,2.047
2026,2026-05-25,2026-09-07,60,108,15,50,99,5.125,11.375,217.50,2.052
2026,2026-05-25,2026-09-07,60,108,15,51,99,5.375,11.375,221.00,2.085
2026,2026-05-25,2026-09-07,60,108,15,52,99,5.625,11.375,223.25,2.106
2026,2026-05-25,2026-09-07,60,108,15,53,99,5.875,11.375,215.25,2.031
2026,2026-05-25,2026-09-07,60,108,15,54,99,6.125,11.375,212.75,2.007
2026,2026-05-25,2026-09-07,60,108,15,55,99,6.375,11.375,209.50,1.976
2026,2026-05-25,2026-09-07,60,108,15,56,99,6.625,11.375,208.50,1.967
2026,2026-05-25,2026-09-07,60,108,15,57,99,6.875,11.375,212.75,2.007
2026,2026-05-25,2026-09-07,60,108,15,58,99,7.125,11.375,217.00,2.047
2026,2026-05-25,2026-09-07,60,108,15,59,99,7.375,11.375,220.25,2.078
2026,2026-05-25,2026-09-07,60,108,15,0,100,-7.375,11.625,210.50,1.986
2026,2026-05-25,2026-09-07,60,108,15,1,100,-7.125,11.625,213.00,2.009
2026,2026-05-25,2026-09-07,60,108,15,2,100,-6.875,11.625,214.75,2.026
2026,2026-05-25,2026-09-07,60,108,15,3,100,-6.625,11.625,216.25,2.040
2026,2026-05-25,2026-09-07,60,108,15,4,100,-6.375,11.625,216.50,2.042
2026,2026-05-25,2026-09-07,60,108,15,5,100,-6.125,11.625,213.75,2.017
2026,2026-05-25,2026-09-07,60,108,15,6,100,-5.875,11.625,210.75,1.988
2026,2026-05-25,2026-09-07,60,108,15,7,100,-5.625,11.625,214.25,2.021
2026,2026-05-25,2026-09-07,60,108,15,8,100,-5.375,11.625,215.75,2.035
2026,2026-05-25,2026-09-07,60,108,15,9,100,-5.125,11.625,218.25,2.059
2026,2026-05-25,2026-09-07,60,108,15,10,100,-4.875,11.625,220.50,2.080
2026,2026-05-25,2026-09-07,60,108,15,11,100,-4.625,11.625,219.00,2.066
2026,2026-05-25,2026-09-07,60,108,15,12,100,-4.375,11.625,216.50,2.042
2026,2026-05-25,2026-09-07,60,108,15,13,100,-4.125,11.625,216.00,2.038
2026,2026-05-25,2026-09-07,60,108,15,14,100,-3.875,11.625,219.75,2.073
2026,2026-05-25,2026-09-07,60,108,15,15,100,-3.625,11.625,217.00,2.047
2026,2026-05-25,2026-09-07,60,108,15,16,100,-3.375,11.625,218.75,2.064
2026,2026-05-25,2026-09-07,60,108,15,17,100,-3.125,11.625,221.00,2.085
2026,2026-05-25,2026-09-07,60,108,15,18,100,-2.875,11.625,221.00,2.085
2026,2026-05-25,2026-09-07,60,108,15,19,100,-2.625,11.625,220.00,2.075
2026,2026-05-25,2026-09-07,60,108,15,20,100,-2.375,11.625,220.75,2.083
2026,2026-05-25,2026-09-07,60,108,15,21,100,-2.125,11.625,222.50,2.099
2026,2026-05-25,2026-09-07,60,108,15,22,100,-1.875,11.625,218.00,2.057
2026,2026-05-25,2026-09-07,60,108,15,23,100,-1.625,11.625,219.25,2.068
2026,2026-05-25,2026-09-07,60,108,15,24,100,-1.375,11.625,220.75,2.083
2026,2026-05-25,2026-09-07,60,108,15,25,100,-1.125,11.625,220.00,2.075
2026,2026-05-25,2026-09-07,60,108,15,26,100,-0.875,11.625,219.25,2.068
2026,2026-05-25,2026-09-07,60,108,15,27,100,-0.625,11.625,222.25,2.097
2026,2026-05-25,2026-09-07,60,108,15,28,100,-0.375,11.625,226.75,2.139
2026,2026-05-25,2026-09-07,60,108,15,29,100,-0.125,11.625,219.50,2.071
2026,2026-05-25,2026-09-07,60,108,15,30,100,0.125,11.625,219.25,2.068
2026,2026-05-25,2026-09-07,60,108,15,31,100,0.375,11.625,220.25,2.078
2026,2026-05-25,2026-09-07,60,108,15,32,100,0.625,11.625,219.25,2.068
2026,2026-05-25,2026-09-07,60,108,15,33,100,0.875,11.625,218.00,2.057
2026,2026-05-25,2026-09-07,60,108,15,34,100,1.125,11.625,220.25,2.078
2026,2026-05-25,2026-09-07,60,108,15,35,100,1.375,11.625,224.25,2.116
2026,2026-05-25,2026-09-07,60,108,15,36,100,1.625,11.625,222.75,2.101
2026,2026-05-25,2026-09-07,60,108,15,37,100,1.875,11.625,226.25,2.134
2026,2026-05-25,2026-09-07,60,108,15,38,100,2.125,11.625,218.00,2.057
2026,2026-05-25,2026-09-07,60,108,15,39,100,2.375,11.625,217.75,2.054
2026,2026-05-25,2026-09-07,60,108,15,40,100,2.625,11.625,216.50,2.042
2026,2026-05-25,2026-09-07,60,108,15,41,100,2.875,11.625,215.75,2.035
2026,2026-05-25,2026-09-07,60,108,15,42,100,3.125,11.625,221.25,2.087
2026,2026-05-25,2026-09-07,60,108,15,43,100,3.375,11.625,220.50,2.080
2026,2026-05-25,2026-09-07,60,108,15,44,100,3.625,11.625,223.75,2.111
2026,2026-05-25,2026-09-07,60,108,15,45,100,3.875,11.625,220.50,2.080
2026,2026-05-25,2026-09-07,60,108,15,46,100,4.125,11.625,216.25,2.040
2026,2026-05-25,2026-09-07,60,108,15,47,100,4.375,11.625,213.50,2.014
2026,2026-05-25,2026-09-07,60,108,15,48,100,4.625,11.625,212.25,2.002
2026,2026-05-25,2026-09-07,60,108,15,49,100,4.875,11.625,217.00,2.047
2026,2026-05-25,2026-09-07,60,108,15,50,100,5.125,11.625,217.50,2.052
2026,2026-05-25,2026-09-07,60,108,15,51,100,5.375,11.625,221.00,2.085
2026,2026-05-25,2026-09-07,60,108,15,52,100,5.625,11.625,223.25,2.106
2026,2026-05-25,2026-09-07,60,108,15,53,100,5.875,11.625,215.25,2.031
2026,2026-05-25,2026-09-07,60,108,15,54,100,6.125,11.625,212.75,2.007
2026,2026-05-25,2026-09-07,60,108,15,55,100,6.375,11.625,209.50,1.976
2026,2026-05-25,2026-09-07,60,108,15,56,100,6.625,11.625,208.50,1.967
2026,2026-05-25,2026-09-07,60,108,15,57,100,6.875,11.625,212.75,2.007
2026,2026-05-25,2026-09-07,60,108,15,58,100,7.125,11.625,217.00,2.047
2026,2026-05-25,2026-09-07,60,108,15,59,100,7.375,11.625,220.25,2.078
2026,2026-05-25,2026-09-07,60,108,15,0,101,-7.375,11.875,210.50,1.986
2026,2026-05-25,2026-09-07,60,108,15,1,101,-7.125,11.875,213.00,2.009
2026,2026-05-25,2026-09-07,60,108,15,2,101,-6.875,11.875,214.75,2.026
2026,2026-05-25,2026-09-07,60,108,15,3,101,-6.625,11.875,216.25,2.040
2026,2026-05-25,2026-09-07,60,108,15,4,101,-6.375,11.875,216.50,2.042
2026,2026-05-25,2026-09-07,60,108,15,5,101,-6.125,11.875,213.75,2.017
2026,2026-05-25,2026-09-07,60,108,15,6,101,-5.875,11.875,210.75,1.988
2026,2026-05-25,2026-09-07,60,108,15,7,101,-5.625,11.875,214.25,2.021
2026,2026-05-25,2026-09-07,60,108,15,8,101,-5.375,11.875,215.75,2.035
2026,2026-05-25,2026-09-07,60,108,15,9,101,-5.125,11.875,218.25,2.059
2026,2026-05-25,2026-09-07,60,108,15,10,101,-4.875,11.875,220.50,2.080
2026,2026-05-25,2026-09-07,60,108,15,11,101,-4.625,11.875,219.00,2.066
2026,2026-05-25,2026-09-07,60,108,15,12,101,-4.375,11.875,216.50,2.042
2026,2026-05-25,2026-09-07,60,108,15,13,101,-4.125,11.875,216.00,2.038
2026,2026-05-25,2026-09-07,60,108,15,14,101,-3.875,11.875,219.75,2.073
2026,2026-05-25,2026-09-07,60,108,15,15,101,-3.625,11.875,217.00,2.047
2026,2026-05-25,2026-09-07,60,108,15,16,101,-3.375,11.875,218.75,2.064
2026,2026-05-25,2026-09-07,60,108,15,17,101,-3.125,11.875,221.00,2.085
2026,2026-05-25,2026-09-07,60,108,15,18,101,-2.875,11.875,221.00,2.085
2026,2026-05-25,2026-09-07,60,108,15,19,101,-2.625,11.875,220.00,2.075
2026,2026-05-25,2026-09-07,60,108,15,20,101,-2.375,11.875,220.75,2.083
2026,2026-05-25,2026-09-07,60,108,15,21,101,-2.125,11.875,222.50,2.099
2026,2026-05-25,2026-09-07,60,108,15,22,101,-1.875,11.875,218.00,2.057
2026,2026-05-25,2026-09-07,60,108,15,23,101,-1.625,11.875,219.25,2.068
2026,2026-05-25,2026-09-07,60,108,15,24,101,-1.375,11.875,220.75,2.083
2026,2026-05-25,2026-09-07,60,108,15,25,101,-1.125,11.875,220.00,2.075
2026,2026-05-25,2026-09-07,60,108,15,26,101,-0.875,11.875,219.25,2.068
2026,2026-05-25,2026-09-07,60,108,15,27,101,-0.625,11.875,222.25,2.097
2026,2026-05-25,2026-09-07,60,108,15,28,101,-0.375,11.875,226.75,2.139
2026,2026-05-25,2026-09-07,60,108,15,29,101,-0.125,11.875,219.50,2.071
2026,2026-05-25,2026-09-07,60,108,15,30,101,0.125,11.875,219.25,2.068
2026,2026-05-25,2026-09-07,60,108,15,31,101,0.375,11.875,220.25,2.078
2026,2026-05-25,2026-09-07,60,108,15,32,101,0.625,11.875,219.25,2.068
2026,2026-05-25,2026-09-07,60,108,15,33,101,0.875,11.875,218.00,2.057
2026,2026-05-25,2026-09-07,60,108,15,34,101,1.125,11.875,220.25,2.078
2026,2026-05-25,2026-09-07,60,108,15,35,101,1.375,11.875,224.25,2.116
2026,2026-05-25,2026-09-07,60,108,15,36,101,1.625,11.875,222.75,2.101
2026,2026-05-25,2026-09-07,60,108,15,37,101,1.875,11.875,226.25,2.134
2026,2026-05-25,2026-09-07,60,108,15,38,101,2.125,11.875,218.00,2.057
2026,2026-05-25,2026-09-07,60,108,15,39,101,2.375,11.875,217.75,2.054
2026,2026-05-25,2026-09-07,60,108,15,40,101,2.625,11.875,216.50,2.042
2026,2026-05-25,2026-09-07,60,108,15,41,101,2.875,11.875,215.75,2.035
2026,2026-05-25,2026-09-07,60,108,15,42,101,3.125,11.875,221.25,2.087
2026,2026-05-25,2026-09-07,60,108,15,43,101,3.375,11.875,220.50,2.080
2026,2026-05-25,2026-09-07,60,108,15,44,101,3.625,11.875,223.75,2.111
2026,2026-05-25,2026-09-07,60,108,15,45,101,3.875,11.875,220.50,2.080
2026,2026-05-25,2026-09-07,60,108,15,46,101,4.125,11.875,216.25,2.040
2026,2026-05-25,2026-09-07,60,108,15,47,101,4.375,11.875,213.50,2.014
2026,2026-05-25,2026-09-07,60,108,15,48,101,4.625,11.875,212.25,2.002
2026,2026-05-25,2026-09-07,60,108,15,49,101,4.875,11.875,217.00,2.047
2026,2026-05-25,2026-09-07,60,108,15,50,101,5.125,11.875,217.50,2.052
2026,2026-05-25,2026-09-07,60,108,15,51,101,5.375,11.875,221.00,2.085
2026,2026-05-25,2026-09-07,60,108,15,52,101,5.625,11.875,223.25,2.106
2026,2026-05-25,2026-09-07,60,108,15,53,101,5.875,11.875,215.25,2.031
2026,2026-05-25,2026-09-07,60,108,15,54,101,6.125,11.875,212.75,2.007
2026,2026-05-25,2026-09-07,60,108,15,55,101,6.375,11.875,209.50,1.976
2026,2026-05-25,2026-09-07,60,108,15,56,101,6.625,11.875,208.50,1.967
2026,2026-05-25,2026-09-07,60,108,15,57,101,6.875,11.875,212.75,2.007
2026,2026-05-25,2026-09-07,60,108,15,58,101,7.125,11.875,217.00,2.047
2026,2026-05-25,2026-09-07,60,108,15,59,101,7.375,11.875,220.25,2.078
2026,2026-05-25,2026-09-07,60,108,15,0,102,-7.375,12.125,210.50,1.986
2026,2026-05-25,2026-09-07,60,108,15,1,102,-7.125,12.125,213.00,2.009
2026,2026-05-25,2026-09-07,60,108,15,2,102,-6.875,12.125,214.75,2.026
2026,2026-05-25,2026-09-07,60,108,15,3,102,-6.625,12.125,216.25,2.040
2026,2026-05-25,2026-09-07,60,108,15,4,102,-6.375,12.125,216.50,2.042
2026,2026-05-25,2026-09-07,60,108,15,5,102,-6.125,12.125,213.75,2.017
2026,2026-05-25,2026-09-07,60,108,15,6,102,-5.875,12.125,210.75,1.988
2026,2026-05-25,2026-09-07,60,108,15,7,102,-5.625,12.125,214.25,2.021
2026,2026-05-25,2026-09-07,60,108,15,8,102,-5.375,12.125,215.75,2.035
2026,2026-05-25,2026-09-07,60,108,15,9,102,-5.125,12.125,218.25,2.059
2026,2026-05-25,2026-09-07,60,108,15,10,102,-4.875,12.125,220.50,2.080
2026,2026-05-25,2026-09-07,60,108,15,11,102,-4.625,12.125,219.00,2.066
2026,2026-05-25,2026-09-07,60,108,15,12,102,-4.375,12.125,216.50,2.042
2026,2026-05-25,2026-09-07,60,108,15,13,102,-4.125,12.125,216.00,2.038
2026,2026-05-25,2026-09-07,60,108,15,14,102,-3.875,12.125,219.75,2.073
2026,2026-05-25,2026-09-07,60,108,15,15,102,-3.625,12.125,217.00,2.047
2026,2026-05-25,2026-09-07,60,108,15,16,102,-3.375,12.125,218.75,2.064
2026,2026-05-25,2026-09-07,60,108,15,17,102,-3.125,12.125,221.00,2.085
2026,2026-05-25,2026-09-07,60,108,15,18,102,-2.875,12.125,221.00,2.085
2026,2026-05-25,2026-09-07,60,108,15,19,102,-2.625,12.125,220.00,2.075
2026,2026-05-25,2026-09-07,60,108,15,20,102,-2.375,12.125,220.75,2.083
2026,2026-05-25,2026-09-07,60,108,15,21,102,-2.125,12.125,222.50,2.099
2026,2026-05-25,2026-09-07,60,108,15,22,102,-1.875,12.125,218.00,2.057
2026,2026-05-25,2026-09-07,60,108,15,23,102,-1.625,12.125,219.25,2.068
2026,2026-05-25,2026-09-07,60,108,15,24,102,-1.375,12.125,220.75,2.083
2026,2026-05-25,2026-09-07,60,108,15,25,102,-1.125,12.125,220.00,2.075
2026,2026-05-25,2026-09-07,60,108,15,26,102,-0.875,12.125,219.25,2.068
2026,2026-05-25,2026-09-07,60,108,15,27,102,-0.625,12.125,222.25,2.097
2026,2026-05-25,2026-09-07,60,108,15,28,102,-0.375,12.125,226.75,2.139
2026,2026-05-25,2026-09-07,60,108,15,29,102,-0.125,12.125,219.50,2.071
2026,2026-05-25,2026-09-07,60,108,15,30,102,0.125,12.125,219.25,2.068
2026,2026-05-25,2026-09-07,60,108,15,31,102,0.375,12.125,220.25,2.078
2026,2026-05-25,2026-09-07,60,108,15,32,102,0.625,12.125,219.25,2.068
2026,2026-05-25,2026-09-07,60,108,15,33,102,0.875,12.125,218.00,2.057
2026,2026-05-25,2026-09-07,60,108,15,34,102,1.125,12.125,220.25,2.078
2026,2026-05-25,2026-09-07,60,108,15,35,102,1.375,12.125,224.25,2.116
2026,2026-05-25,2026-09-07,60,108,15,36,102,1.625,12.125,222.75,2.101
2026,2026-05-25,2026-09-07,60,108,15,37,102,1.875,12.125,226.25,2.134
2026,2026-05-25,2026-09-07,60,108,15,38,102,2.125,12.125,218.00,2.057
2026,2026-05-25,2026-09-07,60,108,15,39,102,2.375,12.125,217.75,2.054
2026,2026-05-25,2026-09-07,60,108,15,40,102,2.625,12.125,216.50,2.042
2026,2026-05-25,2026-09-07,60,108,15,41,102,2.875,12.125,215.75,2.035
2026,2026-05-25,2026-09-07,60,108,15,42,102,3.125,12.125,221.25,2.087
2026,2026-05-25,2026-09-07,60,108,15,43,102,3.375,12.125,220.50,2.080
2026,2026-05-25,2026-09-07,60,108,15,44,102,3.625,12.125,223.75,2.111
2026,2026-05-25,2026-09-07,60,108,15,45,102,3.875,12.125,220.50,2.080
2026,2026-05-25,2026-09-07,60,108,15,46,102,4.125,12.125,216.25,2.040
2026,2026-05-25,2026-09-07,60,108,15,47,102,4.375,12.125,213.50,2.014
2026,2026-05-25,2026-09-07,60,108,15,48,102,4.625,12.125,212.25,2.002
2026,2026-05-25,2026-09-07,60,108,15,49,102,4.875,12.125,217.00,2.047
2026,2026-05-25,2026-09-07,60,108,15,50,102,5.125,12.125,217.50,2.052
2026,2026-05-25,2026-09-07,60,108,15,51,102,5.375,12.125,221.00,2.085
2026,2026-05-25,2026-09-07,60,108,15,52,102,5.625,12.125,223.25,2.106
2026,2026-05-25,2026-09-07,60,108,15,53,102,5.875,12.125,215.25,2.031
2026,2026-05-25,2026-09-07,60,108,15,54,102,6.125,12.125,212.75,2.007
2026,2026-05-25,2026-09-07,60,108,15,55,102,6.375,12.125,209.50,1.976
2026,2026-05-25,2026-09-07,60,108,15,56,102,6.625,12.125,208.50,1.967
2026,2026-05-25,2026-09-07,60,108,15,57,102,6.875,12.125,212.75,2.007
2026,2026-05-25,2026-09-07,60,108,15,58,102,7.125,12.125,217.00,2.047
2026,2026-05-25,2026-09-07,60,108,15,59,102,7.375,12.125,220.25,2.078
2026,2026-05-25,2026-09-07,60,108,15,0,103,-7.375,12.375,210.50,1.986
2026,2026-05-25,2026-09-07,60,108,15,1,103,-7.125,12.375,213.00,2.009
2026,2026-05-25,2026-09-07,60,108,15,2,103,-6.875,12.375,214.75,2.026
2026,2026-05-25,2026-09-07,60,108,15,3,103,-6.625,12.375,216.25,2.040
2026,2026-05-25,2026-09-07,60,108,15,4,103,-6.375,12.375,216.50,2.042
2026,2026-05-25,2026-09-07,60,108,15,5,103,-6.125,12.375,213.75,2.017
2026,2026-05-25,2026-09-07,60,108,15,6,103,-5.875,12.375,210.75,1.988
2026,2026-05-25,2026-09-07,60,108,15,7,103,-5.625,12.375,214.25,2.021
2026,2026-05-25,2026-09-07,60,108,15,8,103,-5.375,12.375,215.75,2.035
2026,2026-05-25,2026-09-07,60,108,15,9,103,-5.125,12.375,218.25,2.059
2026,2026-05-25,2026-09-07,60,108,15,10,103,-4.875,12.375,220.50,2.080
2026,2026-05-25,2026-09-07,60,108,15,11,103,-4.625,12.375,219.00,2.066
2026,2026-05-25,2026-09-07,60,108,15,12,103,-4.375,12.375,216.50,2.042
2026,2026-05-25,2026-09-07,60,108,15,13,103,-4.125,12.375,216.00,2.038
2026,2026-05-25,2026-09-07,60,108,15,14,103,-3.875,12.375,219.75,2.073
2026,2026-05-25,2026-09-07,60,108,15,15,103,-3.625,12.375,217.00,2.047
2026,2026-05-25,2026-09-07,60,108,15,16,103,-3.375,12.375,218.75,2.064
2026,2026-05-25,2026-09-07,60,108,15,17,103,-3.125,12.375,221.00,2.085
2026,2026-05-25,2026-09-07,60,108,15,18,103,-2.875,12.375,221.00,2.085
2026,2026-05-25,2026-09-07,60,108,15,19,103,-2.625,12.375,220.00,2.075
2026,2026-05-25,2026-09-07,60,108,15,20,103,-2.375,12.375,220.75,2.083
2026,2026-05-25,2026-09-07,60,108,15,21,103,-2.125,12.375,222.50,2.099
2026,2026-05-25,2026-09-07,60,108,15,22,103,-1.875,12.375,218.00,2.057
2026,2026-05-25,2026-09-07,60,108,15,23,103,-1.625,12.375,219.25,2.068
2026,2026-05-25,2026-09-07,60,108,15,24,103,-1.375,12.375,220.75,2.083
2026,2026-05-25,2026-09-07,60,108,15,25,103,-1.125,12.375,220.00,2.075
2026,2026-05-25,2026-09-07,60,108,15,26,103,-0.875,12.375,219.25,2.068
2026,2026-05-25,2026-09-07,60,108,15,27,103,-0.625,12.375,222.25,2.097
2026,2026-05-25,2026-09-07,60,108,15,28,103,-0.375,12.375,226.75,2.139
2026,2026-05-25,2026-09-07,60,108,15,29,103,-0.125,12.375,219.50,2.071
2026,2026-05-25,2026-09-07,60,108,15,30,103,0.125,12.375,219.25,2.068
2026,2026-05-25,2026-09-07,60,108,15,31,103,0.375,12.375,220.25,2.078
2026,2026-05-25,2026-09-07,60,108,15,32,103,0.625,12.375,219.25,2.068
2026,2026-05-25,2026-09-07,60,108,15,33,103,0.875,12.375,218.00,2.057
2026,2026-05-25,2026-09-07,60,108,15,34,103,1.125,12.375,220.25,2.078
2026,2026-05-25,2026-09-07,60,108,15,35,103,1.375,12.375,224.25,2.116
2026,2026-05-25,2026-09-07,60,108,15,36,103,1.625,12.375,222.75,2.101
2026,2026-05-25,2026-09-07,60,108,15,37,103,1.875,12.375,226.25,2.134
2026,2026-05-25,2026-09-07,60,108,15,38,103,2.125,12.375,218.00,2.057
2026,2026-05-25,2026-09-07,60,108,15,39,103,2.375,12.375,217.75,2.054
2026,2026-05-25,2026-09-07,60,108,15,40,103,2.625,12.375,216.50,2.042
2026,2026-05-25,2026-09-07,60,108,15,41,103,2.875,12.375,215.75,2.035
2026,2026-05-25,2026-09-07,60,108,15,42,103,3.125,12.375,221.25,2.087
2026,2026-05-25,2026-09-07,60,108,15,43,103,3.375,12.375,220.50,2.080
2026,2026-05-25,2026-09-07,60,108,15,44,103,3.625,12.375,223.75,2.111
2026,2026-05-25,2026-09-07,60,108,15,45,103,3.875,12.375,220.50,2.080
2026,2026-05-25,2026-09-07,60,108,15,46,103,4.125,12.375,216.25,2.040
2026,2026-05-25,2026-09-07,60,108,15,47,103,4.375,12.375,213.50,2.014
2026,2026-05-25,2026-09-07,60,108,15,48,103,4.625,12.375,212.25,2.002
2026,2026-05-25,2026-09-07,60,108,15,49,103,4.875,12.375,217.00,2.047
2026,2026-05-25,2026-09-07,60,108,15,50,103,5.125,12.375,217.50,2.052
2026,2026-05-25,2026-09-07,60,108,15,51,103,5.375,12.375,221.00,2.085
2026,2026-05-25,2026-09-07,60,108,15,52,103,5.625,12.375,223.25,2.106
2026,2026-05-25,2026-09-07,60,108,15,53,103,5.875,12.375,215.25,2.031
2026,2026-05-25,2026-09-07,60,108,15,54,103,6.125,12.375,212.75,2.007
2026,2026-05-25,2026-09-07,60,108,15,55,103,6.375,12.375,209.50,1.976
2026,2026-05-25,2026-09-07,60,108,15,56,103,6.625,12.375,208.50,1.967
2026,2026-05-25,2026-09-07,60,108,15,57,103,6.875,12.375,212.75,2.007
2026,2026-05-25,2026-09-07,60,108,15,58,103,7.125,12.375,217.00,2.047
2026,2026-05-25,2026-09-07,60,108,15,59,103,7.375,12.375,220.25,2.078
2026,2026-05-25,2026-09-07,60,108,15,0,104,-7.375,12.625,210.50,1.986
2026,2026-05-25,2026-09-07,60,108,15,1,104,-7.125,12.625,213.00,2.009
2026,2026-05-25,2026-09-07,60,108,15,2,104,-6.875,12.625,214.75,2.026
2026,2026-05-25,2026-09-07,60,108,15,3,104,-6.625,12.625,216.25,2.040
2026,2026-05-25,2026-09-07,60,108,15,4,104,-6.375,12.625,216.50,2.042
2026,2026-05-25,2026-09-07,60,108,15,5,104,-6.125,12.625,213.75,2.017
2026,2026-05-25,2026-09-07,60,108,15,6,104,-5.875,12.625,210.75,1.988
2026,2026-05-25,2026-09-07,60,108,15,7,104,-5.625,12.625,214.25,2.021
2026,2026-05-25,2026-09-07,60,108,15,8,104,-5.375,12.625,215.75,2.035
2026,2026-05-25,2026-09-07,60,108,15,9,104,-5.125,12.625,218.25,2.059
2026,2026-05-25,2026-09-07,60,108,15,10,104,-4.875,12.625,220.50,2.080
2026,2026-05-25,2026-09-07,60,108,15,11,104,-4.625,12.625,219.00,2.066
2026,2026-05-25,2026-09-07,60,108,15,12,104,-4.375,12.625,216.50,2.042
2026,2026-05-25,2026-09-07,60,108,15,13,104,-4.125,12.625,216.00,2.038
2026,2026-05-25,2026-09-07,60,108,15,14,104,-3.875,12.625,219.75,2.073
2026,2026-05-25,2026-09-07,60,108,15,15,104,-3.625,12.625,217.00,2.047
2026,2026-05-25,2026-09-07,60,108,15,16,104,-3.375,12.625,218.75,2.064
2026,2026-05-25,2026-09-07,60,108,15,17,104,-3.125,12.625,221.00,2.085
2026,2026-05-25,2026-09-07,60,108,15,18,104,-2.875,12.625,221.00,2.085
2026,2026-05-25,2026-09-07,60,108,15,19,104,-2.625,12.625,220.00,2.075
2026,2026-05-25,2026-09-07,60,108,15,20,104,-2.375,12.625,220.75,2.083
2026,2026-05-25,2026-09-07,60,108,15,21,104,-2.125,12.625,222.50,2.099
2026,2026-05-25,2026-09-07,60,108,15,22,104,-1.875,12.625,218.00,2.057
2026,2026-05-25,2026-09-07,60,108,15,23,104,-1.625,12.625,219.25,2.068
2026,2026-05-25,2026-09-07,60,108,15,24,104,-1.375,12.625,220.75,2.083
2026,2026-05-25,2026-09-07,60,108,15,25,104,-1.125,12.625,220.00,2.075
2026,2026-05-25,2026-09-07,60,108,15,26,104,-0.875,12.625,219.25,2.068
2026,2026-05-25,2026-09-07,60,108,15,27,104,-0.625,12.625,222.25,2.097
2026,2026-05-25,2026-09-07,60,108,15,28,104,-0.375,12.625,226.75,2.139
2026,2026-05-25,2026-09-07,60,108,15,29,104,-0.125,12.625,219.50,2.071
2026,2026-05-25,2026-09-07,60,108,15,30,104,0.125,12.625,219.25,2.068
2026,2026-05-25,2026-09-07,60,108,15,31,104,0.375,12.625,220.25,2.078
2026,2026-05-25,2026-09-07,60,108,15,32,104,0.625,12.625,219.25,2.068
2026,2026-05-25,2026-09-07,60,108,15,33,104,0.875,12.625,218.00,2.057
2026,2026-05-25,2026-09-07,60,108,15,34,104,1.125,12.625,220.25,2.078
2026,2026-05-25,2026-09-07,60,108,15,35,104,1.375,12.625,224.25,2.116
2026,2026-05-25,2026-09-07,60,108,15,36,104,1.625,12.625,222.75,2.101
2026,2026-05-25,2026-09-07,60,108,15,37,104,1.875,12.625,226.25,2.134
2026,2026-05-25,2026-09-07,60,108,15,38,104,2.125,12.625,218.00,2.057
2026,2026-05-25,2026-09-07,60,108,15,39,104,2.375,12.625,217.75,2.054
2026,2026-05-25,2026-09-07,60,108,15,40,104,2.625,12.625,216.50,2.042
2026,2026-05-25,2026-09-07,60,108,15,41,104,2.875,12.625,215.75,2.035
2026,2026-05-25,2026-09-07,60,108,15,42,104,3.125,12.625,221.25,2.087
2026,2026-05-25,2026-09-07,60,108,15,43,104,3.375,12.625,220.50,2.080
2026,2026-05-25,2026-09-07,60,108,15,44,104,3.625,12.625,223.75,2.111
2026,2026-05-25,2026-09-07,60,108,15,45,104,3.875,12.625,220.50,2.080
2026,2026-05-25,2026-09-07,60,108,15,46,104,4.125,12.625,216.25,2.040
2026,2026-05-25,2026-09-07,60,108,15,47,104,4.375,12.625,213.50,2.014
2026,2026-05-25,2026-09-07,60,108,15,48,104,4.625,12.625,212.25,2.002
2026,2026-05-25,2026-09-07,60,108,15,49,104,4.875,12.625,217.00,2.047
2026,2026-05-25,2026-09-07,60,108,15,50,104,5.125,12.625,217.50,2.052
2026,2026-05-25,2026-09-07,60,108,15,51,104,5.375,12.625,221.00,2.085
2026,2026-05-25,2026-09-07,60,108,15,52,104,5.625,12.625,223.25,2.106
2026,2026-05-25,2026-09-07,60,108,15,53,104,5.875,12.625,215.25,2.031
2026,2026-05-25,2026-09-07,60,108,15,54,104,6.125,12.625,212.75,2.007
2026,2026-05-25,2026-09-07,60,108,15,55,104,6.375,12.625,209.50,1.976
2026,2026-05-25,2026-09-07,60,108,15,56,104,6.625,12.625,208.50,1.967
2026,2026-05-25,2026-09-07,60,108,15,57,104,6.875,12.625,212.75,2.007
2026,2026-05-25,2026-09-07,60,108,15,58,104,7.125,12.625,217.00,2.047
2026,2026-05-25,2026-09-07,60,108,15,59,104,7.375,12.625,220.25,2.078
2026,2026-05-25,2026-09-07,60,108,15,0,105,-7.375,12.875,210.50,1.986
2026,2026-05-25,2026-09-07,60,108,15,1,105,-7.125,12.875,213.00,2.009
2026,2026-05-25,2026-09-07,60,108,15,2,105,-6.875,12.875,214.75,2.026
2026,2026-05-25,2026-09-07,60,108,15,3,105,-6.625,12.875,216.25,2.040
2026,2026-05-25,2026-09-07,60,108,15,4,105,-6.375,12.875,216.50,2.042
2026,2026-05-25,2026-09-07,60,108,15,5,105,-6.125,12.875,213.75,2.017
2026,2026-05-25,2026-09-07,60,108,15,6,105,-5.875,12.875,210.75,1.988
2026,2026-05-25,2026-09-07,60,108,15,7,105,-5.625,12.875,214.25,2.021
2026,2026-05-25,2026-09-07,60,108,15,8,105,-5.375,12.875,215.75,2.035
2026,2026-05-25,2026-09-07,60,108,15,9,105,-5.125,12.875,218.25,2.059
2026,2026-05-25,2026-09-07,60,108,15,10,105,-4.875,12.875,220.50,2.080
2026,2026-05-25,2026-09-07,60,108,15,11,105,-4.625,12.875,219.00,2.066
2026,2026-05-25,2026-09-07,60,108,15,12,105,-4.375,12.875,216.50,2.042
2026,2026-05-25,2026-09-07,60,108,15,13,105,-4.125,12.875,216.00,2.038
2026,2026-05-25,2026-09-07,60,108,15,14,105,-3.875,12.875,219.75,2.073
2026,2026-05-25,2026-09-07,60,108,15,15,105,-3.625,12.875,217.00,2.047
2026,2026-05-25,2026-09-07,60,108,15,16,105,-3.375,12.875,218.75,2.064
2026,2026-05-25,2026-09-07,60,108,15,17,105,-3.125,12.875,221.00,2.085
2026,2026-05-25,2026-09-07,60,108,15,18,105,-2.875,12.875,221.00,2.085
2026,2026-05-25,2026-09-07,60,108,15,19,105,-2.625,12.875,220.00,2.075
2026,2026-05-25,2026-09-07,60,108,15,20,105,-2.375,12.875,220.75,2.083
2026,2026-05-25,2026-09-07,60,108,15,21,105,-2.125,12.875,222.50,2.099
2026,2026-05-25,2026-09-07,60,108,15,22,105,-1.875,12.875,218.00,2.057
2026,2026-05-25,2026-09-07,60,108,15,23,105,-1.625,12.875,219.25,2.068
2026,2026-05-25,2026-09-07,60,108,15,24,105,-1.375,12.875,220.75,2.083
2026,2026-05-25,2026-09-07,60,108,15,25,105,-1.125,12.875,220.00,2.075
2026,2026-05-25,2026-09-07,60,108,15,26,105,-0.875,12.875,219.25,2.068
2026,2026-05-25,2026-09-07,60,108,15,27,105,-0.625,12.875,222.25,2.097
2026,2026-05-25,2026-09-07,60,108,15,28,105,-0.375,12.875,226.75,2.139
2026,2026-05-25,2026-09-07,60,108,15,29,105,-0.125,12.875,219.50,2.071
2026,2026-05-25,2026-09-07,60,108,15,30,105,0.125,12.875,219.25,2.068
2026,2026-05-25,2026-09-07,60,108,15,31,105,0.375,12.875,220.25,2.078
2026,2026-05-25,2026-09-07,60,108,15,32,105,0.625,12.875,219.25,2.068
2026,2026-05-25,2026-09-07,60,108,15,33,105,0.875,12.875,218.00,2.057
2026,2026-05-25,2026-09-07,60,108,15,34,105,1.125,12.875,220.25,2.078
2026,2026-05-25,2026-09-07,60,108,15,35,105,1.375,12.875,224.25,2.116
2026,2026-05-25,2026-09-07,60,108,15,36,105,1.625,12.875,222.75,2.101
2026,2026-05-25,2026-09-07,60,108,15,37,105,1.875,12.875,226.25,2.134
2026,2026-05-25,2026-09-07,60,108,15,38,105,2.125,12.875,218.00,2.057
2026,2026-05-25,2026-09-07,60,108,15,39,105,2.375,12.875,217.75,2.054
2026,2026-05-25,2026-09-07,60,108,15,40,105,2.625,12.875,216.50,2.042
2026,2026-05-25,2026-09-07,60,108,15,41,105,2.875,12.875,215.75,2.035
2026,2026-05-25,2026-09-07,60,108,15,42,105,3.125,12.875,221.25,2.087
2026,2026-05-25,2026-09-07,60,108,15,43,105,3.375,12.875,220.50,2.080
2026,2026-05-25,2026-09-07,60,108,15,44,105,3.625,12.875,223.75,2.111
2026,2026-05-25,2026-09-07,60,108,15,45,105,3.875,12.875,220.50,2.080
2026,2026-05-25,2026-09-07,60,108,15,46,105,4.125,12.875,216.25,2.040
2026,2026-05-25,2026-09-07,60,108,15,47,105,4.375,12.875,213.50,2.014
2026,2026-05-25,2026-09-07,60,108,15,48,105,4.625,12.875,212.25,2.002
2026,2026-05-25,2026-09-07,60,108,15,49,105,4.875,12.875,217.00,2.047
2026,2026-05-25,2026-09-07,60,108,15,50,105,5.125,12.875,217.50,2.052
2026,2026-05-25,2026-09-07,60,108,15,51,105,5.375,12.875,221.00,2.085
2026,2026-05-25,2026-09-07,60,108,15,52,105,5.625,12.875,223.25,2.106
2026,2026-05-25,2026-09-07,60,108,15,53,105,5.875,12.875,215.25,2.031
2026,2026-05-25,2026-09-07,60,108,15,54,105,6.125,12.875,212.75,2.007
2026,2026-05-25,2026-09-07,60,108,15,55,105,6.375,12.875,209.50,1.976
2026,2026-05-25,2026-09-07,60,108,15,56,105,6.625,12.875,208.50,1.967
2026,2026-05-25,2026-09-07,60,108,15,57,105,6.875,12.875,212.75,2.007
2026,2026-05-25,2026-09-07,60,108,15,58,105,7.125,12.875,217.00,2.047
2026,2026-05-25,2026-09-07,60,108,15,59,105,7.375,12.875,220.25,2.078
2026,2026-05-25,2026-09-07,60,108,15,0,106,-7.375,13.125,210.50,1.986
2026,2026-05-25,2026-09-07,60,108,15,1,106,-7.125,13.125,213.00,2.009
2026,2026-05-25,2026-09-07,60,108,15,2,106,-6.875,13.125,214.75,2.026
2026,2026-05-25,2026-09-07,60,108,15,3,106,-6.625,13.125,216.25,2.040
2026,2026-05-25,2026-09-07,60,108,15,4,106,-6.375,13.125,216.50,2.042
2026,2026-05-25,2026-09-07,60,108,15,5,106,-6.125,13.125,213.75,2.017
2026,2026-05-25,2026-09-07,60,108,15,6,106,-5.875,13.125,210.75,1.988
2026,2026-05-25,2026-09-07,60,108,15,7,106,-5.625,13.125,214.25,2.021
2026,2026-05-25,2026-09-07,60,108,15,8,106,-5.375,13.125,215.75,2.035
2026,2026-05-25,2026-09-07,60,108,15,9,106,-5.125,13.125,218.25,2.059
2026,2026-05-25,2026-09-07,60,108,15,10,106,-4.875,13.125,220.50,2.080
2026,2026-05-25,2026-09-07,60,108,15,11,106,-4.625,13.125,219.00,2.066
2026,2026-05-25,2026-09-07,60,108,15,12,106,-4.375,13.125,216.50,2.042
2026,2026-05-25,2026-09-07,60,108,15,13,106,-4.125,13.125,216.00,2.038
2026,2026-05-25,2026-09-07,60,108,15,14,106,-3.875,13.125,219.75,2.073
2026,2026-05-25,2026-09-07,60,108,15,15,106,-3.625,13.125,217.00,2.047
2026,2026-05-25,2026-09-07,60,108,15,16,106,-3.375,13.125,218.75,2.064
2026,2026-05-25,2026-09-07,60,108,15,17,106,-3.125,13.125,221.00,2.085
2026,2026-05-25,2026-09-07,60,108,15,18,106,-2.875,13.125,221.00,2.085
2026,2026-05-25,2026-09-07,60,108,15,19,106,-2.625,13.125,220.00,2.075
2026,2026-05-25,2026-09-07,60,108,15,20,106,-2.375,13.125,220.75,2.083
2026,2026-05-25,2026-09-07,60,108,15,21,106,-2.125,13.125,222.50,2.099
2026,2026-05-25,2026-09-07,60,108,15,22,106,-1.875,13.125,218.00,2.057
2026,2026-05-25,2026-09-07,60,108,15,23,106,-1.625,13.125,219.25,2.068
2026,2026-05-25,2026-09-07,60,108,15,24,106,-1.375,13.125,220.75,2.083
2026,2026-05-25,2026-09-07,60,108,15,25,106,-1.125,13.125,220.00,2.075
2026,2026-05-25,2026-09-07,60,108,15,26,106,-0.875,13.125,219.25,2.068
2026,2026-05-25,2026-09-07,60,108,15,27,106,-0.625,13.125,222.25,2.097
2026,2026-05-25,2026-09-07,60,108,15,28,106,-0.375,13.125,226.75,2.139
2026,2026-05-25,2026-09-07,60,108,15,29,106,-0.125,13.125,219.50,2.071
2026,2026-05-25,2026-09-07,60,108,15,30,106,0.125,13.125,219.25,2.068
2026,2026-05-25,2026-09-07,60,108,15,31,106,0.375,13.125,220.25,2.078
2026,2026-05-25,2026-09-07,60,108,15,32,106,0.625,13.125,219.25,2.068
2026,2026-05-25,2026-09-07,60,108,15,33,106,0.875,13.125,218.00,2.057
2026,2026-05-25,2026-09-07,60,108,15,34,106,1.125,13.125,220.25,2.078
2026,2026-05-25,2026-09-07,60,108,15,35,106,1.375,13.125,224.25,2.116
2026,2026-05-25,2026-09-07,60,108,15,36,106,1.625,13.125,222.75,2.101
2026,2026-05-25,2026-09-07,60,108,15,37,106,1.875,13.125,226.25,2.134
2026,2026-05-25,2026-09-07,60,108,15,38,106,2.125,13.125,218.00,2.057
2026,2026-05-25,2026-09-07,60,108,15,39,106,2.375,13.125,217.75,2.054
2026,2026-05-25,2026-09-07,60,108,15,40,106,2.625,13.125,216.50,2.042
2026,2026-05-25,2026-09-07,60,108,15,41,106,2.875,13.125,215.75,2.035
2026,2026-05-25,2026-09-07,60,108,15,42,106,3.125,13.125,221.25,2.087
2026,2026-05-25,2026-09-07,60,108,15,43,106,3.375,13.125,220.50,2.080
2026,2026-05-25,2026-09-07,60,108,15,44,106,3.625,13.125,223.75,2.111
2026,2026-05-25,2026-09-07,60,108,15,45,106,3.875,13.125,220.50,2.080
2026,2026-05-25,2026-09-07,60,108,15,46,106,4.125,13.125,216.25,2.040
2026,2026-05-25,2026-09-07,60,108,15,47,106,4.375,13.125,213.50,2.014
2026,2026-05-25,2026-09-07,60,108,15,48,106,4.625,13.125,212.25,2.002
2026,2026-05-25,2026-09-07,60,108,15,49,106,4.875,13.125,217.00,2.047
2026,2026-05-25,2026-09-07,60,108,15,50,106,5.125,13.125,217.50,2.052
2026,2026-05-25,2026-09-07,60,108,15,51,106,5.375,13.125,221.00,2.085
2026,2026-05-25,2026-09-07,60,108,15,52,106,5.625,13.125,223.25,2.106
2026,2026-05-25,2026-09-07,60,108,15,53,106,5.875,13.125,215.25,2.031
2026,2026-05-25,2026-09-07,60,108,15,54,106,6.125,13.125,212.75,2.007
2026,2026-05-25,2026-09-07,60,108,15,55,106,6.375,13.125,209.50,1.976
2026,2026-05-25,2026-09-07,60,108,15,56,106,6.625,13.125,208.50,1.967
2026,2026-05-25,2026-09-07,60,108,15,57,106,6.875,13.125,212.75,2.007
2026,2026-05-25,2026-09-07,60,108,15,58,106,7.125,13.125,217.00,2.047
2026,2026-05-25,2026-09-07,60,108,15,59,106,7.375,13.125,220.25,2.078
2026,2026-05-25,2026-09-07,60,108,15,0,107,-7.375,13.375,210.50,1.986
2026,2026-05-25,2026-09-07,60,108,15,1,107,-7.125,13.375,213.00,2.009
2026,2026-05-25,2026-09-07,60,108,15,2,107,-6.875,13.375,214.75,2.026
2026,2026-05-25,2026-09-07,60,108,15,3,107,-6.625,13.375,216.25,2.040
2026,2026-05-25,2026-09-07,60,108,15,4,107,-6.375,13.375,216.50,2.042
2026,2026-05-25,2026-09-07,60,108,15,5,107,-6.125,13.375,213.75,2.017
2026,2026-05-25,2026-09-07,60,108,15,6,107,-5.875,13.375,210.75,1.988
2026,2026-05-25,2026-09-07,60,108,15,7,107,-5.625,13.375,214.25,2.021
2026,2026-05-25,2026-09-07,60,108,15,8,107,-5.375,13.375,215.75,2.035
2026,2026-05-25,2026-09-07,60,108,15,9,107,-5.125,13.375,218.25,2.059
2026,2026-05-25,2026-09-07,60,108,15,10,107,-4.875,13.375,220.50,2.080
2026,2026-05-25,2026-09-07,60,108,15,11,107,-4.625,13.375,219.00,2.066
2026,2026-05-25,2026-09-07,60,108,15,12,107,-4.375,13.375,216.50,2.042
2026,2026-05-25,2026-09-07,60,108,15,13,107,-4.125,13.375,216.00,2.038
2026,2026-05-25,2026-09-07,60,108,15,14,107,-3.875,13.375,219.75,2.073
2026,2026-05-25,2026-09-07,60,108,15,15,107,-3.625,13.375,217.00,2.047
2026,2026-05-25,2026-09-07,60,108,15,16,107,-3.375,13.375,218.75,2.064
2026,2026-05-25,2026-09-07,60,108,15,17,107,-3.125,13.375,221.00,2.085
2026,2026-05-25,2026-09-07,60,108,15,18,107,-2.875,13.375,221.00,2.085
2026,2026-05-25,2026-09-07,60,108,15,19,107,-2.625,13.375,220.00,2.075
2026,2026-05-25,2026-09-07,60,108,15,20,107,-2.375,13.375,220.75,2.083
2026,2026-05-25,2026-09-07,60,108,15,21,107,-2.125,13.375,222.50,2.099
2026,2026-05-25,2026-09-07,60,108,15,22,107,-1.875,13.375,218.00,2.057
2026,2026-05-25,2026-09-07,60,108,15,23,107,-1.625,13.375,219.25,2.068
2026,2026-05-25,2026-09-07,60,108,15,24,107,-1.375,13.375,220.75,2.083
2026,2026-05-25,2026-09-07,60,108,15,25,107,-1.125,13.375,220.00,2.075
2026,2026-05-25,2026-09-07,60,108,15,26,107,-0.875,13.375,219.25,2.068
2026,2026-05-25,2026-09-07,60,108,15,27,107,-0.625,13.375,222.25,2.097
2026,2026-05-25,2026-09-07,60,108,15,28,107,-0.375,13.375,226.75,2.139
2026,2026-05-25,2026-09-07,60,108,15,29,107,-0.125,13.375,219.50,2.071
2026,2026-05-25,2026-09-07,60,108,15,30,107,0.125,13.375,219.25,2.068
2026,2026-05-25,2026-09-07,60,108,15,31,107,0.375,13.375,220.25,2.078
2026,2026-05-25,2026-09-07,60,108,15,32,107,0.625,13.375,219.25,2.068
2026,2026-05-25,2026-09-07,60,108,15,33,107,0.875,13.375,218.00,2.057
2026,2026-05-25,2026-09-07,60,108,15,34,107,1.125,13.375,220.25,2.078
2026,2026-05-25,2026-09-07,60,108,15,35,107,1.375,13.375,224.25,2.116
2026,2026-05-25,2026-09-07,60,108,15,36,107,1.625,13.375,222.75,2.101
2026,2026-05-25,2026-09-07,60,108,15,37,107,1.875,13.375,226.25,2.134
2026,2026-05-25,2026-09-07,60,108,15,38,107,2.125,13.375,218.00,2.057
2026,2026-05-25,2026-09-07,60,108,15,39,107,2.375,13.375,217.75,2.054
2026,2026-05-25,2026-09-07,60,108,15,40,107,2.625,13.375,216.50,2.042
2026,2026-05-25,2026-09-07,60,108,15,41,107,2.875,13.375,215.75,2.035
2026,2026-05-25,2026-09-07,60,108,15,42,107,3.125,13.375,221.25,2.087
2026,2026-05-25,2026-09-07,60,108,15,43,107,3.375,13.375,220.50,2.080
2026,2026-05-25,2026-09-07,60,108,15,44,107,3.625,13.375,223.75,2.111
2026,2026-05-25,2026-09-07,60,108,15,45,107,3.875,13.375,220.50,2.080
2026,2026-05-25,2026-09-07,60,108,15,46,107,4.125,13.375,216.25,2.040
2026,2026-05-25,2026-09-07,60,108,15,47,107,4.375,13.375,213.50,2.014
2026,2026-05-25,2026-09-07,60,108,15,48,107,4.625,13.375,212.25,2.002
2026,2026-05-25,2026-09-07,60,108,15,49,107,4.875,13.375,217.00,2.047
2026,2026-05-25,2026-09-07,60,108,15,50,107,5.125,13.375,217.50,2.052
2026,2026-05-25,2026-09-07,60,108,15,51,107,5.375,13.375,221.00,2.085
2026,2026-05-25,2026-09-07,60,108,15,52,107,5.625,13.375,223.25,2.106
2026,2026-05-25,2026-09-07,60,108,15,53,107,5.875,13.375,215.25,2.031
2026,2026-05-25,2026-09-07,60,108,15,54,107,6.125,13.375,212.75,2.007
2026,2026-05-25,2026-09-07,60,108,15,55,107,6.375,13.375,209.50,1.976
2026,2026-05-25,2026-09-07,60,108,15,56,107,6.625,13.375,208.50,1.967
2026,2026-05-25,2026-09-07,60,108,15,57,107,6.875,13.375,212.75,2.007
2026,2026-05-25,2026-09-07,60,108,15,58,107,7.125,13.375,217.00,2.047
2026,2026-05-25,2026-09-07,60,108,15,59,107,7.375,13.375,220.25,2.078
